"DateActual","SawSqFt","WJLinFt","WJSqFt","CutSqFt","CommanduliLinFt","CommanduliSqFt","LCRLinFt","LCRSqFt","SpeedSqFt","MaximaSqFt","ConceptSqFt","ResurfaceSqFt","RegFabSqFt","RegFabLinFt","HWSqFt","MiterSqFt","MiterLinFt","TotalSqFt","AvgSqFt","Notes"
"7/17/2019 12:00:25 AM","410.3","0","41.8","452.1","52","71.6","394.2","413.49999999999994","135.1","118.09999999999998","145.6","117.6","573.0500000000001","508.6999999999999","573.0500000000001","81.6","106.8","654.7","",""
"7/18/2019 12:00:20 AM","401.20000000000005","0","0","401.20000000000005","0","0","291.5","242.4","505.70000000000005","68.1","48.7","0","257.2","337.79999999999995","257.2","0","0","257.2","",""
"7/19/2019 12:00:10 AM","137","0","98.5","235.5","0","0","288.7","291.8","193.60000000000002","153.8","40.2","517.3","502.1","462.49999999999994","502.1","0","0","502.1","461.1400000000001",""
"7/20/2019 12:00:17 AM","0","0","0","0","0","0","0","0","0","0","0","0","0","0","0","0","0","0","",""
"7/21/2019 12:00:02 AM","0","0","0","0","0","0","0","0","0","0","0","0","0","0","0","0","0","0","",""
"7/22/2019 12:00:30 AM","316.5","0","0","316.5","0","0","36","46.2","100.5","122.4","114.3","0","312.3","344.2","312.3","0","0","312.3","",""
"7/23/2019 12:00:12 AM","334.8","0","17","351.8","0","0","152.7","237.39999999999998","97.69999999999999","182.8","97.3","110.2","180.2","173.50000000000003","180.2","78.3","0","258.5","",""
"7/24/2019 12:00:06 AM","297.35","0","0","297.35","0","0","155.2","180.8","0","86","122.30000000000001","130","285.29999999999995","260.9","285.29999999999995","136.8","14.3","422.1","",""
"7/25/2019 12:00:08 AM","132.6","0","331.2","463.79999999999995","27","137.7","116.10000000000001","103.6","234.1","118.30000000000001","85","0","264.65","210.70000000000002","264.65","53","0","317.6","",""
"7/26/2019 12:00:07 AM","159.79999999999998","0","0","159.79999999999998","0","33.5","93.6","117.29999999999998","43","100.3","92.4","102","451","402.20000000000005","451","64.5","0","515.5","365.20000000000005",""
"7/27/2019 12:00:17 AM","0","0","0","0","0","0","0","0","0","0","0","0","0","0","0","0","0","0","",""
"7/28/2019 12:00:01 AM","0","0","0","0","0","0","0","0","0","0","0","0","0","0","0","0","0","0","",""
"7/29/2019 12:00:02 AM","561.6999999999999","0","0","561.6999999999999","45.9","96.3","109.9","94","0","0","0","0","157.9","159.9","157.9","0","0","157.9","",""
"7/30/2019 12:00:19 AM","195.8","0","4.8","200.60000000000002","87","71.1","65.3","55","138.2","104.10000000000001","176.5","138.4","224.29999999999998","212.1","224.29999999999998","165.6","161.9","389.9","",""
"7/31/2019 12:00:25 AM","406.9","0","0","406.9","109.8","77.6","0","0","245.2","124.19999999999999","81.2","0","103.85","87.7","103.85","0","0","103.8","",""
"8/1/2019 12:00:04 AM","173.60000000000002","0","85.10000000000001","258.70000000000005","0","0","58.5","79.8","158.2","236.79999999999998","59.9","175","370","311.8","370","128","140.4","498","",""
"8/2/2019 12:00:31 AM","310.90000000000003","0","0","310.90000000000003","0","0","61.9","94.2","0","0","0","0","271.09999999999997","235.2","271.09999999999997","55.2","0","326.3","295.18",""
"8/3/2019 12:00:16 AM","0","0","0","0","0","0","0","0","0","0","0","0","0","0","0","0","0","0","",""
"8/4/2019 12:00:05 AM","0","0","0","0","0","0","0","0","0","0","0","0","0","0","0","0","0","0","",""
"8/5/2019 12:00:11 AM","434.69999999999993","0","0","434.69999999999993","11.5","25.2","179.8","200.2","78.5","185.9","49.5","240.39999999999998","219.2","231.5","219.2","0","0","219.2","",""
"8/6/2019 12:00:05 AM","660.6","25.8","25.8","686.4","0","0","191.79999999999998","193.4","288.5","136.1","84.30000000000001","540.5","176.2","125.30000000000001","176.2","14.9","22.2","191.1","",""
"8/7/2019 12:00:09 AM","428","0","160.89999999999998","588.9","83.9","100.5","126.5","143.6","91.4","129.6","110.4","43.2","216.1","173.6","216.1","36.3","0","252.4","",""
"8/8/2019 12:00:11 AM","484.2","76.4","77.2","561.4","148.4","81.19999999999999","31.9","24.6","64.7","203.8","98.8","0","299.9","411.1","299.9","94.8","0","394.7","",""
"8/9/2019 12:00:26 AM","66.3","0","0","66.3","0","0","152.2","455","236.6","136.9","12.3","163.8","530.1999999999999","441.7","530.1999999999999","125.10000000000001","87.19999999999999","655.3","342.53999999999996",""
"8/10/2019 12:00:22 AM","0","0","0","0","0","0","0","0","0","194.10000000000002","37.9","0","0","0","0","0","0","0","",""
"8/11/2019 12:00:17 AM","0","0","0","0","0","0","0","0","0","0","0","0","0","0","0","0","0","0","",""
"8/12/2019 12:00:28 AM","249","0","72.2","321.2","29","21.3","88","91","184.3","0","37.6","0","401.6","395.3","401.6","0","0","401.6","",""
"8/13/2019 12:00:11 AM","277.7","0","0","277.7","0","0","138.5","293.7","104.6","0","0","0","120.49999999999999","81.1","120.49999999999999","136.9","0","257.4","",""
"8/14/2019 12:00:07 AM","179.7","0","183.9","363.6","0","0","121.19999999999999","217.2","204","0","193.7","0","63.300000000000004","102.5","63.300000000000004","0","0","63.3","",""
"8/15/2019 12:00:14 AM","358.8","142.4","62","420.8","23.2","13.600000000000001","73","180","31.1","0","52.6","0","220.10000000000002","169.79999999999998","220.10000000000002","0","0","220.1","",""
"8/16/2019 12:00:26 AM","497.2","0","0","497.2","64.6","87.1","64.9","71.2","183.6","300","97.1","115.4","432.20000000000005","307.6","432.20000000000005","0","0","432.2","274.92",""
"8/17/2019 12:00:14 AM","317.70000000000005","0","0","317.70000000000005","0","0","0","0","0","0","0","0","0","0","0","0","0","0","",""
"8/18/2019","0","0","0","0","0","0","0","0","0","0","0","0","0","0","0","0","0","0","",""
"8/19/2019 12:00:10 AM","1064.6","0","216.2","1280.8","54.699999999999996","58.3","84.5","151.9","169.2","156.89999999999998","46.800000000000004","1072.4","229.89999999999998","268","229.89999999999998","300","0","529.9","",""
"8/20/2019 12:00:20 AM","613.4","0","172.8","786.2","3.7","7.1","193.9","255.89999999999998","0","146.5","131.7","98.9","398.7","401.4000000000001","398.7","0","0","398.7","",""
"8/21/2019 12:00:03 AM","443.8","0","40.5","484.3","18.7","12.9","140","186.4","208.4","71.3","43.1","0","252.90000000000003","288.79999999999995","252.90000000000003","0","0","252.9","",""
"8/22/2019 12:00:03 AM","428.6","0","131.7","560.3","83","70.5","120.30000000000001","156.8","539.0999999999999","120.5","135.9","0","204.00000000000003","189.5","204.00000000000003","0","0","204","",""
"8/23/2019 12:00:04 AM","421.4","0","187","608.4","53.7","42.099999999999994","95.6","311.8","200.9","164.89999999999998","60.1","0","335.5","307.1","335.5","0","0","335.5","344.20000000000005",""
"8/24/2019 12:00:33 AM","0","0","0","0","0","0","0","0","41.8","46.5","114.4","0","59.300000000000004","26.8","59.300000000000004","20.9","12.5","80.2","",""
"8/25/2019 12:00:15 AM","0","0","0","0","0","0","0","0","0","0","0","0","0","0","0","0","0","0","",""
"8/26/2019 12:00:29 AM","422.5","0","101","523.5","28.5","110.5","0","0","79.1","90.2","33.8","0","441.80000000000007","403.20000000000005","441.80000000000007","0","0","441.8","",""
"8/27/2019 12:00:16 AM","511.6","0","0","511.6","0","0","82.4","192.5","168.8","207.10000000000002","84.8","0","372.40000000000003","340.19999999999993","372.40000000000003","0","0","372.4","",""
"8/28/2019 12:00:29 AM","709.1000000000001","0","0","709.1000000000001","43","55.8","200.1","287.8","143.4","118.1","25.9","341.7","730.1","698.7","730.1","0","0","730.1","",""
"6/4/2019 12:00:18 AM","290.30999999999995","0","176.2","466.50999999999993","63.2","83.3","28.700000000000003","107.7","0","283.59999999999997","0","0","403.3","288.5","403.3","106.9","58.4","510.2","",""
"6/5/2019 12:00:34 AM","547.0999999999999","0","0","547.0999999999999","28","21.5","45.7","72.9","256.4","0","169.20000000000002","0","225.1","162.20000000000002","225.1","84.5","7.3","309.6","",""
"6/6/2019 12:00:27 AM","661.3000000000001","0","0","661.3000000000001","0","124.9","71.3","174","9","228.7","93.9","0","442.5","365.5","442.5","0","0","442.5","",""
"6/7/2019 12:00:17 AM","429.20000000000005","0","0","429.20000000000005","0","0","253.8","256.4","75.8","51","152.7","0","594.7","525.6","594.7","81.7","0","676.4","437.62",""
"6/8/2019 12:00:17 AM","0","0","0","0","0","0","0","0","195.7","164.3","41.2","0","349.59999999999997","294","349.59999999999997","0","0","349.6","",""
"6/9/2019 12:00:20 AM","0","0","0","0","0","0","144.1","226.5","183.7","0","0","0","0","0","0","0","0","0","",""
"6/10/2019 12:00:19 AM","523","0","37.6","560.6","0","0","269.4","359.2","0","0","0","0","135.89999999999998","74.7","135.89999999999998","0","0","135.9","",""
"6/11/2019 12:00:28 AM","313.09999999999997","0","71.8","384.9","28.4","23","245.5","236.20999999999998","318","84.7","23","0","346.7","317.2","346.7","250.29999999999998","0","597","",""
"6/12/2019 12:00:26 AM","376.40000000000003","0","0","376.40000000000003","0","0","78.1","104","77.30000000000001","115.19999999999999","96.2","243.2","148.5","162.5","148.5","0","0","148.5","",""
"6/13/2019 12:00:06 AM","571.5","0","0","571.5","16.8","32.2","381.2","285.5","101.6","0","48.6","0","569.3","460.00000000000006","569.3","0","0","569.3","",""
"6/14/2019 12:00:23 AM","432","0","0","432","0","0","104.8","219.70000000000002","0","52.5","151.1","354.6","316.6","271.9","316.6","0","0","316.6","353.46",""
"6/15/2019 12:00:18 AM","456.90000000000003","0","0","456.90000000000003","0","0","16.9","15.4","0","0","0","0","43.91","43.50000000000001","43.91","0","0","43.9","",""
"6/16/2019 12:00:23 AM","0","0","0","0","0","0","0","0","0","0","0","0","0","0","0","0","0","0","",""
"6/17/2019 12:00:10 AM","844.9999999999998","0","0","844.9999999999998","0","0","223.99999999999997","208.6","0","0","0","0","344","313.7","344","46.9","46.3","390.9","",""
"6/18/2019 12:00:30 AM","486.5","0","0","486.5","63.2","55.099999999999994","123.70000000000002","165.10000000000002","0","0","0","258.1","362.19999999999993","376.4","362.19999999999993","0","0","362.2","",""
"6/19/2019 12:00:16 AM","722.2","0","398.4","1120.6","19.5","103.7","79.80000000000001","189.7","139.5","281","193.29999999999995","0","341.49999999999994","409.7","341.49999999999994","0","0","341.5","",""
"6/20/2019 12:00:05 AM","384.4","202.6","95","479.4","50.599999999999994","228.89999999999998","154.2","121.60000000000001","396.1","94.60000000000001","165.5","0","579.3000000000001","628.7","579.3000000000001","31.8","0","611.1","",""
"6/21/2019 12:00:10 AM","410","0","0","410","176.3","146.6","143.6","183.2","0","0","0","79.4","214","163.2","214","33.9","34.7","247.9","390.72",""
"6/22/2019 12:00:15 AM","0","0","30.4","30.4","23.8","22.7","158.20000000000002","240.10000000000002","0","191.4","14.3","0","93.19999999999999","109.2","93.19999999999999","14.3","0","107.5","",""
"6/23/2019 12:00:25 AM","0","0","0","0","0","0","0","0","0","0","0","0","0","0","0","0","0","0","",""
"6/24/2019 12:00:30 AM","760.5999999999999","0","0","760.5999999999999","36.3","152.3","38.9","51.7","0","0","0","135.39999999999998","408.9","311.70000000000005","408.9","0","0","408.9","",""
"6/25/2019 12:00:12 AM","429.4","0","44.1","473.5","0","0","80.2","95.8","0","0","0","0","507.8","459.2","507.8","0","0","507.8","",""
"6/26/2019 12:00:19 AM","754.1","0","0","754.1","112.3","143.3","16.2","15.2","0","0","0","0","195.8","141.7","195.8","226.3","234.4","422.1","",""
"6/27/2019 12:00:29 AM","134.4","0","0","134.4","0","0","63.6","217.8","0","0","0","123.2","247.3","207.5","247.3","94.8","0","342.1","",""
"6/28/2019 12:00:27 AM","391.99999999999994","0","473.4","865.3999999999999","22.7","30.5","75.8","70","0","0","0","153","576.3000000000001","","576.3000000000001","300.8","132.1","877.1","511.6",""
"6/29/2019 12:00:27 AM","0","0","0","0","0","0","0","0","0","0","0","0","107.9","65.89999999999999","107.9","0","0","107.9","",""
"6/30/2019 12:00:20 AM","0","0","0","0","0","0","0","0","0","0","0","0","0","0","0","0","0","0","",""
"7/1/2019 12:00:08 AM","130.8","0","225.99999999999997","356.79999999999995","0","0","0","0","0","0","0","0","291.7999999999999","233.8","291.7999999999999","0","0","291.8","",""
"7/2/2019 12:00:03 AM","390.5","0","0","390.5","22","34","34.7","33.3","0","0","0","0","391.5","314.40000000000003","391.5","88.5","37","480","",""
"7/3/2019 12:00:28 AM","556.1","0","0","556.1","6.3","16.5","225.7","393.79999999999995","0","0","0","282","393.7","251.79999999999998","393.7","12","6.1","405.7","",""
"7/4/2019 12:00:23 AM","0","0","0","0","0","0","0","0","0","0","0","0","0","0","0","0","0","0","",""
"7/5/2019 12:00:16 AM","499.1","0","88.6","587.7","0","0","142.10000000000002","162.2","0","0","0","0","288.3","122.30000000000001","288.3","0","0","288.3","293.16",""
"7/6/2019 12:00:22 AM","0","0","0","0","0","0","0","0","0","0","0","0","321.9","285.6","321.9","44.3","55.6","366.2","",""
"7/7/2019 12:00:05 AM","0","0","0","0","0","0","0","0","0","0","0","0","0","0","0","0","0","0","",""
"7/8/2019 12:00:05 AM","473.7","0","145.3","619","0","0","345.20000000000005","472.29999999999995","458.09999999999997","686.4999999999999","802.4000000000002","0","248.4","216.05","248.4","0","0","248.4","",""
"7/9/2019 12:00:05 AM","87.69999999999999","0","105.7","193.39999999999998","3.1","89.6","153.7","258.9","649","898.8999999999996","153.8","0","596.4","434.8","596.4","170.8","119.30000000000001","767.2","",""
"7/10/2019 12:00:26 AM","116.2","0","33.5","149.7","0","0","93.5","261.2","1036.1000000000001","544.6","717.0999999999998","0","151.7","144.2","151.7","0","0","151.7","",""
"7/11/2019 12:00:31 AM","248.3","0","73.5","321.8","15.1","11.5","186.2","182.1","1340.2","841.9","487.2099999999999","0","549.1999999999999","391.8999999999999","549.1999999999999","81.1","63.3","630.3","",""
"7/12/2019 12:00:03 AM","517.3000000000001","0","208.8","726.1000000000001","35.3","48.9","28.1","37.800000000000004","55.7","95.4","129.9","0","239","176.79999999999998","239","28.8","20.1","267.8","413.08000000000004",""
"7/13/2019 12:00:05 AM","0","0","0","0","0","0","0","0","0","0","0","0","0","0","0","0","0","0","",""
"7/14/2019 12:00:12 AM","0","0","0","0","0","0","0","0","0","0","0","0","0","0","0","0","0","0","",""
"7/15/2019 12:00:03 AM","546.7","0","0","546.7","0","0","166.29999999999998","180.5","188.2","0","176.6","215.2","554.1","384.1","554.1","126.9","119.6","681","",""
"7/16/2019 12:00:30 AM","512.9","0","0","512.9","4","1.4","77","129.1","202.4","138.3","107.6","0","194.35","164.7","194.35","16.3","36.8","210.7","",""
"5/14/2019 12:00:15 AM","227.2","0","0","227.2","150.8","120.1","57.599999999999994","228","38.6","0","183.3","86","678","368.59999999999997","807.2999999999998","288.6","334.9","966.6","",""
"5/15/2019 12:00:01 AM","285.93","0","0","285.93","0","0","28.3","234.3","0","0","219","0","484.5","319.9","484.5","70.9","15.6","555.4","",""
"5/16/2019 12:00:22 AM","410.29999999999995","0","0","410.29999999999995","7.4","11","158.7","137.7","0","0","263.9","0","332.20000000000005","250.79999999999998","332.20000000000005","0","0","332.2","",""
"5/17/2019 12:00:18 AM","309.2","0","0","309.2","92.4","46.7","139.9","108","0","0","224","0","334.20000000000005","178.9","334.20000000000005","21.63","50.2","355.8","520.54",""
"5/18/2019 12:00:18 AM","190.4","0","0","190.4","0","0","0","0","0","0","0","0","0","0","0","46.7","0","46.7","",""
"5/19/2019 12:00:10 AM","0","0","0","0","0","0","0","0","0","0","0","0","0","0","0","0","0","0","",""
"5/20/2019 12:00:14 AM","245.4","0","0","245.4","48.1","45.3","139.7","201.5","0","37.2","46.7","61.3","360.29999999999995","229.2","360.29999999999995","0","0","360.3","",""
"5/21/2019 12:00:29 AM","155","0","0","155","49.5","78.89999999999999","123.1","104.9","0","0","194.5","0","398.5","359","398.5","0","0","398.5","",""
"5/22/2019 12:00:15 AM","398.3000000000001","0","0","398.3000000000001","39.099999999999994","41.3","103.5","135","0","0","350.20000000000005","0","435.79999999999995","419.99999999999994","435.79999999999995","54.599999999999994","74.8","490.4","",""
"5/23/2019 12:00:03 AM","346.8","0","0","346.8","61.2","72.4","99.9","93","0","28.6","39.900000000000006","0","154","198.2","154","133.70000000000002","124.2","287.7","",""
"5/24/2019 12:00:03 AM","301.3","0","0","301.3","0","0","94.10000000000001","90.60000000000001","0","0","391.40000000000003","0","103.80000000000001","76.6","103.80000000000001","0","0","103.8","328.14",""
"5/25/2019 12:00:30 AM","241.09999999999997","0","0","241.09999999999997","0","0","0","0","0","0","0","0","0","0","0","0","0","0","",""
"5/26/2019 12:00:31 AM","0","0","0","0","0","0","0","0","0","0","0","0","0","0","0","0","0","0","",""
"5/27/2019 12:00:25 AM","0","0","0","0","0","0","0","0","0","0","0","0","0","0","0","0","0","0","",""
"5/28/2019 12:00:02 AM","294.9","0","0","294.9","91.9","109.5","43.699999999999996","66.6","0","0","369.80000000000007","0","443.80000000000007","415.3","443.80000000000007","29.7","0","473.5","",""
"5/29/2019 12:00:06 AM","568","0","209.7","777.7","20.8","26.2","69.6","145.5","77.2","55.7","129","0","63.699999999999996","49.6","63.699999999999996","0","0","63.7","",""
"5/30/2019 12:00:28 AM","752.3","0","0","752.3","52.9","95.3","115.10000000000001","195.9","211.5","61.7","182.8","0","349.20000000000005","325.50000000000006","349.20000000000005","40.7","45.5","389.9","",""
"5/31/2019 12:00:13 AM","539.9","0","0","539.9","140.2","151.4","10.6","18.2","52.9","0","117.60000000000001","0","236.4","139","236.4","192.89999999999998","36.5","429.3","271.28000000000003",""
"6/1/2019 12:00:04 AM","0","0","0","0","0","0","0","0","0","0","0","0","0","0","0","0","0","0","","Testing"
"6/2/2019 12:00:10 AM","0","0","0","0","0","0","0","0","0","0","0","0","0","0","0","0","0","0","",""
"6/3/2019 12:00:01 AM","534.8","0","123.8","658.5999999999999","0","0","176.99999999999997","237.6","294.8","105.1","50","0","249.40000000000003","162.8","249.40000000000003","0","0","249.4","",""
"4/1/2019 2:16:30 PM","217.2","","85.6","302.79999999999995","42","95.7","58.3","62.4","161.1","117.8","102.3","333.2","422.1","357.5","0","109.7","172.1","531.8","",""
"4/2/2019","675.9","","50.3","726.1999999999999","12.4","16.2","127","105.4","118.5","48","154.9","230.2","427.4","378.6","0","2.5","0","429.9","",""
"4/3/2019 12:00:16 AM","378","126.2","111.6","489.6","11","7.9","175.4","167.5","95.6","97.1","81.7","0","324.1","297.2","13.1","52.1","133.7","376.2","",""
"4/4/2019 12:00:19 AM","120.7","30","56.5","177.2","94.7","113.7","61.4","52.9","278.4","114.4","55.8","0","357.1","308.1","15.9","24.900000000000002","21.5","382","",""
"4/5/2019 12:00:15 AM","397.7","113.5","148.4","546.1","69.6","69.2","109.3","115.9","165.3","126.1","49.900000000000006","0","389","340.9","40.2","188.1","107.9","577.1","459.40000000000003",""
"4/6/2019 12:00:14 AM","0","0","0","0","0","0","0","0","149.9","136.2","106.69999999999999","0","0","0","0","0","0","0","",""
"4/7/2019 12:00:28 AM","0","0","0","0","0","0","0","0","0","0","0","0","0","0","0","0","0","0","",""
"4/8/2019 12:00:25 AM","238.89999999999998","0","0","238.89999999999998","0","0","9.8","16.8","139.3","55.6","333.7","0","94.3","131.2","94.3","0","0","94.3","",""
"4/9/2019 12:00:21 AM","494.8","0","27.8","522.6","101.6","188.6","9.5","114.3","310.6","48","27.8","198.9","399.5","190.3","399.5","0","0","399.5","",""
"4/10/2019 12:00:13 AM","495.4","0","0","495.4","79.3","93.1","94.4","99.3","241.1","253.3","0","275.8","499","65","499","0","0","499","",""
"4/11/2019 12:00:28 AM","464.59999999999997","0","14","478.59999999999997","0","0","187.1","275.5","0","0","157.9","513.6","383.6","257","383.6","31.7","0","415.3","",""
"4/13/2019 12:00:38 AM","0","0","0","0","0","0","0","0","0","0","0","0","0","0","0","0","0","0","",""
"4/14/2019 12:00:03 AM","0","0","0","0","0","0","0","0","0","0","0","0","0","0","0","0","0","0","",""
"4/15/2019","536","0","0","536","2.9","36.5","82.5","217.3","346.9","46.2","235.2","96.4","335.1","335.1","335.1","57.1","30.3","392.2","",""
"4/16/2019","523.6","0","0","523.6","63","70.1","55.1","128","245.1","166.6","87.3","470.4","0","0","0","279.3","19","279.3","",""
"4/17/2019 12:00:22 AM","564.7","0","0","564.7","0","0","63.2","296","0","21","0","0","130.3","85","130.3","90.9","72.6","221.2","",""
"4/18/2019 12:00:16 AM","384.09999999999997","0","0","384.09999999999997","26.7","37.2","28.9","93.7","42.6","236.6","0","114","165.3","166","165.3","41.4","8.5","206.7","",""
"4/19/2019 12:00:27 AM","491","0","54.6","545.6","18.4","19.1","195.3","176.8","0","360.9","0","0","480.7","303.1","480.7","0","0","480.7","316.02000000000004",""
"4/20/2019 12:00:19 AM","0","0","0","0","0","0","0","0","0","0","0","0","0","0","0","0","0","0","",""
"4/21/2019 12:00:23 AM","0","0","0","0","0","0","0","0","0","0","0","0","0","0","0","0","0","0","",""
"4/22/2019 12:00:21 AM","334.1","0","43.9","378","36.9","53.2","154.2","309.7","100.8","53.8","186.8","140","416.5","379.3","416.5","30.1","8.5","446.6","",""
"4/23/2019 12:00:12 AM","361.7","0","99","460.7","59","94.7","156.1","247.3","195.3","78.5","20.6","0","471.8","440.6","365.9","105.9","91.6","577.7","",""
"4/24/2019 12:00:16 AM","255.10000000000002","0","0","255.10000000000002","8.4","73.3","10.8","207.3","75.8","181.7","77.5","0","371.8","426","402.1","0","0","371.8","",""
"4/25/2019","62.7","0","0","62.7","0","0","0","0","142.1","12.4","51.6","0","354.8","442.5","354.8","0","0","354.8","",""
"4/26/2019","447.29999999999995","0","58.3","505.59999999999997","0","0","43.4","59.4","238.5","231.3","126.1","164.1","545.8","390.2","307","41.5","60.9","587.3","467.64",""
"4/27/2019","0","0","0","0","0","0","0","0","0","0","0","0","0","0","0","0","0","0","",""
"4/28/2019","0","0","0","0","0","0","0","0","0","0","0","0","0","0","0","0","0","0","",""
"4/29/2019","88.1","0","137.6","225.7","35.3","31.3","252.8","383.3","321.4","74.5","112.9","0","398.6","365.17","398.6","116.3","120.6","514.9","",""
"4/30/2019 12:00:20 AM","121.9","0","150.2","272.1","0","0","56.6","142","231.7","134","85.7","0","159.2","154.1","159.2","0","0","159.2","",""
"4/12/2019","227.8","0","0","227.8","23.9","25.8","187.4","116.3","110.9","224.60000000000002","157.4","150.8","216.8","169.7","0","0","0","216.8","324.98",""
"5/1/2019 12:00:26 AM","486.60000000000014","0","0","486.60000000000014","0","0","58.6","129.4","0","203","67","0","291.40000000000003","208.59999999999997","291.40000000000003","176.5","0","467.9","",""
"5/2/2019 12:00:07 AM","389.59999999999997","581.2","425.8","815.4","27.4","45.5","74.8","164.6","267.9","0","36.2","0","94.4","109.5","94.4","116.3","120.6","210.7","",""
"5/3/2019 12:00:30 AM","238.5","0","74.5","313","42","170.40000000000003","112.89999999999999","149.20000000000002","283.6","0","533.6","122.4","395.20000000000005","303.4","395.20000000000005","0","0","395.2","349.58000000000004",""
"5/4/2019 12:00:09 AM","0","0","0","0","0","0","0","0","0","0","0","0","0","0","0","0","0","0","",""
"5/5/2019 12:00:15 AM","0","0","0","0","0","0","0","0","0","0","0","0","0","0","0","0","0","0","",""
"5/6/2019 12:00:15 AM","402.1","0","58.4","460.5","36.5","34.4","81.1","176.3","0","24.2","259.2","0","251.2","192.1","251.2","0","0","251.2","",""
"5/7/2019 12:00:15 AM","722.1999999999999","0","0","722.1999999999999","86.7","189.20000000000002","155.5","226.3","161.6","23.9","196.2","0","34.4","36.5","34.4","44.3","0","78.7","",""
"5/8/2019 12:00:06 AM","419.90000000000003","0","137.7","557.6","0","0","","708.2","309","0","280.7","0","261","207.29999999999998","261","168.9","292.9","429.9","",""
"5/9/2019 12:00:09 AM","170.10000000000005","0","279","449.1","38.8","43.4","188.20000000000002","207.3","0","0","304.7","1121.8","274.3","236.5","2311.5","168.9","35.6","443.2","",""
"5/10/2019 12:00:12 AM","345.90000000000003","0","0","345.90000000000003","8.9","8","115.3","173.1","0","102.89999999999999","576.5999999999999","0","70.1","4.9","70.1","11","0","81.1","256.82",""
"5/11/2019 12:00:29 AM","0","0","0","0","0","0","0","0","0","0","0","0","0","0","0","0","0","0","",""
"5/12/2019 12:00:16 AM","0","0","0","0","0","0","0","0","0","0","0","0","0","0","0","0","0","0","",""
"5/13/2019 12:00:07 AM","216.39999999999998","0","84.5","300.9","0","0","73.6","68.6","0","40.4","118.39999999999999","126.6","392.7","201","356","0","0","392.7","",""
"8/29/2019 12:00:16 AM","559.85","0","0","559.85","70.8","26.4","181.89999999999998","346.5","104.9","90.6","229.2","123.4","310","276.5","310","0","0","310","",""
"8/30/2019 12:00:12 AM","561.1","0","0","561.1","30.7","92.2","254.5","236","206.8","125.30000000000001","14.6","94.7","122.89999999999999","161.20000000000002","122.89999999999999","0","0","122.9","395.44000000000005",""
"8/31/2019 12:00:14 AM","0","0","0","0","0","0","0","0","140","0","112.89999999999999","0","0","0","0","0","0","0","",""
"9/1/2019 12:00:07 AM","0","0","0","0","0","0","0","0","0","0","0","0","0","0","0","0","0","0","",""
"9/2/2019 12:00:20 AM","0","0","0","0","0","0","0","0","0","0","0","0","0","0","0","0","0","0","",""
"9/3/2019 12:00:17 AM","203.4","29.3","63.800000000000004","267.2","118.50000000000001","190.6","0","0","146.9","116.7","74.8","0","287.95","333.7","287.95","90.2","100.8","378.1","",""
"9/5/2019 12:00:08 AM","421.6","0","287.1","708.7","201.4","182.9","9.2","24.5","183.1","123.3","165.5","0","423.7","462.6","423.7","0","0","423.7","",""
"9/6/2019 12:00:01 AM","377.79999999999995","0","99.19999999999999","476.99999999999994","31","38.4","191.49999999999997","154.7","73.69999999999999","61.7","60.4","0","809.9000000000001","901.3","809.9000000000001","45.7","0","855.6","",""
"9/7/2019 12:00:29 AM","0","0","0","0","0","0","0","0","0","0","0","0","0","0","0","0","0","0","",""
"9/8/2019 12:00:17 AM","0","0","0","0","0","0","0","0","0","0","0","0","0","0","0","0","0","0","",""
"9/9/2019 12:00:12 AM","567.3","0","0","567.3","92.10000000000001","192.3","103.4","107","169.9","107.4","11.8","0","390.9","461.59999999999997","390.9","6.5","9.9","397.4","",""
"9/10/2019 12:00:24 AM","445.45000000000005","0","0","445.45000000000005","133.4","155.20000000000002","44.5","68.4","0","0","0","392.29999999999995","425.9","486.90000000000003","425.9","0","0","425.9","",""
"9/11/2019 12:00:18 AM","311.8","0","234.8","546.6","0","0","175.8","226.2","368.6","125.8","137.7","0","375.59999999999997","292.4","375.59999999999997","0","0","375.6","",""
"9/12/2019 12:00:14 AM","693.8","0","0","693.8","0","0","75.30000000000001","139.6","0","0","0","0","352","405","352","0","0","352","",""
"9/13/2019 12:00:08 AM","332.9","0","104.3","437.2","52.1","182.3","34.800000000000004","113.80000000000001","624.4","392.6","154.49999999999997","60","607.2","603.8","607.2","0","0","607.2","431.6200000000001",""
"9/14/2019 12:04:07 AM","0","0","0","0","11.3","8.4","0","0","0","116.80000000000001","63.3","422.4","0","0","0","0","0","0","",""
"9/15/2019 12:00:28 AM","0","0","0","0","0","0","0","0","0","0","0","0","0","0","0","0","0","0","",""
"9/16/2019 12:00:06 AM","391.90000000000003","151.70000000000002","119.4","511.30000000000007","0","0","110.8","160.20000000000002","287.1","136.2","18.6","0","592.05","582.4","592.05","0","0","592","",""
"9/17/2019 12:00:08 AM","526.5","0","0","526.5","23","33","129.20000000000002","267.6","0","65.3","41.5","498.4","360","402","360","104.49999999999999","11.6","464.5","",""
"9/18/2019 12:00:22 AM","503.6","0","0","503.6","0","0","84","87.10000000000001","56.5","248","32.1","0","124.5","130","124.5","0","0","124.5","",""
"9/19/2019 12:00:29 AM","360.79999999999995","0","0","360.79999999999995","0","0","192.70000000000002","196.3","166.9","138.6","134.8","39","607.5","701","607.5","43.4","0","650.9","",""
"9/20/2019 12:00:31 AM","498.30000000000007","0","0","498.30000000000007","0","0","187.50000000000003","318.6","143","238.20000000000002","105.2","0","411.1","463.4","411.1","55.6","76.6","466.7","459.72",""
"9/21/2019 12:00:24 AM","0","0","0","0","0","0","0","0","0","0","0","0","0","0","0","0","0","0","",""
"9/22/2019 12:00:21 AM","0","0","0","0","0","0","0","0","0","0","0","0","0","0","0","0","0","0","",""
"9/23/2019 12:00:06 AM","523.7","0","115","638.7","0","0","57.800000000000004","111.8","151.6","294.6","64.30000000000001","0","669.1999999999999","692.0999999999999","669.1999999999999","61.9","45","731.1","",""
"9/24/2019","479","0","0","479","0","0","129.4","342.90000000000003","194","0","97.2","0","228.9","243.10000000000002","228.9","37.9","33.3","266.8","",""
"9/25/2019 12:00:04 AM","387.70000000000005","109.2","74.9","462.6","0","0","201.29999999999998","230.6","333.20000000000005","0","114.6","0","613.7500000000001","544.1","613.7500000000001","0","0","613.8","",""
"9/27/2019 12:00:17 AM","407.5","0","60.8","468.3","0","0","0","0","281.4","49.2","146.29999999999998","0","311.1","297.8","311.1","0","0","311.1","470.14",""
"9/28/2019 12:00:12 AM","0","0","0","0","0","0","0","0","0","38.4","0","0","124.89999999999999","83.3","124.89999999999999","84.6","62.2","209.5","",""
"9/29/2019 12:00:20 AM","0","0","0","0","0","0","0","0","0","0","0","0","0","0","0","0","0","0","",""
"9/30/2019 12:00:19 AM","0","61.800000000000004","61.800000000000004","61.800000000000004","0","0","0","0","0","46.5","85.7","0","314.4","327.9","314.4","0","0","314.4","",""
"10/1/2019 12:00:17 AM","154.5","0","43.4","197.9","0","0","0","0","295","81.5","139","0","233.8","269.79999999999995","233.8","15.9","19.7","249.7","",""
"10/2/2019 12:00:20 AM","365.79999999999995","0","0","365.79999999999995","0","0","0","0","161.2","84.5","52.9","0","375.8999999999999","351.99999999999994","375.8999999999999","0","0","375.9","",""
"10/3/2019 12:00:10 AM","551.8","0","0","551.8","0","0","224.39999999999998","443.9","171.3","265.8","112.6","116.44","327.99999999999994","280.8","327.99999999999994","0","0","328","",""
"10/4/2019 12:00:25 AM","401.3","0","0","401.3","0","0","111.00000000000001","136.8","154.9","150.6","10.5","108.30000000000001","374.6","380.2","374.6","187.4","20.9","562","366",""
"10/5/2019 12:00:17 AM","0","0","0","0","0","0","0","0","61.3","88.3","59.8","247.5","0","0","0","0","0","0","",""
"10/6/2019 12:00:15 AM","0","0","0","0","0","0","0","0","0","0","0","0","0","0","0","0","0","0","",""
"10/7/2019 12:00:03 AM","256.7","0","0","256.7","28.9","29.3","107.5","108.4","136.6","69.6","72.2","0","364.09999999999997","424.1","364.09999999999997","17.4","29.1","381.5","",""
"10/8/2019 12:00:28 AM","577","0","0","577","66.1","97.7","91.70000000000002","64.3","61.5","139.79999999999998","132.29999999999998","0","639.8","785","639.8","0","0","639.8","",""
"10/9/2019 12:00:21 AM","276.5","859.5","477","753.5","25.1","21","80.4","238.1","201.9","59.1","159","108.4","284.20000000000005","279.2","284.20000000000005","0","0","284.2","",""
"10/10/2019 12:00:28 AM","349.8","0","23.2","373","45.1","173.2","0","0","306.3","19.8","0","32.8","366.3","383.4","366.3","0","0","366.3","",""
"10/11/2019 12:00:04 AM","430.4","0","0","430.4","21.5","16.3","228.8","296.5","239.40000000000003","44.1","74.2","0","133.2","94.1","133.2","0","0","133.2","361",""
"10/12/2019 12:00:20 AM","0","0","0","0","0","0","0","0","82","131.6","107.8","0","0","0","0","0","0","0","",""
"10/13/2019 12:00:30 AM","0","0","0","0","0","0","0","0","0","0","0","0","0","0","0","0","0","0","",""
"10/14/2019 12:00:03 AM","141.5","0","0","141.5","32.2","27.3","76.9","78.4","135.10000000000002","33.9","96.80000000000001","0","285.9","303.8","285.9","16","0","301.9","",""
"10/15/2019 12:00:16 AM","716.9","44.3","16","732.9","50.5","43.599999999999994","106.1","240.29999999999998","0","0","70.19999999999999","0","265.6","347.6","265.6","0","0","265.6","",""
"10/16/2019 12:00:30 AM","536.5","0","108.3","644.8","66.2","93.7","70.39999999999999","74.60000000000001","321","157","76.4","0","154.9","180.7","154.9","0","0","154.9","",""
"10/17/2019 12:00:28 AM","135.5","0","0","135.5","12.7","18.5","52.599999999999994","141.5","113.4","0","19.099999999999998","2","749","646.4","749","0","0","749","",""
"10/18/2019 12:00:14 AM","678.5","0","0","678.5","108.9","97.4","10.1","9.8","184.5","26.7","0","0","524","504","524","0","0","524","399.08000000000004",""
"10/19/2019 12:00:19 AM","0","0","0","0","0","0","0","0","0","45","174.6","0","0","0","0","0","0","0","",""
"10/20/2019 12:00:09 AM","0","0","0","0","0","0","0","0","0","0","0","0","0","0","0","0","0","0","",""
"10/21/2019 12:00:20 AM","311.5","0","0","311.5","34.1","30","191.3","288","166","37","57.099999999999994","0","398.8","321.20000000000005","398.8","0","0","398.8","",""
"10/22/2019 12:00:29 AM","266.8","0","0","266.8","0","0","6.8","10.2","62.9","0","162.5","0","176.5","203.9","176.5","0","0","176.5","",""
"9/26/2019","380","0","142.8","522.8","0","0","0","0","139.7","260.1","186.3","0","334.9","503.6","334.9","93","111.3","427.9","",""
"10/23/2019 12:00:29 AM","777","0","0","777","60.6","60.3","44","35.9","385.6","0","13.7","0","498.40000000000003","444","498.40000000000003","0","0","498.4","",""
"10/24/2019 12:00:27 AM","433.5","0","233.2","666.7","13.5","11.1","71","85","349.20000000000005","105.1","8.9","0","276","388.8","276","0","0","276","",""
"10/25/2019 12:00:30 AM","451.20000000000005","0","0","451.20000000000005","33.6","30.5","52.3","85.6","0","62.6","86.19999999999999","0","166.99999999999997","190.90000000000003","166.99999999999997","92.9","65.7","259.9","321.92",""
"10/26/2019 12:00:11 AM","0","0","0","0","0","0","0","0","0","0","148.99999999999997","0","0","0","0","0","0","0","",""
"10/27/2019 12:00:18 AM","0","0","0","0","0","0","0","0","0","0","0","0","0","0","0","0","0","0","",""
"10/28/2019 12:00:01 AM","642.9","0","35.7","678.6","56.400000000000006","45","132.1","173.9","0","0","92.2","0","74.3","113.70000000000002","74.3","130.5","132","204.8","",""
"10/29/2019 12:00:31 AM","498.1000000000001","189.6","158.4","656.5000000000001","11.9","83.2","108.20000000000002","183.60000000000002","162.8","316.3","148.7","0","710.6999999999999","771.9","710.6999999999999","0","0","710.7","",""
"10/30/2019 12:00:05 AM","618.4000000000001","26.2","32.4","650.8000000000001","106.4","144.2","0","0","0","0","84","50","317.59999999999997","304.8","317.59999999999997","0","0","317.6","",""
"10/31/2019 12:00:18 AM","368.79999999999995","49.6","13.1","381.9","0","94.8","90.10000000000001","137.39999999999998","200.90000000000003","171.2","74.2","0","265.9","224.20000000000002","265.9","0","0","265.9","",""
"11/1/2019 12:00:19 AM","243.39999999999998","0","0","243.39999999999998","74.4","155","147.39999999999998","287.49999999999994","185.2","64.1","17.7","0","432.90000000000003","322.7","432.90000000000003","102.6","71.7","535.5","406.90000000000003",""
"11/2/2019 12:00:24 AM","0","0","0","0","0","0","0","0","0","0","40.50000000000001","0","35.7","43","35.7","0","0","35.7","",""
"11/3/2019 12:00:27 AM","0","0","0","0","0","0","0","0","0","0","0","0","0","0","0","0","0","0","",""
"11/4/2019 12:00:23 AM","282","96","59.4","341.4","25","29","24.1","17.8","83.2","331","78.2","0","460.90000000000003","523.9","460.90000000000003","0","0","460.9","",""
"11/5/2019 12:00:16 AM","606.6999999999999","0","0","606.6999999999999","52.7","80.3","98.69999999999999","78.8","225.7","57.3","68.5","0","456.29999999999995","518.9","456.29999999999995","81.7","29.900000000000002","538","",""
"11/6/2019 12:00:25 AM","564.9000000000001","0","107.8","672.7","52.8","63.8","116.19999999999999","266.3","297.7","186.8","35.7","0","448.09999999999997","628.4","448.09999999999997","0","0","448.1","",""
"11/7/2019 12:00:16 AM","564.2","0","80.6","644.8000000000001","49.599999999999994","56.199999999999996","121.6","187.2","106.9","31.6","153.79999999999998","0","562.1999999999999","489.79999999999995","562.1999999999999","4.2","0","566.4","",""
"11/8/2019 12:00:15 AM","410.7","0","72.2","482.9","60.800000000000004","115.4","37.9","32.5","232.8","89.7","0","0","687.4000000000001","883.0999999999998","687.4000000000001","0","0","687.4","540.1600000000001",""
"11/9/2019 12:00:19 AM","0","0","0","0","0","0","0","0","0","0","0","0","0","0","0","0","0","0","",""
"11/10/2019 12:00:15 AM","0","0","0","0","0","0","0","0","0","0","0","0","0","0","0","0","0","0","",""
"11/11/2019 12:00:22 AM","679.8","0","0","679.8","36.1","32.1","167.70000000000002","455.29999999999995","102.4","124.00000000000001","104.6","0","274.70000000000005","311.4","274.70000000000005","100","27.2","374.7","",""
"11/12/2019 12:00:18 AM","413.20000000000005","41.8","46.1","459.30000000000007","0","0","235.5","225.09999999999994","288.9","90.7","59.4","0","16.6","32.099999999999994","16.6","0","0","16.6","",""
"11/13/2019 12:00:05 AM","221.4","0","0","221.4","41.1","83.2","76.9","60.39999999999999","162.89999999999998","111.7","124.30000000000001","0","668.7","526.4","668.7","0","0","668.7","",""
"11/14/2019 12:00:23 AM","469.09999999999997","0","180.39999999999998","649.5","0","18.1","37.7","25","127.9","34.8","131.7","0","145.9","230.9","145.9","77.3","0","223.2","",""
"11/15/2019 12:00:01 AM","258.2","0","0","258.2","36.6","74.1","200.60000000000002","195.1","135.3","63.9","76.4","0","448.50000000000006","585.4000000000001","448.50000000000006","0","0","448.5","346.34000000000003",""
"11/16/2019 12:00:24 AM","417.19999999999993","0","0","417.19999999999993","0","0","0","0","46.1","71.8","91.69999999999999","0","135.3","223.00000000000003","135.3","0","0","135.3","",""
"11/17/2019 12:00:17 AM","0","0","0","0","0","0","0","0","0","0","0","0","0","0","0","0","0","0","",""
"11/18/2019 12:00:25 AM","464.4","0","0","464.4","29.2","46.1","140.7","180.7","197.39999999999998","58","40.2","0","413.4","433.6","413.4","0","0","413.4","",""
"11/19/2019 12:00:24 AM","872.5","0","0","872.5","77.80000000000001","83.3","108.3","109.1","202.89999999999998","122","105","0","499.1000000000001","634.5","499.1000000000001","0","0","499.1","",""
"11/20/2019 12:00:11 AM","578.6","0","0","578.6","0","24.1","131.1","185","97.5","91.2","60.8","29","363.59999999999997","362.19999999999993","363.59999999999997","51.4","0","415","",""
"11/21/2019 12:00:23 AM","120.8","0","0","120.8","18.3","28.1","62.4","66","112","180.6","104","0","228.2","222.70000000000002","228.2","0","0","228.2","",""
"11/22/2019 12:00:11 AM","405.9","0","0","405.9","44.5","62.1","62.599999999999994","61.400000000000006","235.7","96.4","71.5","0","270.9","247.1","270.9","0","0","270.9","365.32",""
"11/23/2019 12:00:11 AM","0","0","0","0","0","50.1","0","0","0","75.80000000000001","132.1","0","24.5","29.799999999999997","24.5","0","0","24.5","",""
"11/24/2019 12:00:04 AM","0","0","0","0","0","0","0","0","0","0","0","0","0","0","0","0","0","0","",""
"11/25/2019 12:00:10 AM","521.2","0","203.8","725","0","0","137.10000000000002","358.20000000000005","132.6","73.3","37.2","0","212.4","217.2","212.4","0","0","212.4","",""
"11/26/2019 12:00:05 AM","597","173.4","105.7","702.7","71.4","111.9","232.39999999999998","336.7","307","126.30000000000001","48.4","12.2","445.6","446.86000000000007","445.6","68.3","0","513.9","",""
"11/27/2019 12:00:24 AM","229.8","0","0","229.8","0","86.7","36.2","38.900000000000006","367","100.2","86.9","0","364.5","322.79999999999995","364.5","0","0","364.5","",""
"11/28/2019 12:00:14 AM","0","0","0","0","0","0","0","0","0","0","0","0","0","0","0","0","0","0","",""
"11/29/2019 12:00:22 AM","0","0","0","0","0","0","0","0","0","0","0","0","0","0","0","0","0","0","218.16",""
"11/30/2019 12:00:04 AM","0","0","0","0","0","0","0","0","0","0","0","0","0","0","0","0","0","0","",""
"12/1/2019 12:00:18 AM","0","0","0","0","0","0","0","0","0","0","0","0","0","0","0","0","0","0","",""
"12/2/2019 12:00:15 AM","0","0","0","0","0","0","0","0","0","167.8","77.89999999999999","0","309.70000000000005","271.6","309.70000000000005","0","0","309.7","",""
"12/3/2019 12:00:22 AM","268.99999999999994","0","0","268.99999999999994","0","0","345.1","417.6","0","167.4","0","0","428.2","332.6","428.2","0","0","428.2","",""
"12/4/2019 12:00:28 AM","162.9","732.8","353.70000000000005","516.6","89.2","167.79999999999998","74.5","143.2","69","219.7","121.6","0","79.9","101","79.9","308.80000000000007","223.8","388.7","",""
"12/5/2019 12:00:16 AM","372","0","0","372","0","0","20.6","10.4","71.5","19.4","54.4","0","128","106.5","128","0","0","128","",""
"12/6/2019 12:00:18 AM","558.3000000000001","0","32","590.3000000000001","20.9","52.099999999999994","106.39999999999999","99.4","0","55.8","40.4","0","349","298.78","349","111.9","20.1","460.9","343.1",""
"12/7/2019 12:00:10 AM","178.4","0","0","178.4","0","0","0","0","0","0","0","0","87.7","35.3","87.7","0","0","87.7","",""
"12/8/2019 12:00:35 AM","0","0","0","0","0","0","0","0","0","0","0","0","0","0","0","0","0","0","",""
"12/9/2019 12:00:16 AM","342.59999999999997","0","0","342.59999999999997","39","32.1","106.60000000000001","162.10000000000002","127.7","164.5","31.799999999999997","0","168.89999999999998","230.49999999999997","168.89999999999998","14.8","20.9","183.7","",""
"12/10/2019 12:00:21 AM","372.2","0","0","372.2","85.69999999999999","140.4","57.8","16.7","165.8","32","106","0","152","171.8","152","17.8","0","169.8","",""
"12/11/2019 12:00:07 AM","548.5","158.2","101.6","650.1","38.3","34.6","85.1","74.6","89.8","148.6","59.6","0","134.4","151.4","134.4","0","0","134.4","",""
"12/12/2019 12:00:28 AM","629.8999999999999","0","0.03","629.9299999999998","10.2","7.6","162.7","237.1","146.4","178.70000000000002","68.5","0","177.29999999999998","261.6","177.29999999999998","259.4","136","436.7","",""
"12/13/2019 12:00:11 AM","338.69999999999993","0","0","338.69999999999993","41.300000000000004","45.099999999999994","147.5","255.20000000000002","149.4","73.2","217.4","0","115.53","234.8","115.53","0","0","115.5","208.01999999999998",""
"12/14/2019 12:00:17 AM","0","259.6","119.6","119.6","0","0","0","0","66.6","104.9","40.9","0","665.9","638.6999999999999","665.9","91.8","74","757.7","",""
"12/15/2019 12:00:22 AM","0","0","0","0","0","0","0","0","0","0","0","0","0","0","0","0","0","0","",""
"12/16/2019 12:00:25 AM","573.5","0","0","573.5","0","0","192","194.2","45.2","79.2","25","0","353.99999999999994","371.6","353.99999999999994","0","0","354","",""
"12/17/2019 12:00:25 AM","556.6999999999999","0","0","556.6999999999999","0","0","243.9","329.99999999999994","215.7","169.5","35.9","0","415.2000000000001","440.7","415.2000000000001","36","0","451.2","",""
"12/18/2019 12:00:24 AM","396","0","0","396","0","70.8","116.9","118.19999999999999","82.80000000000001","143.9","102.60000000000001","0","482.00000000000006","507.0999999999999","482.00000000000006","0","0","482","",""
"12/19/2019 12:00:22 AM","377.8","0","96.7","474.5","0","0","0","0","99.2","0","84.7","0","299.49999999999994","366.00000000000006","299.49999999999994","0","0","299.5","",""
"12/20/2019 12:00:14 AM","409.90000000000003","0","22.6","432.50000000000006","42.400000000000006","31.5","0","0","199.6","202.7","31.2","0","579","643.7","579","153.1","157","732.1","463.76000000000005",""
"12/21/2019 12:00:18 AM","462.79999999999995","138.2","55.1","517.9","7033.499999999998","276.90000000000003","0","0","102.5","86.3","86.80000000000001","0","321.4","304.1","321.4","0","0","321.4","",""
"12/22/2019 12:00:11 AM","0","0","0","0","0","0","0","0","0","0","0","0","0","0","0","0","0","0","",""
"12/23/2019 12:00:33 AM","0","0","0","0","0","0","0","0","0","0","0","0","0","0","0","0","0","0","",""
"12/24/2019 12:00:13 AM","0","0","0","0","0","0","0","0","0","0","0","0","0","0","0","0","0","0","",""
"12/25/2019 12:00:25 AM","0","0","0","0","0","0","0","0","0","0","0","0","0","0","0","0","0","0","",""
"12/26/2019 12:00:23 AM","408.29999999999995","0","0","408.29999999999995","228.80000000000004","291.5","0","0","0","0","55.1","0","178.2","6949.999999999999","178.2","132.8","55.7","311","",""
"12/27/2019 12:00:15 AM","860.5","0","0","860.5","328.2","654.5999999999999","0","0","193.60000000000002","286.5","93","0","255","1113.2","255","17","14.9","272","116.60000000000001",""
"12/28/2019 12:00:33 AM","0","979.6","470.4","470.4","0","0","0","0","52","97.6","60.5","0","286.5","486.9","286.5","0","0","286.5","",""
"12/29/2019 12:00:20 AM","0","0","0","0","0","0","0","0","0","0","0","0","0","0","0","0","0","0","",""
"12/30/2019 12:00:16 AM","290.8","0","0","290.8","346.29999999999995","502.80000000000007","0","0","44.8","0","93.80000000000001","0","246.60000000000002","364.29","246.60000000000002","0","0","246.6","",""
"12/31/2019 12:00:08 AM","435.80000000000007","0","0","435.80000000000007","157.99999999999997","229.6","0","0","364.6","130.2","43.3","0","321.09999999999997","386.6","321.09999999999997","0","0","321.1","",""
"1/1/2020 12:00:17 AM","0","0","0","0","0","0","0","0","0","0","0","0","0","0","0","0","0","0","",""
"1/2/2020 12:00:23 AM","527.3999999999999","0","0","527.3999999999999","5","5.9","219.5","372.29999999999995","88","65.30000000000001","10.7","67.7","429.29999999999995","363.70000000000005","429.29999999999995","0","0","429.3","",""
"1/3/2020 12:00:30 AM","498","340.2","1041.8","1539.8","77.5","70.8","230.50000000000003","475.79999999999995","96.5","130.4","105.5","0","238.2","259.4","238.2","0","0","238.2","247.04000000000002",""
"1/4/2020 12:00:20 AM","0","0","0","0","0","0","0","0","0","0","0","0","0","0","0","0","0","0","",""
"1/5/2020 12:00:21 AM","0","0","0","0","0","0","0","0","0","0","0","0","0","0","0","0","0","0","",""
"1/6/2020 12:00:09 AM","537","0","0","537","0","0","67.1","133.2","211","45.9","147.39999999999998","0","192.2","","192.2","412.7","392.20000000000005","604.9","",""
"1/7/2020 12:00:20 AM","450.9","0","0","450.9","0","0","196.70000000000002","163.8","145.3","94.1","0","0","230.79999999999998","296.8","230.79999999999998","10","8.2","240.8","",""
"1/8/2020 12:00:22 AM","248.7","0","21","269.7","36.2","30.1","151","201.49999999999997","242.59999999999997","53.9","59.1","0","269.8","188.4","269.8","142.4","0","412.2","",""
"1/9/2020 12:00:18 AM","287.2","8.6","6.9","294.09999999999997","61.400000000000006","46.6","62.1","49.7","146.6","46.2","41.3","0","513.6","556.3000000000001","513.6","281.1","212.8","794.7","",""
"1/10/2020 12:00:21 AM","346.7","334.4","213.6","560.3","15.3","18.8","47.300000000000004","43.900000000000006","122","262.1","61.900000000000006","0","443.79999999999995","460.20000000000005","443.79999999999995","0","0","443.8","499.28000000000014",""
"1/11/2020 12:00:32 AM","0","0","0","0","0","0","0","0","63","426.59999999999997","0","0","55.60000000000001","90.6","55.60000000000001","0","0","55.6","",""
"1/12/2020 12:00:33 AM","0","0","0","0","0","0","0","0","0","0","0","0","0","0","0","0","0","0","",""
"1/13/2020 12:00:18 AM","351.5","0","0","351.5","5","17.3","67.4","54.3","66.6","131.7","59.599999999999994","0","295.70000000000005","309.70000000000005","295.70000000000005","0","0","295.7","",""
"1/14/2020 12:00:13 AM","285.7","106.5","67.4","353.1","18.5","151","65.10000000000001","154.70000000000002","120.2","127.89999999999999","41","0","322","451.8","322","12.1","14.5","334.1","",""
"1/15/2020 12:00:25 AM","614.7","0","0","614.7","0","0","170.3","176.6","91.9","82.3","94.9","0","288","301.09999999999997","288","0","0","288","",""
"1/16/2020 12:00:04 AM","344.4","","0","344.4","130.3","131.8","19.3","6.4","141.2","90.7","120.5","0","468.2","503.3","468.2","0","0","468.2","",""
"1/17/2020 12:00:13 AM","248.99999999999997","2.4","50.099999999999994","299.09999999999997","0","0","0","0","0","182.4","147.5","0","158.5","146.4","158.5","0","0","158.5","308.90000000000003",""
"1/18/2020 12:00:04 AM","0","0","0","0","0","0","0","0","0","0","0","0","0","0","0","0","0","0","",""
"1/19/2020 12:00:08 AM","0","0","0","0","0","0","0","0","0","0","0","0","0","0","0","0","0","0","",""
"1/20/2020 12:00:10 AM","247.60000000000002","123.6","377.70000000000005","625.3000000000001","52.8","141.4","110.7","304.90000000000003","141.4","106.2","0","8.4","416.19999999999993","656.3999999999999","416.19999999999993","653.9","719.4","1070.1","",""
"1/21/2020 12:00:14 AM","420.90000000000003","0","0","420.90000000000003","69.2","122.4","85.5","97.39999999999999","66.3","28.8","79","0","168.8","118.69999999999999","168.8","125.9","","294.7","",""
"1/22/2020 12:00:06 AM","341.1","0","19.2","360.3","0","0","157.7","181.89999999999998","186.5","107.1","156.8","0","397.1","487.40000000000003","397.1","0","0","397.1","",""
"1/23/2020 12:00:22 AM","337.5","0","0","337.5","14.3","12.7","63","70.8","68.5","44.3","82.1","0","518.1999999999999","468.7","518.1999999999999","0","0","518.2","",""
"1/24/2020 12:00:12 AM","247","0","0","247","0","0","172.39999999999998","336.8","222.9","46.5","87.1","0","0","0","0","108.2","6.1","108.2","477.6600000000001",""
"1/25/2020 12:00:16 AM","0","0","0","0","0","0","0","0","0","0","0","0","0","0","0","0","0","0","",""
"1/26/2020 12:00:18 AM","0","0","0","0","0","0","0","0","0","0","0","0","0","0","0","0","0","0","",""
"1/27/2020 12:00:14 AM","174.3","249.4","123.2","297.5","0","0","51.8","48.8","49.9","58.5","51.60000000000001","0","440.9","577","440.9","157.6","172.8","598.5","",""
"1/28/2020 12:00:30 AM","437.3","0","0","437.3","103","153.8","60.3","57.5","143.7","40.9","51.4","0","112.9","141.60000000000002","112.9","158.50000000000003","19.1","271.4","",""
"1/29/2020 12:00:09 AM","285.4","0","93","378.4","70.9","64.6","186.1","233.29999999999998","232.29999999999998","49.5","64.6","0","315.09999999999997","336.8","315.09999999999997","0","0","315.1","",""
"1/30/2020 12:00:06 AM","445.00000000000006","45.4","29.900000000000002","474.90000000000003","0","0","184.1","205.20000000000002","49.9","231.1","67.7","0","242.9","288.40000000000003","242.9","0","0","242.9","",""
"1/31/2020 12:00:03 AM","431.5","0","235.4","666.9","70.7","74.2","31.2","188.8","46.5","0","0","0","429.70000000000005","466.3","429.70000000000005","33.4","44.5","463.1","378.20000000000005",""
"2/1/2020 12:00:07 AM","0","0","0","0","0","0","0","0","0","0","0","0","0","0","0","0","0","0","",""
"2/2/2020 12:00:28 AM","0","0","0","0","0","0","0","0","0","0","0","0","0","0","0","0","0","0","",""
"2/3/2020 12:00:22 AM","228.8","0","0","228.8","0","0","0","0","63.1","41.3","48.4","0","0","0","0","61.6","78.3","61.6","",""
"2/4/2020 12:00:26 AM","447.5","60","48.2","495.7","113.69999999999999","172","89.5","191.10000000000002","193.10000000000002","53.8","223.70000000000002","0","623.3000000000001","490.49999999999994","623.3000000000001","122.8","101.6","746.1","",""
"2/5/2020 12:00:17 AM","570.1","57.89999999999999","307","877.1","0","0","0","0","106","139.7","0","0","269","219.10000000000002","269","32.3","0","301.3","",""
"2/6/2020 12:00:14 AM","419.40000000000003","9.6","6.1","425.50000000000006","0","0","27","30.1","60.9","88","142.6","0","361.9","403.99999999999994","361.9","143.6","160.89999999999998","505.5","",""
"2/7/2020 12:00:19 AM","356.49999999999994","0","280.7","637.1999999999999","25.2","33.8","48.1","97.1","273.1","0","24.3","0","348.2","392.70000000000005","348.2","72.3","56.6","420.5","407",""
"2/8/2020 12:00:02 AM","0","0","0","0","0","0","0","0","0","0","6.3","0","125.3","82.2","125.3","0","0","125.3","",""
"2/9/2020 12:00:16 AM","0","0","0","0","0","0","0","0","0","0","0","0","0","0","0","0","0","0","",""
"2/10/2020 12:00:25 AM","361.7","239","75.4","437.1","54.9","50.3","85.6","129.79999999999998","146.70000000000002","0","73.5","0","253.3","293.1","253.3","141.10000000000002","18.9","394.4","",""
"2/11/2020 12:00:15 AM","152.60000000000002","0","229.3","381.90000000000003","0","8.2","57.4","200.10000000000002","353.2","94.8","59.1","0","362.1","338.4","362.1","0","0","362.1","",""
"2/12/2020 12:00:19 AM","383.80000000000007","39.4","89.5","473.30000000000007","4.3","3.6","183.5","180.20000000000002","61","49.9","70.9","0","381.2000000000001","414.50000000000006","381.2000000000001","0","0","381.2","",""
"2/13/2020 12:00:04 AM","295.1","0","90.8","385.90000000000003","0","0","51.4","54.6","33.1","123.10000000000001","87.30000000000001","0","324.8","321.79999999999995","324.8","78.9","24.7","403.7","",""
"2/14/2020 12:00:14 AM","511.4","0","0","511.4","195.4","265.6","56.7","46.3","119.3","80.30000000000001","0","0","382.8","416.79999999999995","382.8","138.7","6.8","521.5","412.58000000000004",""
"2/15/2020 12:00:16 AM","0","0","0","0","0","0","0","0","173.3","186.89999999999998","0","0","0","0","0","0","0","0","",""
"2/16/2020 12:00:23 AM","0","0","0","0","0","0","0","0","0","0","0","0","0","0","0","0","0","0","",""
"2/17/2020 12:00:26 AM","680","0","0","680","85.5","84.7","137.9","248.8","229.89999999999998","270.7","0","0","562.3","439.09999999999997","562.3","0","0","562.3","",""
"2/18/2020 12:00:38 AM","368.1","50.7","33.9","402","34.1","29.2","98.50000000000001","201.39999999999998","232.79999999999998","126","47.4","0","434","466.1","434","0","0","434","",""
"2/19/2020 12:00:27 AM","408.9","329.2","298.6","707.5","14.2","16.5","341.6","356.80000000000007","260.5","234.90000000000003","0","0","325.5","383.40000000000003","325.5","1.4","0","326.9","",""
"2/20/2020 12:00:19 AM","249.70000000000002","366.5","154","403.70000000000005","0","0","131.4","197.70000000000002","76.1","56","129.4","0","669.5","755.3000000000001","669.5","0","0","669.5","",""
"2/21/2020 12:00:39 AM","190.60000000000002","0","0","190.60000000000002","120.5","127.9","129.5","310.40000000000003","0","126.4","60","0","185.7","227.29999999999998","185.7","0","0","185.7","435.67999999999995",""
"2/22/2020 12:00:24 AM","0","0","0","0","0","0","0","0","0","0","0","0","0","0","0","0","0","0","",""
"2/23/2020 12:00:20 AM","0","0","0","0","0","0","0","0","0","0","0","0","0","0","0","0","0","0","",""
"2/24/2020 12:00:21 AM","302.4000000000001","0","5.7","308.1000000000001","0","0","23.7","31","47.5","66.5","155.5","0","56.4","58.50000000000001","56.4","0","0","56.4","",""
"2/25/2020 12:00:12 AM","0","0","0","0","0","0","0","0","124.00000000000001","100.5","0","0","186.09999999999997","165.3","186.09999999999997","51.6","36.099999999999994","237.7","",""
"2/26/2020 12:00:20 AM","125.89999999999999","0","0","125.89999999999999","0","0","0","0","0","128.60000000000002","0","0","623.4","467.5","623.4","0","0","623.4","",""
"2/27/2020 12:00:11 AM","192.89999999999998","78","44.3","237.2","0","0","0","0","0","58.8","41","0","276.05","324.90000000000003","276.05","64.3","48.8","340.4","",""
"2/28/2020 12:00:33 AM","1945.1","592.3","198.6","2143.7","16.8","766.3000000000001","16.9","21","139.3","46.3","32.4","0","997.2","241.5","997.2","250.3","249.8","1247.5","501.08000000000004",""
"2/29/2020 12:00:23 AM","0","0","0","0","0","0","0","0","0","0","0","0","0","0","0","0","0","0","",""
"3/1/2020 12:00:06 AM","0","0","0","0","0","0","0","0","0","0","0","0","0","0","0","0","0","0","",""
"3/2/2020 12:00:19 AM","140","11.8","33.2","173.2","0","0","52.900000000000006","61.9","68.6","0","0","0","306.9","138","306.9","65.5","0","372.4","",""
"3/3/2020 12:00:31 AM","1015.6999999999999","0","0","1015.6999999999999","0","0","90.6","308.4","0","236.4","0","0","326.20000000000005","218.89999999999998","326.20000000000005","0","0","326.2","",""
"3/4/2020 12:00:49 AM","431.99999999999994","10.2","509.3999999999999","941.3999999999999","0","0","97.4","177.60000000000002","154.9","0","30.1","0","338.59999999999997","279.3","338.59999999999997","0","0","338.6","",""
"3/5/2020 12:00:26 AM","390","0","0","390","0","0","106","79.1","81.7","92.5","88.69999999999999","0","369.79999999999995","440","369.79999999999995","118","144.5","487.8","",""
"3/6/2020 12:00:22 AM","378","0","0","378","30.3","23.8","88.5","82.2","281.6","53.4","95.3","0","142.3","145.5","142.3","0","0","142.3","333.46",""
"3/7/2020 12:00:25 AM","0","0","0","0","0","0","0","0","194.2","0","0","0","327.4","368.4","327.4","0","0","327.4","",""
"3/8/2020 12:00:19 AM","0","0","0","0","0","0","0","0","0","0","0","0","0","0","0","0","0","0","",""
"3/9/2020 12:00:18 AM","326.8","0","0","326.8","0","0","102.6","139.4","143.7","63.400000000000006","0","0","342.3","366.5","342.3","0","0","342.3","",""
"3/10/2020 12:00:11 AM","834.5000000000001","8.6","214.5","1049","32.4","26.1","120.10000000000001","213.7","153.4","63.5","24.2","0","377.4","409.9","377.4","7.3","17.2","384.7","",""
"3/11/2020 12:00:21 AM","438.40000000000003","0","0","438.40000000000003","0","0","92.8","382.09999999999997","217.09999999999997","0","113.6","0","495.9000000000001","428.40000000000003","495.9000000000001","0","0","495.9","",""
"3/12/2020 12:00:10 AM","146.6","49.8","40.599999999999994","187.2","0","0","77.9","193.4","242.5","29.3","10.1","0","598.1","359.8","598.1","7.4","0","605.5","",""
"3/13/2020 12:00:27 AM","567.3","3.1","82.2","649.5","7","139.20000000000002","146.9","343.00000000000006","63.2","32.2","104.80000000000001","0","768.3000000000001","833","768.3000000000001","0","0","768.3","519.34",""
"3/14/2020 12:00:33 AM","0","0","0","0","0","0","0","0","0","0","0","0","0","0","0","0","0","0","",""
"3/15/2020 12:00:26 AM","0","0","0","0","0","0","0","0","0","0","0","0","0","0","0","0","0","0","",""
"3/16/2020 12:00:41 AM","400.20000000000005","12.3","8.3","408.50000000000006","0","0","211.8","381.9","0","56.6","71","98","149.70000000000002","119.80000000000001","149.70000000000002","0","0","149.7","",""
"3/17/2020 12:00:23 AM","782","","225.6","1007.6","0","0","167.4","438.4","195.6","0","64.80000000000001","26.67","541.7","764.3000000000002","541.7","0","0","541.7","",""
"3/18/2020 12:00:17 AM","505.0000000000001","0","0","505.0000000000001","8","10.4","102.8","409.6","179.5","236.2","92.9","126.66","372.1","246.2","372.1","0","0","372.1","",""
"3/19/2020 12:00:27 AM","479.6","320.29999999999995","293.59999999999997","773.2","64","55.6","76","272.90000000000003","182.8","94.9","42.9","0","418.70000000000005","467.70000000000005","418.70000000000005","0","0","418.7","",""
"3/20/2020 12:00:28 AM","487.8","0","0","487.8","78.4","85.49999999999999","20.5","13.2","192","169.4","154.29999999999998","0","153.2","211.7","153.2","0","0","153.2","327.08000000000004",""
"3/21/2020 12:00:15 AM","0","0","0","0","0","0","0","0","0","0","0","0","0","0","0","0","0","0","",""
"3/22/2020 12:00:32 AM","0","0","0","0","0","0","0","0","0","0","0","0","0","0","0","0","0","0","",""
"3/23/2020 12:00:11 AM","332.86999999999995","0","146.4","479.27","93.8","186","105.39999999999999","195.29999999999998","0","85.3","0","0","445.8","505.8","445.8","40.7","32","486.5","",""
"3/24/2020 12:00:23 AM","502.80000000000007","2.7","134.7","637.5","6.4","8.5","75.4","167.20000000000002","589","276.4","31.8","93.69","512.3000000000001","542.6999999999999","512.3000000000001","0","0","512.3","",""
"3/25/2020 12:00:39 AM","207.2","14.3","10.1","217.29999999999998","48.6","91.1","89.7","206.99999999999997","66.1","78.4","91.3","26.67","360.6","306.79999999999995","360.6","0","0","360.6","",""
"3/26/2020 12:00:27 AM","388.20000000000005","0","84","472.20000000000005","64","55","76.8","215","257.6","73.8","190.4","191.58","482.15","476.29999999999995","482.15","0","0","482.1","",""
"3/27/2020 12:00:02 AM","604.9999999999999","0","0","604.9999999999999","0","0","48.3","330.5","291.6","127.3","337.9","132","469.5","447.9","469.5","0","0","469.5","462.20000000000005",""
"3/28/2020 12:00:26 AM","0","0","0","0","0","0","0","0","0","0","0","0","0","0","0","0","0","0","",""
"3/29/2020 12:00:03 AM","0","0","0","0","0","0","0","0","0","0","0","0","0","0","0","0","0","0","",""
"3/30/2020 12:00:23 AM","0","0","0","0","0","0","0","0","0","0","0","0","0","0","0","0","0","0","",""
"3/31/2020 12:00:41 AM","0","0","0","0","0","0","0","0","0","0","0","0","0","0","0","0","0","0","",""
"4/1/2020 12:00:24 AM","0","0","0","0","0","0","0","0","0","0","0","0","0","0","0","0","0","0","","No Work"
"4/2/2020 12:00:15 AM","329.5","0","0","329.5","0","0","62.4","51.6","0","0","0","0","150.8","0","150.8","8","25.9","158.8","","Ed on install"
"4/3/2020 12:00:18 AM","109.4","0","0","109.4","0","0","0","0","0","0","0","0","77.4","95","77.4","0","0","77.4","47.24000000000001","Ed on install"
"4/4/2020 12:00:40 AM","0","0","0","0","0","0","0","0","0","0","0","0","0","0","0","0","0","0","",""
"4/5/2020 12:00:16 AM","0","0","0","0","0","0","0","0","0","0","0","0","0","0","0","0","0","0","",""
"4/6/2020 12:00:16 AM","299","0","0","299","0","0","89.80000000000001","151.3","408.7","201.07","172.2","0","282.17","255","282.17","0","0","282.2","",""
"4/7/2020 12:00:16 AM","366.8","106.4","53.5","420.3","0","0","0","0","83.1","87.7","129.20000000000002","229.39999999999998","344.6","79.8","344.6","0","0","344.6","","doing agm job Alejandro and Faustino"
"4/8/2020 12:00:33 AM","285.1","0","22.2","307.3","107.7","165.10000000000002","162.6","396.09999999999997","78.2","43.2","50.1","0","402.20000000000005","155.5","402.20000000000005","0","0","402.2","",""
"4/9/2020 12:00:28 AM","425.9","6","146.3","572.2","64.4","26.9","0","0","107.5","0","0","53.47","304.7","148.60000000000002","304.7","0","0","304.7","",""
"4/10/2020 12:00:16 AM","202.03","0","0","202.03","0","0","0","0","43.2","43","176.1","0","202.20000000000002","286.2","202.20000000000002","0","0","202.2","307.18",""
"4/11/2020 12:00:21 AM","0","0","0","0","0","0","0","0","0","0","0","0","0","0","0","0","0","0","",""
"4/12/2020 12:00:22 AM","0","0","0","0","0","0","0","0","0","0","0","0","0","0","0","0","0","0","",""
"4/13/2020 12:00:39 AM","28.9","0","0","28.9","0","0","25.5","22","0","88","0","0","398.5","325.1","398.5","0","0","398.5","",""
"4/14/2020 12:00:11 AM","215.5","268.3","215.5","431","122.80000000000001","154","123.2","392","0","29.4","81.4","0","108.69999999999999","194.6","108.69999999999999","0","0","108.7","",""
"4/15/2020 12:00:40 AM","202.2","23.6","13.5","215.7","0","0","0","0","0","21.5","0","0","371.3","314.2","371.3","0","0","371.3","",""
"4/16/2020 12:00:26 AM","278.7","7.5","77.80000000000001","356.5","0","0","0","0","361.90000000000003","93.9","147.3","0","368.49999999999994","392.4","368.49999999999994","0","0","368.5","",""
"4/17/2020 12:00:15 AM","426.79999999999995","0","0","426.79999999999995","0","0","0","0","94.7","0","37.2","0","264.79999999999995","319.30000000000007","264.79999999999995","0","0","264.8","302.36",""
"4/18/2020 12:00:19 AM","0","0","0","0","0","0","0","0","0","0","0","0","0","0","0","0","0","0","",""
"4/19/2020 12:00:44 AM","0","0","0","0","0","0","0","0","0","0","0","0","0","0","0","0","0","0","",""
"4/20/2020 12:00:25 AM","198.70000000000002","42.800000000000004","198.70000000000002","397.40000000000003","0","0","411","58.4","100.3","0","25.3","79.76","93.9","108.4","93.9","0","0","93.9","",""
"4/21/2020 12:00:10 AM","138.7","","136.60000000000002","275.3","62","49.5","35.5","25.3","67.9","14.4","0","117.75","307.2","941.3000000000001","307.2","26.7","0","333.9","",""
"4/22/2020 12:00:17 AM","504.70000000000005","","0","504.70000000000005","9.4","58.9","193.8","341.9","83.6","166.89999999999998","42.9","0","151","208.70000000000002","151","0","0","151","",""
"4/23/2020 12:00:38 AM","407.5","0","134.9","542.4","0","0","0","0","322.4","52.9","0","0","595","523.5","595","0","0","595","",""
"4/24/2020 12:00:38 AM","9.9","0","0","9.9","196.50000000000003","488.00000000000006","50","131","0","0","0","0","441.3","364.29999999999995","441.3","0","0","441.3","323.02",""
"4/25/2020 12:00:07 AM","0","0","0","0","0","0","0","0","0","0","0","0","0","0","0","0","0","0","",""
"4/26/2020 12:00:22 AM","0","0","0","0","0","0","0","0","0","0","0","0","0","0","0","0","0","0","",""
"4/27/2020 12:00:26 AM","387.5","0","0","387.5","0","0","0","0","0","0","0","0","137.5","142.60000000000002","137.5","0","0","137.5","",""
"4/28/2020 12:00:30 AM","30","0","0","30","0","0","0","0","172.60000000000002","159.4","67.7","13.35","322.7","461.1","322.7","0","0","322.7","",""
"4/29/2020 12:00:32 AM","236.64999999999998","19.7","13.6","250.24999999999997","25.82","107.4","91.1","246.8","0","86.1","0","0","189","207.1","189","0","0","189","",""
"4/30/2020 12:00:27 AM","251.8","85.1","32.4","284.2","0","0","0","0","0","0","0","0","571.5","370","571.5","0","0","571.5","",""
"5/1/2020 12:00:33 AM","448.20000000000005","0","0","448.20000000000005","0","0","95.79999999999998","74.5","279.4","144.70000000000002","57.00000000000001","0","422.9","374.7","422.9","0","0","422.9","328.72",""
"5/2/2020 12:00:04 AM","273.59999999999997","0","0","273.59999999999997","0","0","0","0","82.5","107.4","39.6","0","216","225.9","216","0","0","216","",""
"5/3/2020 12:00:28 AM","0","0","0","0","0","0","0","0","0","0","0","0","0","0","0","0","0","0","",""
"5/4/2020 12:00:36 AM","145.1","0","0","145.1","0","0","0","0","0","119.3","0","119.56","125.2","181.4","125.2","0","0","125.2","",""
"5/5/2020 12:00:14 AM","301.50000000000006","124.7","25.6","327.1000000000001","0","0","0","0","248.10000000000002","55.4","38.2","302.39","559.2","500.52","559.2","0","0","559.2","",""
"5/6/2020 12:00:35 AM","285.79999999999995","0","0","285.79999999999995","0","0","0","0","0","0","0","0","122.6","117.6","122.6","0","0","122.6","",""
"5/7/2020 12:00:32 AM","337.59999999999997","0","0","337.59999999999997","0","0","0","0","234","0","38.1","245.98","317","328.5","317","0","0","317","",""
"5/8/2020 12:00:29 AM","412.3","0","0","412.3","0","0","0","0","129.2","66.2","0","58.8","295.7","323.5","295.7","0","0","295.7","283.94",""
"5/9/2020 12:00:21 AM","0","0","0","0","0","0","0","0","164.3","0","9.7","0","406.8","446.20000000000005","406.8","0","0","406.8","",""
"5/10/2020 12:00:47 AM","0","0","0","0","0","0","0","0","0","0","0","0","0","0","0","0","0","0","",""
"5/11/2020 12:00:20 AM","277.9","0","0","277.9","0","0","0","0","123.4","0","81.2","0","466.8","419.4","466.8","0","0","466.8","",""
"5/12/2020 12:00:21 AM","407.5","0","0","407.5","0","0","0","0","215.10000000000002","91.9","80.9","114.04","407.79999999999995","428.2","407.79999999999995","0","0","407.8","",""
"5/13/2020 12:00:15 AM","318.59999999999997","145.8","95","413.59999999999997","0","0","0","0","134.5","0","50.5","123.7","463.9000000000001","457.40000000000003","463.9000000000001","0","0","463.9","",""
"5/14/2020 12:00:24 AM","443.3","0","0","443.3","0","0","0","0","153.2","20.8","90.80000000000001","0","294.6","307.40000000000003","294.6","0","0","294.6","",""
"5/15/2020 12:00:20 AM","177.20000000000002","3.1","4.1","181.3","0","0","0","0","119.4","45.8","28.7","0","281.8","262.2","281.8","0","0","281.8","382.98",""
"5/16/2020 12:00:14 AM","0","0","0","0","0","0","0","0","0","0","0","0","0","0","0","0","0","0","",""
"5/17/2020 12:00:17 AM","0","0","0","0","0","0","0","0","0","0","0","0","0","0","0","0","0","0","",""
"5/18/2020 12:00:35 AM","370.3","6.5","19.6","389.90000000000003","0","0","0","0","60.3","0","59.1","0","403.8","459.4","403.8","0","0","403.8","",""
"5/19/2020 12:00:35 AM","446.4000000000001","5.300000000000001","82.5","528.9000000000001","0","0","0","0","157.5","0","6.2","0","370.8","493.90000000000003","370.8","0","0","370.8","",""
"5/20/2020 12:00:09 AM","238.59999999999997","130.4","98.1","336.69999999999993","0","0","0","0","63.2","126.2","66.8","0","406.80000000000007","415.20000000000005","406.80000000000007","0","0","406.8","",""
"5/21/2020 12:00:15 AM","414.1000000000001","11.7","28.1","442.2000000000001","0","0","0","0","49.5","93.8","41.3","63.63","338","322.3","338","0","0","338","",""
"5/22/2020 12:00:09 AM","508.79999999999995","0","0","508.79999999999995","0","0","0","0","156.2","64.4","24.1","0","375.50000000000006","344.1","375.50000000000006","0","0","375.5","378.98",""
"5/23/2020 12:00:25 AM","0","0","0","0","0","0","0","0","0","0","0","0","0","0","0","0","0","0","",""
"5/24/2020 12:00:32 AM","0","0","0","0","0","0","0","0","0","0","0","0","0","0","0","0","0","0","",""
"5/25/2020 12:00:22 AM","0","0","0","0","0","0","0","0","0","0","0","0","0","0","0","0","0","0","",""
"5/26/2020 12:00:15 AM","401.7","0","0","401.7","0","0","0","0","128.1","94.3","112.3","136","530.8000000000001","188.8","530.8000000000001","0","0","530.8","",""
"5/27/2020 12:00:20 AM","281.2","415.1","53.5","334.7","0","0","0","0","81.1","221","32.2","0","435.3","428.49999999999994","435.3","0","0","435.3","",""
"5/28/2020 12:00:19 AM","318.5","182.1","110.4","428.9","0","0","0","0","227.49999999999997","72.3","54.2","26.8","171.9","160.2","171.9","0","0","171.9","",""
"5/29/2020 12:00:29 AM","332.4","0","0","332.4","0","0","0","0","0","37.9","17.1","0","182.8","111","182.8","0","0","182.8","264.16",""
"5/30/2020 12:00:36 AM","213.00000000000003","0","0","213.00000000000003","0","0","0","0","0","0","0","0","434.20000000000005","408.5","434.20000000000005","0","0","434.2","",""
"5/31/2020 12:00:28 AM","0","0","0","0","0","0","0","0","0","0","0","0","0","0","0","0","0","0","",""
"6/1/2020 12:00:24 AM","304.3","120","45.2","349.5","0","0","0","0","70.5","52.4","92.2","130.67","207.39999999999998","275.6","207.39999999999998","0","0","207.4","",""
"6/2/2020 12:00:27 AM","243.6","243.29999999999998","77","320.6","0","0","0","0","124","36.7","106.6","0","680.1","671.1","680.1","0","0","680.1","",""
"6/3/2020 12:00:25 AM","363.7","","44.7","408.4","0","0","0","0","0","50.9","29.7","193.56","247.7","179.8","247.7","0","0","247.7","",""
"6/4/2020 12:00:16 AM","383.1","","70","453.1","0","0","0","0","145","112.7","0","0","319.5","","319.5","29.7","0","349.2","",""
"6/5/2020 12:00:15 AM","326.5","33.1","106.69999999999999","433.2","0","0","0","0","246.2","53.099999999999994","0","125.5","464.50000000000006","","464.50000000000006","0","0","464.5","389.78000000000003",""
"6/6/2020 12:00:26 AM","0","0","0","0","0","0","0","0","0","0","0","0","0","0","0","0","0","0","",""
"6/7/2020 12:00:20 AM","0","0","0","0","0","0","0","0","0","0","0","0","0","0","0","0","0","0","",""
"6/8/2020 12:00:36 AM","366","14.8","6.1","372.1","0","0","62.60000000000001","129","0","46","16.4","0","303.49999999999994","","303.49999999999994","0","0","303.5","",""
"6/9/2020 12:00:16 AM","345.4","12.2","124.5","469.9","0","0","0","0","212.4","49.900000000000006","22.7","309.8","206.1","","206.1","0","0","206.1","",""
"6/10/2020 12:00:31 AM","318.8","50.400000000000006","150.7","469.5","0","0","0","0","0","44.8","0","0","444.1","818.5000000000001","444.1","0","0","444.1","",""
"6/11/2020 12:00:35 AM","351","156.3","55.3","406.3","0","0","132.3","127.59999999999998","96.4","0","23.8","58.1","202","","202","0","0","202","",""
"6/12/2020 12:00:11 AM","232.89999999999998","0","0","232.89999999999998","0","0","0","0","230","39","84.10000000000001","167.3","443.5000000000001","320.2","443.5000000000001","0","0","443.5","319.84000000000003",""
"6/13/2020 12:00:27 AM","0","69.6","47.900000000000006","47.900000000000006","0","0","0","0","0","160.7","22","0","177.79999999999998","248.10000000000002","177.79999999999998","0","0","177.8","",""
"6/14/2020 12:00:02 AM","0","0","0","0","0","0","0","0","0","0","0","0","0","0","0","0","0","0","",""
"6/15/2020 12:00:15 AM","0","0","0","0","0","0","0","0","0","0","0","0","0","0","0","0","0","0","",""
"6/16/2020 12:00:24 AM","0","0","0","0","0","0","0","0","0","0","0","0","0","0","0","0","0","0","",""
"6/17/2020 12:00:13 AM","0","0","0","0","0","0","0","0","0","0","0","0","0","0","0","0","0","0","",""
"6/18/2020 12:00:40 AM","342.59999999999997","0","0","342.59999999999997","0","0","0","0","0","0","0","0","0","0","0","0","0","0","",""
"6/19/2020 12:00:12 AM","67.1","5.1","92.3","159.39999999999998","0","0","0","0","0","0","0","0","249.6","199.4","249.6","0","0","249.6","49.92",""
"6/20/2020 12:00:15 AM","0","0","0","0","0","0","0","0","0","0","0","0","117.5","119.4","117.5","0","0","117.5","",""
"6/21/2020 12:00:24 AM","0","0","0","0","0","0","0","0","0","0","0","0","0","0","0","0","0","0","",""
"6/22/2020 12:00:25 AM","322.8","0","0","322.8","5.2","67.1","320.7","328.5","0","0","39.9","0","250.7","221","250.7","0","0","250.7","",""
"6/23/2020 12:00:25 AM","330.9","","112","442.9","0","0","272.2","323.1","171.2","107.19999999999999","49.7","0","181.2","189.4","181.2","96.7","34.4","277.9","",""
"6/24/2020 12:00:23 AM","288","0","0","288","74.3","164.9","75.4","73.3","108.9","29.4","24.7","0","438.7","476.2","438.7","0","0","438.7","",""
"6/25/2020 12:00:27 AM","376.59999999999997","","0","376.59999999999997","43.4","65.2","66.6","148.39999999999998","117.4","0","28.7","0","508.29999999999995","510.70000000000005","508.29999999999995","0","0","508.3","",""
"6/26/2020 12:00:17 AM","429.7","0","0","429.7","35.1","31.5","182.19999999999996","172.6","183.1","142.3","79.9","358.6","433.4","427.4","433.4","0","0","433.4","381.8",""
"6/27/2020 12:00:07 AM","99.4","0","0","99.4","0","0","0","0","90.4","0","20.9","0","283.9","349.59999999999997","283.9","0","0","283.9","",""
"6/28/2020 12:00:30 AM","0","0","0","0","0","0","0","0","0","0","0","0","0","0","0","0","0","0","",""
"6/29/2020 12:00:09 AM","197.9","0","0","197.9","74.5","149.5","33.5","68.1","163.8","0","47","0","154.9","115.3","154.9","181.9","25.7","336.8","",""
"6/30/2020 12:00:23 AM","403.2","0","0","403.2","34.5","41.3","159.2","242.79999999999998","0","78.8","0","0","432.50000000000006","478.5","432.50000000000006","0","0","432.5","",""
"7/1/2020 12:00:29 AM","241.60000000000002","2.1","35.7","277.3","12.1","21.4","131.3","323.4","97.8","0","22.5","0","213.8","257.5","213.8","0","0","213.8","",""
"7/2/2020 12:00:12 AM","257.1","12.200000000000001","119.8","376.90000000000003","0","0","64.3","51","298.4","0","34.3","0","275.2","280.70000000000005","275.2","0","0","275.2","",""
"7/3/2020 12:00:19 AM","0","0","0","0","0","0","0","0","0","0","0","0","0","0","0","0","0","0","251.66",""
"7/4/2020 12:00:30 AM","0","0","0","0","0","0","0","0","0","0","0","0","0","0","0","0","0","0","",""
"7/5/2020 12:00:08 AM","0","0","0","0","0","0","0","0","0","0","0","0","0","0","0","0","0","0","",""
"7/6/2020 12:00:18 AM","426.70000000000005","","0","426.70000000000005","56.9","72.3","86.49999999999999","246.60000000000002","137.4","78","26.8","0","554","611.0000000000001","554","0","0","554","",""
"7/7/2020 12:00:07 AM","451.1","","0","451.1","","65.8","","202.29999999999998","132.3","50.5","89.8","0","339.90000000000003","396.5","339.90000000000003","0","0","339.9","",""
"7/8/2020 12:00:25 AM","511.69999999999993","","0","511.69999999999993","0","0","","264","123.3","56.5","29.9","0","410.2","","410.2","0","0","410.2","",""
"7/9/2020 12:00:25 AM","501.79999999999995","","0","501.79999999999995","44.7","115.1","25.9","20.9","148.8","0","23.7","0","345.3999999999999","355.3","345.3999999999999","0","0","345.4","",""
"7/10/2020 12:00:12 AM","342.6","0","0","342.6","0","0","0","0","102.4","20.9","27","33","475.3","","475.3","0","0","475.3","424.96000000000004",""
"7/11/2020 12:00:22 AM","258.7","","0","258.7","0","0","0","0","0","0","0","0","0","0","0","0","0","0","",""
"7/12/2020 12:00:22 AM","0","0","0","0","0","0","0","0","0","0","0","0","0","0","0","0","0","0","",""
"7/13/2020 12:00:28 AM","94.9","0","0","94.9","97.30000000000001","104.7","100.7","173.1","83.9","0","23.3","98.44","488.1","","488.1","0","0","488.1","",""
"7/14/2020 12:00:17 AM","252.90000000000003","149.8","55.3","308.20000000000005","","200.7","","132.7","140","0","29.7","121.2","301.1","","301.1","0","0","301.1","",""
"7/15/2020 12:00:08 AM","135.5","0","0","135.5","50","42","39.400000000000006","118.80000000000001","130","76.1","52.3","0","527.8000000000001","522.8000000000001","527.8000000000001","0","0","527.8","",""
"7/16/2020 12:00:19 AM","439.00000000000006","25.8","129.6","568.6","50.7","62.300000000000004","169.40000000000003","177.60000000000002","62.8","88.30000000000001","0","0","209.7","281.9","209.7","0","0","209.7","",""
"7/17/2020 12:00:13 AM","363.29999999999995","5.8","13.2","376.49999999999994","17.2","16.3","55.800000000000004","90.30000000000001","0","0","0","0","185.6","172.89999999999998","185.6","239.60000000000002","","425.2","390.38000000000005",""
"7/18/2020 12:00:08 AM","296.5","14.2","93.7","390.2","0","0","79.1","113.4","0","0","0","0","19.1","64","19.1","105.5","","124.6","",""
"7/19/2020 12:00:28 AM","0","0","0","0","0","0","0","0","0","0","0","0","0","0","0","0","0","0","",""
"7/20/2020 12:00:21 AM","277.4","0","0","277.4","73.30000000000001","174.7","65.2","67.3","139.1","0","0","0","345.90000000000003","351.50000000000006","345.90000000000003","0","0","345.9","",""
"7/21/2020 12:00:13 AM","150.60000000000002","338.30000000000007","377.90000000000003","528.5","0","56.8","29.7","108.19999999999999","203.8","28.1","65.7","0","241.79999999999998","262.20000000000005","241.79999999999998","0","0","241.8","",""
"7/22/2020 12:00:15 AM","284.9","0","0","284.9","0","0","19.9","73.8","113.2","0","13.2","0","311.7","","311.7","0","0","311.7","",""
"7/23/2020 12:00:15 AM","268.8","0","0","268.8","38","30.2","89.1","118","66.6","146.2","50.3","0","234.4","221.70000000000002","234.4","0","0","234.4","",""
"7/24/2020 12:00:04 AM","225.8","9.4","43.300000000000004","269.1","109.3","177.20000000000002","87.6","77.8","0","0","0","134","389.09999999999997","426.4","389.09999999999997","0","0","389.1","304.58000000000004",""
"7/25/2020 12:00:05 AM","0","0","0","0","0","0","0","0","0","0","0","0","219.5","212.89999999999998","219.5","0","0","219.5","",""
"7/26/2020 12:00:12 AM","0","0","0","0","0","0","0","0","0","0","0","0","0","0","0","0","0","0","",""
"7/27/2020 12:00:16 AM","419","0","0","419","0","0","30","22.3","34.1","106.6","0","0","91.1","185.79999999999998","91.1","0","0","91.1","",""
"7/28/2020 12:00:07 AM","155.6","3.1","42.2","197.8","4.1","7.7","193","194.2","23.2","0","18.1","0","562.5","690.1999999999999","562.5","0","0","562.5","",""
"7/29/2020 12:00:10 AM","221.99999999999997","","13.1","235.09999999999997","117.1","202.3","29.1","19","0","0","0","0","480.3999999999999","","480.3999999999999","0","0","480.4","",""
"7/30/2020 12:00:11 AM","401.1","9.3","261.5","662.6","0","0","35.1","42","0","0","0","0","157.90000000000003","256.2","157.90000000000003","0","0","157.9","",""
"7/31/2020 12:00:23 AM","221.7","0","0","221.7","88.19999999999999","111.39999999999999","117.6","112.5","0","0","0","0","236.09999999999997","302.20000000000005","236.09999999999997","0","0","236.1","305.6",""
"8/1/2020 12:00:18 AM","0","93.7","119","119","0","0","0","0","0","0","0","0","0","0","0","0","0","0","",""
"8/2/2020 12:00:27 AM","0","0","0","0","0","0","0","0","0","0","0","0","0","0","0","0","0","0","",""
"8/3/2020 12:00:25 AM","347.4","2","92.1","439.5","0","0","37.5","33.6","158.5","0","0","106.5","318.5","351.5","318.5","0","0","318.5","",""
"8/4/2020 12:00:28 AM","180.30000000000004","","150.20000000000002","330.50000000000006","37.6","40.5","126.89999999999998","242.70000000000002","91","127.89999999999999","66.1","62.3","285","278.9","285","35.8","0","320.8","",""
"8/5/2020 12:00:20 AM","379.7","0","0","379.7","9.9","54.6","215.8","235.9","0","0","0","50.1","288.6","","288.6","0","0","288.6","",""
"8/6/2020 12:00:09 AM","225.2","4.2","62.4","287.59999999999997","0","0","112.30000000000001","150.3","0","0","0","0","199.1","221.60000000000002","199.1","302.5","96.9","501.6","",""
"8/7/2020 12:00:21 AM","454.69999999999993","","26.6","481.29999999999995","0","0","114.79999999999998","123","0","0","0","0","372.19999999999993","379.20000000000005","372.19999999999993","0","0","372.2","360.34000000000003",""
"8/8/2020 12:00:06 AM","212.95000000000002","0","0","212.95000000000002","0","0","0","0","0","0","0","0","90.9","","90.9","0","0","90.9","",""
"8/9/2020 12:00:10 AM","0","0","0","0","0","0","0","0","0","0","0","0","0","0","0","0","0","0","",""
"8/10/2020 12:00:26 AM","406.5","14.5","83.4","489.9","0","0","68","266","0","0","0","26.67","230.3","286.6","230.3","27.8","0","258.1","",""
"8/11/2020 12:00:07 AM","234.79999999999998","2.1","77.6","312.4","0","0","166.10000000000002","272.3","0","0","0","505.42","252.65","119.9","252.65","0","0","252.7","",""
"8/12/2020 12:00:15 AM","496.2","27.5","216.6","712.8","14","130.9","45.9","70","0","0","0","0","558.5000000000001","522.4","558.5000000000001","0","0","558.5","",""
"8/13/2020 12:00:20 AM","547.6999999999999","44.2","167.6","715.3","0","0","161.2","260.09999999999997","0","0","0","77.1","318","","318","0","0","318","",""
"8/14/2020 12:00:28 AM","204.8","","0","204.8","0","0","125.7","246.7","0","0","0","205.1","387.29999999999995","322","387.29999999999995","0","0","387.3","354.92",""
"8/15/2020 12:00:12 AM","0","0","0","0","0","0","0","0","0","0","0","0","150.8","115.1","150.8","0","0","150.8","",""
"8/16/2020 12:00:15 AM","0","0","0","0","0","0","0","0","0","0","0","0","0","0","0","0","0","0","",""
"8/17/2020 12:00:04 AM","425.3","","0","425.3","38.4","51.300000000000004","99.5","192.89999999999998","0","0","0","0","100.19999999999999","","100.19999999999999","0","0","100.2","",""
"8/18/2020 12:00:05 AM","444.59999999999997","","0","444.59999999999997","46.7","61.5","96.3","336.99999999999994","0","0","0","0","527.9","","527.9","137.6","100.8","665.5","",""
"8/19/2020 12:00:23 AM","620.4","","86","706.4","14.9","16.2","124.70000000000002","241.09999999999997","0","0","0","139.6","365.49999999999994","","365.49999999999994","0","0","365.5","",""
"8/20/2020 12:00:03 AM","341.3","","9.8","351.1","91","159.3","40.6","31.299999999999997","0","0","0","0","632.7","448.8","632.7","0","0","632.7","",""
"8/21/2020 12:00:17 AM","345.59999999999997","0","0","345.59999999999997","0","0","179.8","120.6","0","0","0","0","604.9999999999999","","604.9999999999999","0","0","605","473.78000000000003",""
"8/22/2020 12:00:09 AM","0","0","0","0","0","0","0","0","0","0","0","0","253.5","246","253.5","0","0","253.5","",""
"8/23/2020 12:00:19 AM","0","66.9","49.1","49.1","0","0","0","0","0","0","0","0","0","0","0","0","0","0","",""
"8/24/2020 12:00:24 AM","655.3","","0","655.3","0","0","0","0","48.5","0","0","0","351.99999999999994","353.9","351.99999999999994","0","0","352","",""
"8/25/2020 12:00:13 AM","511.4","","276.6","788","70.7","62.9","118.30000000000001","380.5","100.7","0","0","0","524.5","","524.5","0","0","524.5","",""
"8/26/2020 12:00:30 AM","491.5","","56.3","547.8","0","0","331.3","495.5","0","0","0","0","561.8","","561.8","0","0","561.8","",""
"8/27/2020 12:00:17 AM","581","5.1","126.5","707.5","106.60000000000001","97","5.9","10.3","104.6","132.9","0","2","282.9","297.5","282.9","0","0","282.9","",""
"8/28/2020 12:00:09 AM","273.59999999999997","0","0","273.59999999999997","0","0","0","0","48.800000000000004","0","79.5","0","577.6","507.09999999999997","577.6","0","0","577.6","",""
"8/29/2020 12:00:04 AM","0","0","0","0","0","0","0","0","0","0","0","0","43.9","27.9","43.9","0","0","43.9","",""
"8/30/2020 12:00:25 AM","0","0","0","0","0","0","0","0","0","0","0","0","0","0","0","0","0","0","",""
"8/31/2020 12:00:27 AM","174.9","0","55.2","230.10000000000002","0","0","0","0","47","79.5","54.6","0","284.6","83.10000000000001","284.6","0","0","284.6","",""
"9/1/2020 12:00:02 AM","389.40000000000003","0","0","389.40000000000003","3.4","98.1","214.3","290.4","0","0","0","0","336.80000000000007","375.2","336.80000000000007","0","0","336.8","",""
"9/2/2020 12:00:01 AM","326.7","0","0","326.7","30.6","130.2","75","84.8","0","0","0","0","535","105.6","0","0","0","535","",""
"9/3/2020 12:00:26 AM","332.4","","168.9","501.29999999999995","5","5.8","155.5","269.6","0","0","0","0","653.2","639.7","653.2","0","0","653.2","",""
"9/4/2020 12:00:27 AM","149.9","0","21.3","171.20000000000002","0","0","13.399999999999999","43.6","0","0","0","0","289.80000000000007","359","289.80000000000007","0","0","289.8","",""
"9/5/2020 12:00:28 AM","0","0","0","0","0","0","0","0","0","0","0","0","0","0","0","0","0","0","",""
"9/6/2020 12:00:13 AM","0","0","0","0","0","0","0","0","0","0","0","0","0","0","0","0","0","0","",""
"9/7/2020 12:00:31 AM","0","0","0","0","0","0","0","0","0","0","0","0","0","0","0","0","0","0","",""
"9/8/2020 12:00:28 AM","134.4","221.7","121.6","256","0","0","10.4","33.8","101.7","44.4","53.2","0","359.8999999999999","330.09999999999997","359.8999999999999","0","0","359.9","",""
"9/9/2020 12:00:18 AM","329.4000000000001","4","39","368.4000000000001","83.9","76.7","13.6","34.2","81.1","0","0","0","239.9","66.6","239.9","0","0","239.9","",""
"9/10/2020 12:00:20 AM","612.5999999999999","32.9","165.7","778.3","0","0","125.89999999999999","210.60000000000002","99","49.4","0","0","426.49999999999994","350.2","426.49999999999994","0","0","426.5","",""
"9/11/2020 12:00:31 AM","413.6","1","51","464.6","65.3","49.2","83.1","96.8","245.39999999999998","0","0","0","262.1","295.2","262.1","0","0","262.1","",""
"9/12/2020 12:00:25 AM","116.1","0","0","116.1","0","0","0","0","0","0","0","0","166.3","125.10000000000001","166.3","0","0","166.3","",""
"9/13/2020 12:00:04 AM","0","0","0","0","0","0","0","0","0","0","0","0","0","0","0","0","0","0","",""
"9/14/2020 12:00:31 AM","424.3999999999999","50","249.5","673.8999999999999","35","29.9","55.7","147.8","0","107.7","14.399999999999999","0","263.29999999999995","244.59999999999997","263.29999999999995","0","0","263.3","",""
"9/15/2020 12:00:09 AM","295.79999999999995","0","0","295.79999999999995","107.39999999999999","90.5","99.2","124","174.8","0","94.4","0","456.6","445.70000000000005","456.6","0","0","456.6","",""
"9/16/2020 12:00:05 AM","529.9","66.7","0","529.9","0","0","143.8","171.1","0","0","17.3","0","375","349.8","375","0","0","375","",""
"9/17/2020 12:00:13 AM","260.5","0","0","260.5","0","0","84.9","115.6","0","0","13.4","0","116.4","134.20000000000002","116.4","0","0","116.4","",""
"9/18/2020 12:00:26 AM","160.90000000000003","0","0","160.90000000000003","0","0","53.4","144.60000000000002","0","0","42.1","0","574","456.2","574","0","0","574","",""
"9/19/2020 12:00:15 AM","0","0","0","0","0","0","0","0","0","0","0","0","0","0","0","0","0","0","",""
"9/20/2020 12:00:08 AM","0","0","0","0","0","0","0","0","0","0","0","0","0","0","0","0","0","0","",""
"9/21/2020 12:00:19 AM","362.20000000000005","14.7","65.9","428.1","0","0","172.8","166.8","0","0","0","0","78.10000000000001","140.4","78.10000000000001","183.5","46.099999999999994","261.6","",""
"9/22/2020 12:00:32 AM","526.8","6.5","0","526.8","0","0","183","199","0","0","0","0","381.3","407.3","381.3","0","0","381.3","",""
"9/23/2020 12:00:20 AM","539.5","0","0","539.5","0","0","145.7","323.2","0","0","0","0","152.5","290.5","152.5","0","0","152.5","",""
"9/24/2020 12:00:24 AM","233.3","0","0","233.3","37.1","118.2","71.2","95","236.8","0","0","0","261.7","251.8","261.7","196.10000000000002","0","457.8","",""
"9/25/2020 12:00:14 AM","154.79999999999998","0","0","154.79999999999998","12.9","10.9","31.2","87.9","0","0","0","0","555.2","407.90000000000003","555.2","0","0","555.2","",""
"9/26/2020 12:00:30 AM","0","0","0","0","0","0","0","0","0","0","0","0","170.8","159.3","170.8","0","0","170.8","",""
"9/27/2020 12:00:16 AM","0","0","0","0","0","0","0","0","0","0","0","0","0","0","0","0","0","0","",""
"9/28/2020 12:00:14 AM","457.9","0","0","457.9","0","0","191.80000000000004","390","0","0","0","0","365.79999999999995","387.90000000000003","365.79999999999995","18.6","","384.4","",""
"9/29/2020 12:00:11 AM","454.40000000000003","0","0","454.40000000000003","0","0","166.7","401.4","0","72.8","0","0","384.1","","384.1","0","0","384.1","",""
"9/30/2020 12:00:04 AM","497.9","0","0","497.9","0","0","0","0","0","0","0","0","527.1","","527.1","0","0","527.1","",""
"10/1/2020 12:00:34 AM","419.6000000000001","60.4","0","419.6000000000001","138","111.89999999999999","231.89999999999998","227.7","0","0","0","0","373.6","502.0999999999999","373.6","0","0","373.6","",""
"10/2/2020 12:00:05 AM","263.1","0","0","263.1","0","0","181.9","299.6","320.19999999999993","27.3","0","0","439.3","359.90000000000003","439.3","0","0","439.3","",""
"10/3/2020 12:00:03 AM","0","0","0","0","0","0","0","0","0","0","0","0","0","0","0","0","0","0","",""
"10/4/2020 12:00:14 AM","0","0","0","0","0","0","0","0","0","0","0","0","0","0","0","0","0","0","",""
"10/5/2020 12:00:11 AM","258.70000000000005","6.3","0","258.70000000000005","80.1","107","33.6","17.4","0","0","22.8","0","354","","354","0","0","354","",""
"10/6/2020 12:00:17 AM","380.4","","114.8","495.2","41","30.7","102.1","189.00000000000003","87.7","40.3","107","0","339.9","454","339.9","36.5","0","376.4","",""
"10/7/2020 12:00:26 AM","347.09999999999997","0","15.3","362.4","0","0","196.3","332.3","149.7","0","0","0","288.40000000000003","281.1","288.40000000000003","0","0","288.4","",""
"10/8/2020 12:00:12 AM","718.7","2","81","799.7","0","0","273.4","362.50000000000006","0","0","0","0","400.6","","400.6","0","0","400.6","",""
"10/9/2020 12:00:24 AM","348.4","0","79.4","427.79999999999995","0","0","131.2","285.09999999999997","276.2","33.4","38.800000000000004","0","268.09999999999997","254.7","268.09999999999997","185.69999999999996","0","453.8","",""
"10/10/2020 12:00:18 AM","0","0","0","0","0","0","0","0","0","0","0","0","0","0","0","0","0","0","",""
"10/11/2020 12:00:05 AM","0","0","0","0","0","0","0","0","0","0","0","0","0","0","0","0","0","0","",""
"10/12/2020 12:00:20 AM","229.6","1","24.3","253.9","58.5","135.3","100.9","101","255.3","139.3","60.8","0","388.59999999999997","409.9","388.59999999999997","0","0","388.6","",""
"10/13/2020 12:00:27 AM","736.7","","143.70000000000002","880.4000000000001","38.5","93.8","138.60000000000002","147.39999999999998","65.6","0","0","0","390.7","440.20000000000005","390.7","0","0","390.7","",""
"10/14/2020 12:00:16 AM","281.5","","113.80000000000001","395.3","18.2","33.3","57","47.4","0","93.8","83.89999999999999","0","493.6","535.9000000000001","493.6","0","0","493.6","",""
"10/15/2020 12:00:27 AM","280.6","8.2","0","280.6","108.6","87.7","173","239.70000000000002","74.4","167.5","105.5","0","320.29999999999995","","320.29999999999995","0","0","320.3","",""
"10/16/2020 12:00:16 AM","225.2","0","117.6","342.79999999999995","0","56.8","93.39999999999999","205","86.4","65.5","61.7","0","447.59999999999997","","447.59999999999997","0","0","447.6","",""
"10/17/2020 12:00:27 AM","0","0","0","0","0","0","0","0","0","173","0","0","193","145.3","193","0","0","193","",""
"10/18/2020 12:00:36 AM","0","0","0","0","0","0","0","0","0","0","0","0","0","0","0","0","0","0","",""
"10/19/2020 12:00:15 AM","490.5","34.4","70.4","560.9","0","0","0","0","219.3","0","56.8","0","472","548.9","472","0","0","472","",""
"10/20/2020 12:00:36 AM","582.2","0","123.4","705.6","0","0","158.1","146.3","168.5","103.8","19.4","0","668.7999999999998","659.7999999999998","668.7999999999998","0","0","668.8","",""
"10/21/2020 12:00:12 AM","415.1","43.89999999999999","10.7","425.8","0","0","417.19999999999993","700.4999999999999","135.7","86","62","0","512.5","566","512.5","16","0","528.5","",""
"10/22/2020 12:00:07 AM","223","27.599999999999998","54.2","277.2","23.3","5.3","23.2","17.8","143.8","87.5","0","0","377.29999999999995","397.9","377.29999999999995","0","0","377.3","",""
"10/23/2020 12:00:24 AM","139.2","2","37.1","176.29999999999998","115.5","192.1","26.9","41","99.5","26.6","0","0","343.1","","343.1","0","0","343.1","",""
"10/24/2020 12:00:09 AM","0","0","0","0","0","0","0","0","0","0","0","0","0","0","0","0","0","0","",""
"10/25/2020 12:00:20 AM","0","0","0","0","0","0","0","0","0","0","0","0","0","0","0","0","0","0","",""
"10/26/2020 12:00:29 AM","255.60000000000005","211.20000000000002","95","350.6","0","0","36.1","78.9","41","48.4","15.2","0","424.00000000000006","","424.00000000000006","0","0","424","",""
"10/27/2020 12:00:17 AM","242.70000000000002","59.8","164.5","407.20000000000005","0","0","68.3","54.1","98.1","0","0","0","207.7","1762.1000000000001","207.7","0","0","207.7","",""
"10/28/2020 12:00:08 AM","426.6000000000001","431.4","95.4","522.0000000000001","601","63.8","41.3","33.3","132.5","0","24.9","0","185","552.4","185","0","0","185","",""
"10/29/2020 12:00:25 AM","350.1","","50.8","400.90000000000003","125.6","130","20.4","93","100.2","0","12.1","0","275.29999999999995","","275.29999999999995","33.4","7.6","308.7","",""
"10/30/2020 12:00:15 AM","370.6","60.7","0","370.6","0","0","192.40000000000003","299.9","44.6","153.1","9.4","0","368.09999999999997","286.9","368.09999999999997","0","0","368.1","",""
"10/31/2020 12:00:24 AM","0","0","0","0","0","0","0","0","0","0","0","0","0","0","0","0","0","0","",""
"11/1/2020 12:00:27 AM","0","0","0","0","0","0","0","0","0","0","0","0","0","0","0","0","0","0","",""
"11/2/2020 12:00:08 AM","248.4","11.7","0","248.4","0","0","98.4","146.6","0","0","0","0","199","183","199","0","0","199","",""
"11/3/2020 12:00:21 AM","366.8","22.400000000000002","0","366.8","0","0","49.2","46.1","145.39999999999998","98.5","86.6","0","398","","398","0","0","398","",""
"11/4/2020 12:00:02 AM","274.1","0","0","274.1","144.60000000000002","150","129.5","105.3","80","135.70000000000002","0","0","456.9","1068.2","456.9","0","0","456.9","",""
"11/5/2020 12:00:23 AM","399.70000000000005","310.90000000000003","120.60000000000001","520.3000000000001","15.5","13.1","155.2","127.4","258.6","0","0","0","459.59999999999997","567.3","459.59999999999997","0","0","459.6","",""
"11/6/2020 12:00:14 AM","196.00000000000003","","114","310","0","0","136.5","420.1","0","65.5","0","0","382.7","","382.7","0","0","382.7","",""
"11/7/2020 12:00:06 AM","0","0","0","0","0","0","0","0","0","0","0","0","0","0","0","0","0","0","",""
"11/8/2020 12:00:37 AM","0","0","0","0","0","0","0","0","0","0","0","0","0","0","0","0","0","0","",""
"11/9/2020 12:00:27 AM","421.69999999999993","36.2","0","421.69999999999993","0","0","155.5","333.59999999999997","0","57.4","92.9","0","346","290","346","0","0","346","",""
"11/10/2020 12:00:30 AM","403.6","189.1","75.1","478.70000000000005","47","39.9","281.8","330.6","167.1","0","0","0","483.5","391.5","483.5","0","0","483.5","",""
"11/11/2020 12:00:08 AM","902.1999999999999","189.3","56.400000000000006","958.5999999999999","32.6","33.400000000000006","234.40000000000003","296.2","178.60000000000002","0","20.5","0","420","419.79999999999995","420","0","0","420","",""
"11/12/2020 12:00:30 AM","437.6","","0","437.6","61.10000000000001","233.7","159.7","258.6","212.49999999999997","140.4","110","0","332.09999999999997","368.2","332.09999999999997","0","0","332.1","",""
"11/13/2020 12:00:04 AM","549.7000000000002","149.5","39.9","589.6000000000001","24.1","65.9","165.2","253.9","102.80000000000001","38.4","0","0","580.5999999999999","575.9","580.5999999999999","0","0","580.6","",""
"11/14/2020 12:00:15 AM","0","0","0","0","0","0","0","0","0","0","0","0","47.7","21.2","47.7","0","0","47.7","",""
"11/15/2020 12:00:11 AM","0","0","0","0","0","0","0","0","0","0","0","0","0","0","0","0","0","0","",""
"11/16/2020 12:00:24 AM","213.39999999999998","30.4","14.6","227.99999999999997","0","0","53.4","54.5","99.9","0","0","0","254.79999999999998","255.70000000000005","254.79999999999998","0","0","254.8","",""
"11/17/2020 12:00:22 AM","295.59999999999997","181.1","84.80000000000001","380.4","0","0","158.4","200.70000000000002","128.8","0","39.3","0","267.2","","267.2","0","0","267.2","",""
"11/18/2020 12:00:20 AM","460.09999999999997","5.4","0","460.09999999999997","0","0","158.40000000000003","267.49999999999994","78.4","48.4","0","0","457.9000000000001","550.4999999999999","457.9000000000001","39.9","46.2","497.8","",""
"11/19/2020 12:00:28 AM","175.2","1","0","175.2","0","0","165.1","152.5","94.5","94.1","28.299999999999997","0","304.2","359.40000000000003","304.2","0","0","304.2","",""
"11/20/2020 12:00:28 AM","267.3","5.2","133.5","400.8","48.7","41.5","119.30000000000001","101.6","52.7","39.6","51.8","0","214.40000000000003","265.70000000000005","214.40000000000003","0","0","214.4","",""
"11/21/2020 12:00:05 AM","0","0","0","0","0","0","0","0","0","0","0","0","0","0","0","0","0","0","",""
"11/22/2020 12:00:22 AM","0","0","0","0","0","0","0","0","0","0","0","0","0","0","0","0","0","0","",""
"11/23/2020 12:00:17 AM","613.8","0","0","613.8","35.800000000000004","125.30000000000001","82.7","132.2","97.9","0","0","0","202.49999999999997","184.29999999999998","202.49999999999997","0","0","202.5","",""
"11/24/2020 12:00:27 AM","719.9999999999998","52.89999999999999","36.4","756.3999999999997","52.6","95.6","124.4","221.40000000000003","0","23.1","0","0","559.6","694.9","559.6","0","0","559.6","",""
"11/25/2020 12:00:15 AM","277.6","0","0","277.6","78","89.4","121.80000000000001","170.2","264.9","0","0","0","527.8","2910.8","527.8","0","0","527.8","",""
"11/26/2020 12:00:06 AM","0","0","0","0","0","0","0","0","0","0","0","0","0","0","0","0","0","0","",""
"11/27/2020 12:00:34 AM","0","0","0","0","0","0","0","0","0","0","0","0","0","0","0","0","0","0","",""
"11/28/2020 12:00:04 AM","0","0","0","0","0","0","0","0","0","0","0","0","0","0","0","0","0","0","",""
"11/29/2020 12:00:27 AM","0","0","0","0","0","0","0","0","0","0","0","0","0","0","0","0","0","0","",""
"11/30/2020 12:00:11 AM","55","72.2","19","74","0","0","0","0","165.2","24.1","106.6","0","262.5","321.99999999999994","262.5","0","0","262.5","",""
"12/1/2020 12:00:19 AM","181.7","0","0","181.7","0","0","0","0","0","0","0","0","74.2","79.3","74.2","0","0","74.2","",""
"12/2/2020 12:00:14 AM","79.89999999999999","66.3","33","112.89999999999999","0","0","0","0","0","0","0","0","317.29999999999995","253.89999999999998","317.29999999999995","0","0","317.3","",""
"12/3/2020 12:00:31 AM","332.79999999999995","5.3","0","332.79999999999995","0","0","0","0","0","0","0","0","486.5","1310.3000000000002","486.5","111.60000000000001","71.1","598.1","",""
"12/4/2020 12:00:06 AM","419.4","0","0","419.4","0","0","58","65.5","0","0","0","0","149.89999999999998","192.4","149.89999999999998","0","0","149.9","",""
"12/5/2020 12:00:19 AM","0","0","0","0","0","0","0","0","0","0","0","0","19","16.3","19","55.4","66.6","74.4","",""
"12/6/2020 12:00:32 AM","0","0","0","0","0","0","0","0","0","0","0","0","0","0","0","0","0","0","",""
"12/7/2020 12:00:24 AM","271.9","0","0","271.9","3.5","71.7","185.6","257.29999999999995","99.3","0","71","0","170.89999999999998","154.2","170.89999999999998","0","0","170.9","",""
"12/8/2020 12:00:34 AM","328.59999999999997","0","0","328.59999999999997","0","141","13.1","19.6","106.4","19.6","0","0","420.70000000000005","","420.70000000000005","0","0","420.7","",""
"12/9/2020 12:00:31 AM","0.44","0","0","0.44","0","0","16","64.8","0","0","0","0","374.64","374.90000000000003","374.64","0","0","374.6","",""
"12/10/2020 12:00:14 AM","143.5","6.2","0","143.5","0","0","0","0","0","0","0","0","238.39999999999998","105.5","238.39999999999998","0","0","238.4","",""
"12/11/2020 12:00:06 AM","95.9","0","0","95.9","17.9","29.4","","0","0","0","0","0","45.9","","45.9","0","0","45.9","",""
"12/12/2020 12:00:27 AM","0","0","0","0","0","0","0","0","0","0","0","0","0","0","0","0","0","0","",""
"12/13/2020 12:00:27 AM","0","0","0","0","0","0","0","0","0","0","0","0","0","0","0","0","0","0","",""
"3/5/2026 12:00:19 AM","0","0","0","0","0","0","0","0","0","0","0","0","0","0","0","0","0","0","",""
"3/6/2026 12:00:29 AM","0","0","0","0","0","0","0","0","0","0","0","0","0","0","0","0","0","0","",""
"3/7/2026 12:00:16 AM","0","0","0","0","0","0","0","0","0","0","0","0","0","0","0","0","0","0","",""
"3/8/2026 12:00:21 AM","0","0","0","0","0","0","0","0","0","0","0","0","0","0","0","0","0","0","",""
"3/9/2026 12:00:31 AM","0","0","0","0","0","0","0","0","0","0","0","0","0","0","0","0","0","0","",""
"3/10/2026 12:00:10 AM","0","0","0","0","0","0","0","0","0","0","0","0","0","0","0","0","0","0","",""
"3/11/2026 12:00:15 AM","0","0","0","0","0","0","0","0","0","0","0","0","0","0","0","0","0","0","",""
"3/12/2026 12:00:13 AM","0","0","0","0","0","0","0","0","0","0","0","0","0","0","0","0","0","0","",""
"3/13/2026 12:00:24 AM","0","0","0","0","0","0","0","0","0","0","0","0","0","0","0","0","0","0","",""
"3/14/2026 12:00:23 AM","0","0","0","0","0","0","0","0","0","0","0","0","0","0","0","0","0","0","",""
"3/15/2026 12:00:25 AM","0","0","0","0","0","0","0","0","0","0","0","0","0","0","0","0","0","0","",""
"3/16/2026 12:00:10 AM","0","0","0","0","0","0","0","0","0","0","0","0","0","0","0","0","0","0","",""
"3/17/2026 12:00:06 AM","0","0","0","0","0","0","0","0","0","0","0","0","0","0","0","0","0","0","",""
"3/18/2026 12:00:27 AM","0","0","0","0","0","0","0","0","0","0","0","0","0","0","0","0","0","0","",""
"3/19/2026 12:00:04 AM","0","0","0","0","0","0","0","0","0","0","0","0","0","0","0","0","0","0","",""
"3/20/2026 12:00:30 AM","0","0","0","0","0","0","0","0","0","0","0","0","0","0","0","0","0","0","",""
"3/21/2026 12:00:30 AM","0","0","0","0","0","0","0","0","0","0","0","0","0","0","0","0","0","0","",""
"3/22/2026 12:00:28 AM","0","0","0","0","0","0","0","0","0","0","0","0","0","0","0","0","0","0","",""
"3/23/2026 12:00:29 AM","0","0","0","0","0","0","0","0","0","0","0","0","0","0","0","0","0","0","",""
"3/24/2026 12:00:03 AM","0","0","0","0","0","0","0","0","0","0","0","0","0","0","0","0","0","0","",""
"3/25/2026 12:00:26 AM","0","0","0","0","0","0","0","0","0","0","0","0","0","0","0","0","0","0","",""
"3/26/2026 12:00:04 AM","0","0","0","0","0","0","0","0","0","0","0","0","0","0","0","0","0","0","",""
"3/27/2026 12:00:29 AM","0","0","0","0","0","0","0","0","0","0","0","0","0","0","0","0","0","0","",""
"3/28/2026 12:00:32 AM","0","0","0","0","0","0","0","0","0","0","0","0","0","0","0","0","0","0","",""
"3/29/2026 12:00:19 AM","0","0","0","0","0","0","0","0","0","0","0","0","0","0","0","0","0","0","",""
"3/30/2026 12:00:21 AM","0","0","0","0","0","0","0","0","0","0","0","0","0","0","0","0","0","0","",""
"3/31/2026 12:00:26 AM","0","0","0","0","0","0","0","0","0","0","0","0","0","0","0","0","0","0","",""
"4/1/2026 12:00:24 AM","0","0","0","0","0","0","0","0","0","0","0","0","0","0","0","0","0","0","",""
"4/2/2026 12:00:09 AM","0","0","0","0","0","0","0","0","0","0","0","0","0","0","0","0","0","0","",""
"4/3/2026 12:00:11 AM","0","0","0","0","0","0","0","0","0","0","0","0","0","0","0","0","0","0","",""
"4/4/2026 12:00:03 AM","0","0","0","0","0","0","0","0","0","0","0","0","0","0","0","0","0","0","",""
"4/5/2026 12:00:26 AM","0","0","0","0","0","0","0","0","0","0","0","0","0","0","0","0","0","0","",""
"4/6/2026 12:00:15 AM","0","0","0","0","0","0","0","0","0","0","0","0","0","0","0","0","0","0","",""
"4/7/2026 12:00:30 AM","0","0","0","0","0","0","0","0","0","0","0","0","0","0","0","0","0","0","",""
"4/8/2026 12:00:07 AM","0","0","0","0","0","0","0","0","0","0","0","0","0","0","0","0","0","0","",""
"4/9/2026 12:00:12 AM","0","0","0","0","0","0","0","0","0","0","0","0","0","0","0","0","0","0","",""
"4/10/2026 12:00:27 AM","0","0","0","0","0","0","0","0","0","0","0","0","0","0","0","0","0","0","",""
"4/11/2026 12:00:30 AM","0","0","0","0","0","0","0","0","0","0","0","0","0","0","0","0","0","0","",""
"4/12/2026 12:00:26 AM","0","0","0","0","0","0","0","0","0","0","0","0","0","0","0","0","0","0","",""
"4/13/2026 12:00:19 AM","0","0","0","0","0","0","0","0","0","0","0","0","0","0","0","0","0","0","",""
"4/14/2026 12:00:16 AM","0","0","0","0","0","0","0","0","0","0","0","0","0","0","0","0","0","0","",""
"4/15/2026 12:00:15 AM","0","0","0","0","0","0","0","0","0","0","0","0","0","0","0","0","0","0","",""
"4/16/2026 12:00:11 AM","0","0","0","0","0","0","0","0","0","0","0","0","0","0","0","0","0","0","",""
"4/17/2026 12:00:18 AM","0","0","0","0","0","0","0","0","0","0","0","0","0","0","0","0","0","0","",""
"4/18/2026 12:00:21 AM","0","0","0","0","0","0","0","0","0","0","0","0","0","0","0","0","0","0","",""
"4/19/2026 12:00:05 AM","0","0","0","0","0","0","0","0","0","0","0","0","0","0","0","0","0","0","",""
"4/20/2026 12:00:05 AM","0","0","0","0","0","0","0","0","0","0","0","0","0","0","0","0","0","0","",""
"4/21/2026 12:00:19 AM","0","0","0","0","0","0","0","0","0","0","0","0","0","0","0","0","0","0","",""
"4/22/2026 12:00:08 AM","0","0","0","0","0","0","0","0","0","0","0","0","0","0","0","0","0","0","",""
"4/23/2026 12:00:14 AM","0","0","0","0","0","0","0","0","0","0","0","0","0","0","0","0","0","0","",""
"4/24/2026 12:00:12 AM","0","0","0","0","0","0","0","0","0","0","0","0","0","0","0","0","0","0","",""
"4/25/2026 12:00:20 AM","0","0","0","0","0","0","0","0","0","0","0","0","0","0","0","0","0","0","",""
"4/26/2026 12:00:27 AM","0","0","0","0","0","0","0","0","0","0","0","0","0","0","0","0","0","0","",""
"4/27/2026 12:00:33 AM","0","0","0","0","0","0","0","0","0","0","0","0","0","0","0","0","0","0","",""
"4/28/2026 12:00:13 AM","0","0","0","0","0","0","0","0","0","0","0","0","0","0","0","0","0","0","",""
"4/29/2026 12:00:11 AM","0","0","0","0","0","0","0","0","0","0","0","0","0","0","0","0","0","0","",""
"4/30/2026 12:00:06 AM","0","0","0","0","0","0","0","0","0","0","0","0","0","0","0","0","0","0","",""
"5/1/2026 12:00:18 AM","0","0","0","0","0","0","0","0","0","0","0","0","0","0","0","0","0","0","",""
"5/2/2026 12:00:26 AM","0","0","0","0","0","0","0","0","0","0","0","0","0","0","0","0","0","0","",""
"5/3/2026 12:00:25 AM","0","0","0","0","0","0","0","0","0","0","0","0","0","0","0","0","0","0","",""
"5/4/2026 12:00:11 AM","0","0","0","0","0","0","0","0","0","0","0","0","0","0","0","0","0","0","",""
"5/5/2026 12:00:35 AM","0","0","0","0","0","0","0","0","0","0","0","0","0","0","0","0","0","0","",""
"5/6/2026 12:00:29 AM","0","0","0","0","0","0","0","0","0","0","0","0","0","0","0","0","0","0","",""
"5/7/2026 12:00:30 AM","0","0","0","0","0","0","0","0","0","0","0","0","0","0","0","0","0","0","",""
"5/8/2026 12:00:13 AM","0","0","0","0","0","0","0","0","0","0","0","0","0","0","0","0","0","0","",""
"5/9/2026 12:00:07 AM","0","0","0","0","0","0","0","0","0","0","0","0","0","0","0","0","0","0","",""
"5/10/2026 12:00:06 AM","0","0","0","0","0","0","0","0","0","0","0","0","0","0","0","0","0","0","",""
"5/11/2026 12:00:06 AM","0","0","0","0","0","0","0","0","0","0","0","0","0","0","0","0","0","0","",""
"5/12/2026 12:00:19 AM","0","0","0","0","0","0","0","0","0","0","0","0","0","0","0","0","0","0","",""
"5/13/2026 12:00:32 AM","0","0","0","0","0","0","0","0","0","0","0","0","0","0","0","0","0","0","",""
"5/14/2026 12:00:18 AM","0","0","0","0","0","0","0","0","0","0","0","0","0","0","0","0","0","0","",""
"5/15/2026 12:00:11 AM","0","0","0","0","0","0","0","0","0","0","0","0","0","0","0","0","0","0","",""
"5/16/2026 12:00:29 AM","0","0","0","0","0","0","0","0","0","0","0","0","0","0","0","0","0","0","",""
"5/17/2026 12:00:04 AM","0","0","0","0","0","0","0","0","0","0","0","0","0","0","0","0","0","0","",""
"5/18/2026 12:00:26 AM","0","0","0","0","0","0","0","0","0","0","0","0","0","0","0","0","0","0","",""
"5/19/2026 12:00:25 AM","0","0","0","0","0","0","0","0","0","0","0","0","0","0","0","0","0","0","",""
"5/20/2026 12:00:22 AM","0","0","0","0","0","0","0","0","0","0","0","0","0","0","0","0","0","0","",""
"5/21/2026 12:00:15 AM","0","0","0","0","0","0","0","0","0","0","0","0","0","0","0","0","0","0","",""
"5/22/2026 12:00:17 AM","0","0","0","0","0","0","0","0","0","0","0","0","0","0","0","0","0","0","",""
"5/23/2026 12:00:09 AM","0","0","0","0","0","0","0","0","0","0","0","0","0","0","0","0","0","0","",""
"5/24/2026 12:00:17 AM","0","0","0","0","0","0","0","0","0","0","0","0","0","0","0","0","0","0","",""
"5/25/2026 12:00:21 AM","0","0","0","0","0","0","0","0","0","0","0","0","0","0","0","0","0","0","",""
"5/26/2026 12:00:09 AM","0","0","0","0","0","0","0","0","0","0","0","0","0","0","0","0","0","0","",""
"5/27/2026 12:00:04 AM","0","0","0","0","0","0","0","0","0","0","0","0","0","0","0","0","0","0","",""
"5/28/2026 12:00:18 AM","0","0","0","0","0","0","0","0","0","0","0","0","0","0","0","0","0","0","",""
"5/29/2026 12:00:10 AM","0","0","0","0","0","0","0","0","0","0","0","0","0","0","0","0","0","0","",""
"5/30/2026 12:00:17 AM","0","0","0","0","0","0","0","0","0","0","0","0","0","0","0","0","0","0","",""
"5/31/2026 12:00:16 AM","0","0","0","0","0","0","0","0","0","0","0","0","0","0","0","0","0","0","",""
"6/1/2026 12:00:11 AM","0","0","0","0","0","0","0","0","0","0","0","0","0","0","0","0","0","0","",""
"6/2/2026 12:00:26 AM","0","0","0","0","0","0","0","0","0","0","0","0","0","0","0","0","0","0","",""
"6/3/2026 12:00:28 AM","0","0","0","0","0","0","0","0","0","0","0","0","0","0","0","0","0","0","",""
"6/4/2026 12:00:31 AM","0","0","0","0","0","0","0","0","0","0","0","0","0","0","0","0","0","0","",""
"6/5/2026 12:00:33 AM","0","0","0","0","0","0","0","0","0","0","0","0","0","0","0","0","0","0","",""
"6/6/2026 12:00:29 AM","0","0","0","0","0","0","0","0","0","0","0","0","0","0","0","0","0","0","",""
"6/7/2026 12:00:29 AM","0","0","0","0","0","0","0","0","0","0","0","0","0","0","0","0","0","0","",""
"6/8/2026 12:00:13 AM","0","0","0","0","0","0","0","0","0","0","0","0","0","0","0","0","0","0","",""
"6/9/2026 12:00:12 AM","0","0","0","0","0","0","0","0","0","0","0","0","0","0","0","0","0","0","",""
"6/10/2026 12:00:15 AM","0","0","0","0","0","0","0","0","0","0","0","0","0","0","0","0","0","0","",""
"6/11/2026 12:00:05 AM","0","0","0","0","0","0","0","0","0","0","0","0","0","0","0","0","0","0","",""
"6/12/2026 12:00:22 AM","0","0","0","0","0","0","0","0","0","0","0","0","0","0","0","0","0","0","",""
"6/13/2026 12:00:12 AM","0","0","0","0","0","0","0","0","0","0","0","0","0","0","0","0","0","0","",""
"6/14/2026 12:00:25 AM","0","0","0","0","0","0","0","0","0","0","0","0","0","0","0","0","0","0","",""
"6/15/2026 12:00:14 AM","0","0","0","0","0","0","0","0","0","0","0","0","0","0","0","0","0","0","",""
"6/16/2026 12:00:25 AM","0","0","0","0","0","0","0","0","0","0","0","0","0","0","0","0","0","0","",""
"6/17/2026 12:00:09 AM","0","0","0","0","0","0","0","0","0","0","0","0","0","0","0","0","0","0","",""
"6/18/2026 12:00:26 AM","0","0","0","0","0","0","0","0","0","0","0","0","0","0","0","0","0","0","",""
"6/19/2026 12:00:25 AM","0","0","0","0","0","0","0","0","0","0","0","0","0","0","0","0","0","0","",""
"6/20/2026 12:00:22 AM","0","0","0","0","0","0","0","0","0","0","0","0","0","0","0","0","0","0","",""
"6/21/2026 12:00:09 AM","0","0","0","0","0","0","0","0","0","0","0","0","0","0","0","0","0","0","",""
"6/22/2026 12:00:23 AM","0","0","0","0","0","0","0","0","0","0","0","0","0","0","0","0","0","0","",""
"6/23/2026 12:00:12 AM","0","0","0","0","0","0","0","0","0","0","0","0","0","0","0","0","0","0","",""
"6/24/2026 12:00:26 AM","0","0","0","0","0","0","0","0","0","0","0","0","0","0","0","0","0","0","",""
"6/25/2026 12:00:01 AM","0","0","0","0","0","0","0","0","0","0","0","0","0","0","0","0","0","0","",""
"6/26/2026 12:00:29 AM","0","0","0","0","0","0","0","0","0","0","0","0","0","0","0","0","0","0","",""
"6/27/2026 12:00:29 AM","0","0","0","0","0","0","0","0","0","0","0","0","0","0","0","0","0","0","",""
"6/28/2026 12:00:15 AM","0","0","0","0","0","0","0","0","0","0","0","0","0","0","0","0","0","0","",""
"6/29/2026 12:00:25 AM","0","0","0","0","0","0","0","0","0","0","0","0","0","0","0","0","0","0","",""
"6/30/2026 12:00:02 AM","0","0","0","0","0","0","0","0","0","0","0","0","0","0","0","0","0","0","",""
"7/1/2026 12:00:07 AM","0","0","0","0","0","0","0","0","0","0","0","0","0","0","0","0","0","0","",""
"7/2/2026 12:00:08 AM","0","0","0","0","0","0","0","0","0","0","0","0","0","0","0","0","0","0","",""
"7/3/2026 12:00:04 AM","0","0","0","0","0","0","0","0","0","0","0","0","0","0","0","0","0","0","",""
"7/4/2026 12:00:31 AM","0","0","0","0","0","0","0","0","0","0","0","0","0","0","0","0","0","0","",""
"7/5/2026 12:01:30 AM","0","0","0","0","0","0","0","0","0","0","0","0","0","0","0","0","0","0","",""
"7/6/2026 12:00:06 AM","0","0","0","0","0","0","0","0","0","0","0","0","0","0","0","0","0","0","",""
"7/7/2026 12:00:03 AM","0","0","0","0","0","0","0","0","0","0","0","0","0","0","0","0","0","0","",""
"7/8/2026 12:00:12 AM","0","0","0","0","0","0","0","0","0","0","0","0","0","0","0","0","0","0","",""
"7/9/2026 12:00:24 AM","0","0","0","0","0","0","0","0","0","0","0","0","0","0","0","0","0","0","",""
"7/10/2026 12:00:19 AM","0","0","0","0","0","0","0","0","0","0","0","0","0","0","0","0","0","0","",""
"7/11/2026 12:00:22 AM","0","0","0","0","0","0","0","0","0","0","0","0","0","0","0","0","0","0","",""
"7/12/2026 12:00:07 AM","0","0","0","0","0","0","0","0","0","0","0","0","0","0","0","0","0","0","",""
"7/13/2026 12:00:03 AM","0","0","0","0","0","0","0","0","0","0","0","0","0","0","0","0","0","0","",""
"7/14/2026 12:00:22 AM","0","0","0","0","0","0","0","0","0","0","0","0","0","0","0","0","0","0","",""
"7/15/2026 12:00:10 AM","0","0","0","0","0","0","0","0","0","0","0","0","0","0","0","0","0","0","",""
"7/16/2026 12:00:18 AM","0","0","0","0","0","0","0","0","0","0","0","0","0","0","0","0","0","0","",""
"7/17/2026 12:00:11 AM","0","0","0","0","0","0","0","0","0","0","0","0","0","0","0","0","0","0","",""
"7/18/2026 12:00:22 AM","0","0","0","0","0","0","0","0","0","0","0","0","0","0","0","0","0","0","",""
"7/19/2026 12:00:09 AM","0","0","0","0","0","0","0","0","0","0","0","0","0","0","0","0","0","0","",""
"7/20/2026 12:00:11 AM","0","0","0","0","0","0","0","0","0","0","0","0","0","0","0","0","0","0","",""
"7/21/2026 12:00:21 AM","0","0","0","0","0","0","0","0","0","0","0","0","0","0","0","0","0","0","",""
"7/22/2026 12:00:25 AM","0","0","0","0","0","0","0","0","0","0","0","0","0","0","0","0","0","0","",""
"7/23/2026 12:00:21 AM","0","0","0","0","0","0","0","0","0","0","0","0","0","0","0","0","0","0","",""
"7/24/2026 12:00:15 AM","0","0","0","0","0","0","0","0","0","0","0","0","0","0","0","0","0","0","",""
"7/25/2026 12:00:13 AM","0","0","0","0","0","0","0","0","0","0","0","0","0","0","0","0","0","0","",""
"7/26/2026 12:00:18 AM","0","0","0","0","0","0","0","0","0","0","0","0","0","0","0","0","0","0","",""
"7/27/2026 12:00:16 AM","0","0","0","0","0","0","0","0","0","0","0","0","0","0","0","0","0","0","",""
"7/28/2026 12:00:07 AM","0","0","0","0","0","0","0","0","0","0","0","0","0","0","0","0","0","0","",""
"7/29/2026 12:00:01 AM","0","0","0","0","0","0","0","0","0","0","0","0","0","0","0","0","0","0","",""
"7/30/2026 12:00:18 AM","0","0","0","0","0","0","0","0","0","0","0","0","0","0","0","0","0","0","",""
"7/31/2026 12:00:06 AM","0","0","0","0","0","0","0","0","0","0","0","0","0","0","0","0","0","0","",""
"8/1/2026 12:00:14 AM","0","0","0","0","0","0","0","0","0","0","0","0","0","0","0","0","0","0","",""
"8/2/2026 12:00:32 AM","0","0","0","0","0","0","0","0","0","0","0","0","0","0","0","0","0","0","",""
"8/3/2026 12:00:24 AM","0","0","0","0","0","0","0","0","0","0","0","0","0","0","0","0","0","0","",""
"8/4/2026 12:00:29 AM","0","0","0","0","0","0","0","0","0","0","0","0","0","0","0","0","0","0","",""
"8/5/2026 12:00:10 AM","0","0","0","0","0","0","0","0","0","0","0","0","0","0","0","0","0","0","",""
"8/6/2026 12:00:14 AM","0","0","0","0","0","0","0","0","0","0","0","0","0","0","0","0","0","0","",""
"8/7/2026 12:00:09 AM","0","0","0","0","0","0","0","0","0","0","0","0","0","0","0","0","0","0","",""
"8/8/2026 12:00:14 AM","0","0","0","0","0","0","0","0","0","0","0","0","0","0","0","0","0","0","",""
"8/9/2026 12:00:02 AM","0","0","0","0","0","0","0","0","0","0","0","0","0","0","0","0","0","0","",""
"8/10/2026 12:00:22 AM","0","0","0","0","0","0","0","0","0","0","0","0","0","0","0","0","0","0","",""
"8/11/2026 12:00:18 AM","0","0","0","0","0","0","0","0","0","0","0","0","0","0","0","0","0","0","",""
"8/12/2026 12:00:12 AM","0","0","0","0","0","0","0","0","0","0","0","0","0","0","0","0","0","0","",""
"8/13/2026 12:00:18 AM","0","0","0","0","0","0","0","0","0","0","0","0","0","0","0","0","0","0","",""
"8/14/2026 12:00:28 AM","0","0","0","0","0","0","0","0","0","0","0","0","0","0","0","0","0","0","",""
"8/15/2026 12:00:04 AM","0","0","0","0","0","0","0","0","0","0","0","0","0","0","0","0","0","0","",""
"8/16/2026 12:00:08 AM","0","0","0","0","0","0","0","0","0","0","0","0","0","0","0","0","0","0","",""
"8/17/2026 12:00:08 AM","0","0","0","0","0","0","0","0","0","0","0","0","0","0","0","0","0","0","",""
"8/18/2026 12:00:22 AM","0","0","0","0","0","0","0","0","0","0","0","0","0","0","0","0","0","0","",""
"8/19/2026 12:00:07 AM","0","0","0","0","0","0","0","0","0","0","0","0","0","0","0","0","0","0","",""
"8/20/2026 12:00:14 AM","0","0","0","0","0","0","0","0","0","0","0","0","0","0","0","0","0","0","",""
"8/21/2026 12:00:27 AM","0","0","0","0","0","0","0","0","0","0","0","0","0","0","0","0","0","0","",""
"8/22/2026 12:00:12 AM","0","0","0","0","0","0","0","0","0","0","0","0","0","0","0","0","0","0","",""
"8/23/2026 12:00:09 AM","0","0","0","0","0","0","0","0","0","0","0","0","0","0","0","0","0","0","",""
"8/24/2026 12:00:29 AM","0","0","0","0","0","0","0","0","0","0","0","0","0","0","0","0","0","0","",""
"8/25/2026 12:00:19 AM","0","0","0","0","0","0","0","0","0","0","0","0","0","0","0","0","0","0","",""
"8/26/2026 12:00:01 AM","0","0","0","0","0","0","0","0","0","0","0","0","0","0","0","0","0","0","",""
"8/27/2026","0","0","0","0","0","0","0","0","0","0","0","0","0","0","0","0","0","0","",""
"8/28/2026 12:00:28 AM","0","0","0","0","0","0","0","0","0","0","0","0","0","0","0","0","0","0","",""
"8/29/2026 12:00:18 AM","0","0","0","0","0","0","0","0","0","0","0","0","0","0","0","0","0","0","",""
"8/30/2026 12:00:03 AM","0","0","0","0","0","0","0","0","0","0","0","0","0","0","0","0","0","0","",""
"8/31/2026 12:00:14 AM","0","0","0","0","0","0","0","0","0","0","0","0","0","0","0","0","0","0","",""
"9/1/2026 12:00:09 AM","0","0","0","0","0","0","0","0","0","0","0","0","0","0","0","0","0","0","",""
"9/2/2026 12:00:25 AM","0","0","0","0","0","0","0","0","0","0","0","0","0","0","0","0","0","0","",""
"9/3/2026 12:00:02 AM","0","0","0","0","0","0","0","0","0","0","0","0","0","0","0","0","0","0","",""
"9/4/2026 12:00:05 AM","0","0","0","0","0","0","0","0","0","0","0","0","0","0","0","0","0","0","",""
"9/5/2026 12:00:06 AM","0","0","0","0","0","0","0","0","0","0","0","0","0","0","0","0","0","0","",""
"9/6/2026 12:00:40 AM","0","0","0","0","0","0","0","0","0","0","0","0","0","0","0","0","0","0","",""
"9/7/2026 12:00:09 AM","0","0","0","0","0","0","0","0","0","0","0","0","0","0","0","0","0","0","",""
"9/8/2026 12:00:29 AM","0","0","0","0","0","0","0","0","0","0","0","0","0","0","0","0","0","0","",""
"9/9/2026 12:00:10 AM","0","0","0","0","0","0","0","0","0","0","0","0","0","0","0","0","0","0","",""
"9/10/2026 12:00:04 AM","0","0","0","0","0","0","0","0","0","0","0","0","0","0","0","0","0","0","",""
"9/11/2026 12:00:18 AM","0","0","0","0","0","0","0","0","0","0","0","0","0","0","0","0","0","0","",""
"9/12/2026 12:00:20 AM","0","0","0","0","0","0","0","0","0","0","0","0","0","0","0","0","0","0","",""
"9/13/2026 12:00:28 AM","0","0","0","0","0","0","0","0","0","0","0","0","0","0","0","0","0","0","",""
"9/14/2026 12:00:22 AM","0","0","0","0","0","0","0","0","0","0","0","0","0","0","0","0","0","0","",""
"9/15/2026 12:00:40 AM","0","0","0","0","0","0","0","0","0","0","0","0","0","0","0","0","0","0","",""
"9/16/2026 12:00:17 AM","0","0","0","0","0","0","0","0","0","0","0","0","0","0","0","0","0","0","",""
"9/17/2026 12:00:23 AM","0","0","0","0","0","0","0","0","0","0","0","0","0","0","0","0","0","0","",""
"9/18/2026 12:00:32 AM","0","0","0","0","0","0","0","0","0","0","0","0","0","0","0","0","0","0","",""
"9/19/2026 12:00:18 AM","0","0","0","0","0","0","0","0","0","0","0","0","0","0","0","0","0","0","",""
"9/20/2026 12:00:21 AM","0","0","0","0","0","0","0","0","0","0","0","0","0","0","0","0","0","0","",""
"12/14/2020 12:00:24 AM","336.59999999999997","3.9","0","336.59999999999997","0","0","26.1","91.5","0","0","0","0","74","67.2","74","45.9","0","119.9","",""
"12/15/2020 12:00:06 AM","443.00000000000006","37.5","0","443.00000000000006","0","0","0","0","0","0","0","0","134.9","147.7","134.9","0","0","134.9","",""
"12/16/2020 12:00:14 AM","240.4","262.6","354.8","595.2","0","0","0","0","0","0","0","0","676.2","321.5","676.2","0","0","676.2","",""
"12/17/2020 12:00:10 AM","156.5","0","0","156.5","18","142","23.5","68.69999999999999","0","0","0","0","277","264.29999999999995","277","0","0","277","",""
"12/18/2020 12:00:34 AM","130","83.2","59.3","189.3","0","0","38.400000000000006","31.400000000000002","0","0","0","0","110.9","149.6","110.9","0","0","110.9","",""
"12/19/2020 12:00:13 AM","0","0","0","0","0","0","0","0","0","0","0","0","0","0","0","0","0","0","",""
"12/20/2020 12:00:13 AM","0","0","0","0","0","0","0","0","0","0","0","0","0","0","0","0","0","0","",""
"12/21/2020 12:00:02 AM","510.90000000000003","","0","510.90000000000003","0","0","55.5","126.6","0","0","0","0","237.8","256.29999999999995","237.8","0","0","237.8","",""
"12/22/2020 12:00:30 AM","559.6","0","10.2","569.8000000000001","0","0","123.8","388.99999999999994","0","0","25.8","0","201.39999999999998","251.7","201.39999999999998","37.9","47.4","239.3","",""
"12/23/2020 12:00:14 AM","309.4","0","13.7","323.09999999999997","0","0","136.2","172.60000000000002","86.5","0","28.6","0","197.8","229.2","197.8","0","0","197.8","",""
"12/24/2020 12:00:07 AM","0","0","0","0","0","0","0","0","0","0","0","0","0","0","0","0","0","0","",""
"12/25/2020 12:00:11 AM","0","0","0","0","0","0","0","0","0","0","0","0","0","0","0","0","0","0","",""
"12/26/2020 12:00:13 AM","0","0","0","0","0","0","0","0","0","0","0","0","0","0","0","0","0","0","",""
"12/27/2020 12:00:23 AM","0","0","0","0","0","0","0","0","0","0","0","0","0","0","0","0","0","0","",""
"12/28/2020 12:00:31 AM","280.5","0","0","280.5","0","63.9","42.8","155.7","0","0","0","0","388.4","481.9","388.4","0","0","388.4","",""
"12/29/2020 12:00:16 AM","359.1","0","0","359.1","86.2","118.8","66","171.1","145.2","42","0","0","249.39999999999998","300.29999999999995","249.39999999999998","127.1","0","376.5","",""
"12/30/2020 12:00:35 AM","217.8","0","66","283.8","0","0","37.8","186.7","174.2","0","41.3","0","733.5999999999999","729.7","733.5999999999999","0","0","733.6","",""
"12/31/2020 12:00:29 AM","0","0","0","0","0","0","0","0","0","0","0","0","0","0","0","0","0","0","",""
"1/1/2021 12:00:20 AM","0","0","0","0","0","0","0","0","0","0","0","0","0","0","0","0","0","0","",""
"1/2/2021 12:00:20 AM","0","0","0","0","0","0","0","0","0","0","0","0","0","0","0","0","0","0","",""
"1/3/2021 12:00:17 AM","0","0","0","0","0","0","0","0","0","0","0","0","0","0","0","0","0","0","",""
"1/4/2021 12:00:33 AM","228","56.5","27.9","255.9","0","0","45.599999999999994","217.39999999999998","0","0","33.3","0","140.2","121.39999999999999","140.2","0","0","140.2","",""
"1/5/2021 12:00:25 AM","403.8","1","0","403.8","113.9","93.9","102.5","92.8","68.30000000000001","0","93.9","0","251.9","238.79999999999998","251.9","176.1","0","428","",""
"1/6/2021 12:00:06 AM","259.4","0","0","259.4","85.6","111.50000000000001","48.3","56.900000000000006","0","45.5","35.1","0","309.7","413.5","309.7","0","0","309.7","",""
"1/7/2021 12:00:33 AM","39.5","0","0","39.5","0","0","52.9","27.1","189","105.69999999999999","58.400000000000006","0","162.99999999999997","510.1","162.99999999999997","0","0","163","",""
"1/8/2021 12:00:29 AM","190.70000000000002","12","0","190.70000000000002","0","0","0","0","64.7","0","0","0","477.9","514.0999999999999","477.9","0","0","477.9","",""
"1/9/2021 12:00:34 AM","0","0","0","0","0","0","0","0","0","0","0","0","0","0","0","0","0","0","",""
"1/10/2021 12:00:24 AM","0","0","0","0","0","0","0","0","0","0","0","0","0","0","0","0","0","0","",""
"1/11/2021 12:00:28 AM","0","0","0","0","0","0","67.1","107.30000000000001","0","0","0","0","64.7","70.3","64.7","0","0","64.7","",""
"1/12/2021 12:00:28 AM","239.2","","0","239.2","0","0","83.3","61.1","0","0","0","0","166.10000000000002","151.6","166.10000000000002","0","0","166.1","",""
"1/13/2021 12:00:23 AM","84.6","0","0","84.6","0","0","155.6","204","0","0","0","0","146.2","","146.2","0","0","146.2","",""
"1/14/2021 12:00:15 AM","311.90000000000003","0","0","311.90000000000003","0","0","180.3","158.7","94.6","0","0","0","134.4","","134.4","0","0","134.4","",""
"1/15/2021 12:00:15 AM","102.89999999999999","4.5","78.8","181.7","0","0","0","0","0","0","0","0","225.7","","225.7","0","0","225.7","",""
"1/16/2021 12:00:34 AM","0","0","0","0","0","0","0","0","0","0","0","0","0","0","0","0","0","0","",""
"1/17/2021 12:00:33 AM","0","0","0","0","0","0","0","0","0","0","0","0","0","0","0","0","0","0","",""
"1/18/2021 12:00:13 AM","194.20000000000002","","150.2","344.4","0","0","0","0","0","0","0","0","0","0","0","0","0","0","",""
"1/19/2021 12:00:14 AM","326.99999999999994","","249.2","576.1999999999999","0","0","0","0","59.8","67.3","70.5","0","486.4","","486.4","0","0","486.4","",""
"1/20/2021 12:00:22 AM","326.9","0","13.3","340.2","0","0","0","0","0","0","0","0","354.4","","354.4","67.3","0","421.7","",""
"1/21/2021 12:00:11 AM","258.2","0","6","264.2","0","0","0","0","0","15.2","0","0","369.7","","369.7","0","0","369.7","",""
"1/22/2021 12:00:10 AM","329.4","0","0","329.4","0","0","259.1","387.8999999999999","265.3","81.1","54.599999999999994","0","324.59999999999997","362.7","324.59999999999997","0","0","324.6","",""
"1/23/2021 12:00:21 AM","0","0","0","0","0","0","0","0","0","0","0","0","0","0","0","0","0","0","",""
"1/24/2021 12:00:10 AM","0","0","0","0","0","0","0","0","0","0","0","0","0","0","0","0","0","0","",""
"1/25/2021 12:00:08 AM","290","2.1","0","290","0","0","188.2","274.70000000000005","237.7","119","19.4","0","298.79999999999995","419.6","298.79999999999995","0","0","298.8","",""
"1/26/2021 12:00:26 AM","98.7","","3.4","102.10000000000001","0","0","","148.4","0","0","0","0","340.7","","340.7","0","0","340.7","",""
"1/27/2021 12:00:06 AM","261.79999999999995","16","246.9","508.69999999999993","0","0","89.8","77","0","0","0","0","199.00000000000003","","199.00000000000003","0","0","199","",""
"1/28/2021 12:00:21 AM","234.60000000000002","0","0","234.60000000000002","0","0","113.80000000000001","325.7","48.9","40.2","29.799999999999997","0","376.99999999999994","","376.99999999999994","0","0","377","",""
"1/29/2021 12:00:28 AM","168.4","0","0","168.4","0","0","67.2","76.6","71.7","121.3","0","0","200.59999999999997","453.4","200.59999999999997","0","0","200.6","",""
"1/30/2021 12:00:07 AM","0","0","0","0","0","0","0","0","0","0","0","0","0","0","0","0","0","0","",""
"1/31/2021 12:00:16 AM","0","0","0","0","0","0","0","0","0","0","0","0","0","0","0","0","0","0","",""
"2/1/2021 12:00:24 AM","260.9","14.2","41.9","302.79999999999995","0","0","78.80000000000001","68.10000000000001","0","0","0","0","363.3","386.7","363.3","0","0","363.3","",""
"2/2/2021 12:00:22 AM","178.7","","0","178.7","0","0","277.4","300.2","0","60.4","0","11.69","406.59999999999997","1787.6000000000004","406.59999999999997","0","0","406.6","",""
"2/3/2021 12:00:10 AM","363.4","7.9","51.9","415.29999999999995","0","0","94.2","172.9","252","0","23","180","342.2","","342.2","0","0","342.2","",""
"2/4/2021 12:00:29 AM","134.10000000000002","0.8","0","134.10000000000002","0","0","0","0","93.5","0","0","0","280.3","245.5","280.3","0","0","280.3","",""
"2/5/2021 12:00:05 AM","187.20000000000002","0","86.9","274.1","0","0","66.5","82.10000000000001","239","0","0","0","432.19999999999993","","432.19999999999993","0","0","432.2","",""
"2/6/2021 12:00:09 AM","0","15.2","89","89","0","0","0","0","0","0","0","0","0","0","0","0","0","0","",""
"2/7/2021 12:00:09 AM","0","0","0","0","0","0","0","0","0","0","0","0","0","0","0","0","0","0","",""
"2/8/2021 12:00:23 AM","154.4","0","0","154.4","0","0","29.4","41.400000000000006","42.1","83.4","0","0","126.9","114.69999999999999","126.9","0","0","126.9","",""
"2/9/2021 12:00:32 AM","436.59999999999997","11","0","436.59999999999997","0","0","82.3","154.4","154.4","0","0","51.9","88.80000000000001","101.60000000000001","88.80000000000001","0","0","88.8","",""
"2/10/2021 12:00:43 AM","183.6","9.9","91.19999999999999","274.79999999999995","0","0","71.19999999999999","202.20000000000002","130.1","112.1","0","0","385.9000000000001","317.2","385.9000000000001","0","0","385.9","",""
"2/11/2021 12:00:44 AM","252.79999999999998","","0","252.79999999999998","0","0","37.1","51.400000000000006","124.7","0","0","0","267.7","197.89999999999998","267.7","177","59.5","444.7","",""
"2/12/2021 12:00:34 AM","0","12.1","9.9","9.9","13.3","10","86","90.80000000000001","43.1","38.5","0","0","149.70000000000002","","149.70000000000002","0","0","149.7","",""
"2/13/2021 12:00:34 AM","257.6","","0","257.6","0","0","0","0","0","0","0","0","0","0","0","0","0","0","",""
"2/14/2021 12:00:27 AM","0","0","0","0","0","0","0","0","0","0","0","0","0","0","0","0","0","0","",""
"2/15/2021 12:00:18 AM","0","0","0","0","0","0","0","0","0","0","0","0","0","0","0","0","0","0","",""
"2/16/2021 12:00:34 AM","0","0","0","0","0","0","0","0","0","0","0","0","0","0","0","0","0","0","",""
"2/17/2021 12:00:15 AM","0","0","0","0","0","0","0","0","0","0","0","0","0","0","0","0","0","0","",""
"2/18/2021 12:00:06 AM","0","0","0","0","0","0","0","0","0","0","0","0","0","0","0","0","0","0","",""
"2/19/2021 12:00:13 AM","0","0","0","0","0","0","0","0","0","0","0","0","0","0","0","0","0","0","",""
"2/20/2021 12:00:26 AM","0","0","0","0","0","0","0","0","0","0","0","0","0","0","0","0","0","0","",""
"2/21/2021 12:00:20 AM","0","0","0","0","0","0","0","0","0","0","0","0","0","0","0","0","0","0","",""
"2/22/2021 12:00:12 AM","202","","0","202","0","0","0","0","0","0","0","0","254.2","238.00000000000003","254.2","0","0","254.2","",""
"2/23/2021 12:00:09 AM","473.70000000000005","","0","473.70000000000005","0","0","39.9","32.7","0","109.3","0","0","76.6","120.8","76.6","0","0","76.6","",""
"2/24/2021 12:00:31 AM","311.7","","0","311.7","0","0","84.1","248.10000000000002","68.5","51.2","0","0","199.10000000000002","236.70000000000005","199.10000000000002","0","0","199.1","",""
"2/25/2021 12:00:27 AM","158.1","","21","179.1","0","0","109.3","104.5","196.9","186","0","0","450","","450","0","0","450","",""
"2/26/2021 12:00:23 AM","350","","0","350","0","0","0","0","0","118","0","0","23.1","","23.1","6.1","","29.2","",""
"2/27/2021 12:00:12 AM","0","0","0","0","0","0","0","0","0","0","0","0","0","0","0","0","0","0","",""
"2/28/2021 12:00:08 AM","0","0","0","0","0","0","0","0","0","0","0","0","0","0","0","0","0","0","",""
"3/1/2021 12:00:10 AM","0","0","0","0","0","0","0","0","0","0","0","0","0","0","0","0","0","0","",""
"3/2/2021 12:00:25 AM","0","0","0","0","0","0","0","0","0","0","0","0","0","0","0","0","0","0","",""
"3/3/2021 12:00:21 AM","0","8.5","28.4","28.4","0","0","0","0","0","0","0","0","0","0","0","0","0","0","",""
"3/4/2021 12:00:32 AM","0","0","0","0","0","0","0","0","0","0","0","0","0","0","0","0","0","0","",""
"3/5/2021 12:00:25 AM","0","0","0","0","0","0","0","0","0","0","0","0","0","0","0","0","0","0","",""
"3/6/2021 12:00:26 AM","0","0","0","0","0","0","0","0","0","0","0","0","0","0","0","0","0","0","",""
"3/7/2021 12:00:28 AM","0","0","0","0","0","0","0","0","0","0","0","0","0","0","0","0","0","0","",""
"3/8/2021 12:00:21 AM","0","0","0","0","0","0","0","0","0","0","0","0","0","0","0","0","0","0","",""
"3/9/2021 12:00:16 AM","0","0","0","0","0","0","0","0","0","0","0","0","0","0","0","0","0","0","",""
"3/10/2021 12:00:27 AM","0","0","0","0","0","0","0","0","0","0","0","0","0","0","0","0","0","0","",""
"3/11/2021 12:00:18 AM","0","0","0","0","0","0","0","0","0","0","0","0","0","0","0","0","0","0","",""
"3/12/2021 12:00:31 AM","0","0","0","0","0","0","0","0","0","0","0","0","0","0","0","0","0","0","",""
"3/13/2021 12:00:20 AM","0","0","0","0","0","0","0","0","0","0","0","0","0","0","0","0","0","0","",""
"3/14/2021 12:00:22 AM","0","0","0","0","0","0","0","0","0","0","0","0","0","0","0","0","0","0","",""
"3/15/2021 12:00:06 AM","0","0","0","0","0","0","0","0","0","0","0","0","0","0","0","0","0","0","",""
"3/16/2021 12:00:18 AM","0","0","0","0","0","0","0","0","0","0","0","0","0","0","0","0","0","0","",""
"3/17/2021 12:00:06 AM","0","0","0","0","0","0","0","0","0","0","0","0","0","0","0","0","0","0","",""
"3/18/2021 12:00:12 AM","0","0","0","0","0","0","0","0","0","0","0","0","0","0","0","0","0","0","",""
"3/19/2021 12:00:31 AM","0","0","0","0","0","0","0","0","0","0","0","0","0","0","0","0","0","0","",""
"3/20/2021 12:00:26 AM","0","0","0","0","0","0","0","0","0","0","0","0","0","0","0","0","0","0","",""
"3/21/2021 12:00:12 AM","0","0","0","0","0","0","0","0","0","0","0","0","0","0","0","0","0","0","",""
"3/22/2021 12:00:32 AM","0","0","0","0","0","0","0","0","0","0","0","0","0","0","0","0","0","0","",""
"3/23/2021 12:00:33 AM","0","0","0","0","0","0","0","0","0","0","0","0","0","0","0","0","0","0","",""
"3/24/2021 12:00:25 AM","0","0","0","0","0","0","0","0","0","0","0","0","0","0","0","0","0","0","",""
"3/25/2021 12:00:08 AM","0","0","0","0","0","0","0","0","0","0","0","0","0","0","0","0","0","0","",""
"3/26/2021 12:00:30 AM","0","0","0","0","0","0","0","0","0","0","0","0","0","0","0","0","0","0","",""
"3/27/2021 12:00:15 AM","0","0","0","0","0","0","0","0","0","0","0","0","0","0","0","0","0","0","",""
"3/28/2021 12:00:29 AM","0","0","0","0","0","0","0","0","0","0","0","0","0","0","0","0","0","0","",""
"3/29/2021 12:00:08 AM","0","0","0","0","0","0","0","0","0","0","0","0","0","0","0","0","0","0","",""
"3/30/2021 12:00:05 AM","0","0","0","0","0","0","0","0","0","0","0","0","0","0","0","0","0","0","",""
"3/31/2021 12:00:23 AM","0","0","0","0","0","0","0","0","0","0","0","0","0","0","0","0","0","0","",""
"4/1/2021 12:00:11 AM","0","0","0","0","0","0","0","0","0","0","0","0","0","0","0","0","0","0","",""
"4/2/2021 12:00:24 AM","0","0","0","0","0","0","0","0","0","0","0","0","0","0","0","0","0","0","",""
"4/3/2021 12:00:24 AM","0","0","0","0","0","0","0","0","0","0","0","0","0","0","0","0","0","0","",""
"4/4/2021 12:00:07 AM","0","0","0","0","0","0","0","0","0","0","0","0","0","0","0","0","0","0","",""
"4/5/2021 12:00:23 AM","0","0","0","0","0","0","0","0","0","0","0","0","0","0","0","0","0","0","",""
"4/6/2021 12:00:16 AM","0","0","0","0","0","0","0","0","0","0","0","0","0","0","0","0","0","0","",""
"4/7/2021 12:00:04 AM","0","0","0","0","0","0","0","0","0","0","0","0","0","0","0","0","0","0","",""
"4/8/2021 12:00:08 AM","0","0","0","0","0","0","0","0","0","0","0","0","0","0","0","0","0","0","",""
"4/9/2021 12:00:21 AM","0","0","0","0","0","0","0","0","0","0","0","0","0","0","0","0","0","0","",""
"4/10/2021 12:00:21 AM","0","0","0","0","0","0","0","0","0","0","0","0","0","0","0","0","0","0","",""
"4/11/2021 12:00:02 AM","0","0","0","0","0","0","0","0","0","0","0","0","0","0","0","0","0","0","",""
"4/12/2021 12:00:06 AM","0","0","0","0","0","0","0","0","0","0","0","0","0","0","0","0","0","0","",""
"4/13/2021 12:00:09 AM","0","0","0","0","0","0","0","0","0","0","0","0","0","0","0","0","0","0","",""
"4/14/2021 12:00:05 AM","0","0","0","0","0","0","0","0","0","0","0","0","0","0","0","0","0","0","",""
"4/15/2021 12:00:38 AM","0","0","0","0","0","0","0","0","0","0","0","0","0","0","0","0","0","0","",""
"4/16/2021 12:00:33 AM","0","0","0","0","0","0","0","0","0","0","0","0","0","0","0","0","0","0","",""
"4/17/2021 12:00:23 AM","0","0","0","0","0","0","0","0","0","0","0","0","0","0","0","0","0","0","",""
"4/18/2021 12:00:28 AM","0","0","0","0","0","0","0","0","0","0","0","0","0","0","0","0","0","0","",""
"4/19/2021 12:00:25 AM","0","0","0","0","0","0","0","0","0","0","0","0","0","0","0","0","0","0","",""
"4/20/2021 12:00:27 AM","0","0","0","0","0","0","0","0","0","0","0","0","0","0","0","0","0","0","",""
"4/21/2021 12:00:30 AM","0","0","0","0","0","0","0","0","0","0","0","0","0","0","0","0","0","0","",""
"4/22/2021 12:00:03 AM","0","0","0","0","0","0","0","0","0","0","0","0","0","0","0","0","0","0","",""
"4/23/2021 12:00:17 AM","0","0","0","0","0","0","0","0","0","0","0","0","0","0","0","0","0","0","",""
"4/24/2021 12:00:22 AM","0","0","0","0","0","0","0","0","0","0","0","0","0","0","0","0","0","0","",""
"4/25/2021 12:00:23 AM","0","0","0","0","0","0","0","0","0","0","0","0","0","0","0","0","0","0","",""
"4/26/2021 12:00:17 AM","0","0","0","0","0","0","0","0","0","0","0","0","0","0","0","0","0","0","",""
"4/27/2021 12:00:20 AM","0","0","0","0","0","0","0","0","0","0","0","0","0","0","0","0","0","0","",""
"4/28/2021 12:00:08 AM","0","0","0","0","0","0","0","0","0","0","0","0","0","0","0","0","0","0","",""
"4/29/2021 12:00:08 AM","0","0","0","0","0","0","0","0","0","0","0","0","0","0","0","0","0","0","",""
"4/30/2021 12:00:05 AM","0","0","0","0","0","0","0","0","0","0","0","0","0","0","0","0","0","0","",""
"5/1/2021 12:00:05 AM","0","0","0","0","0","0","0","0","0","0","0","0","0","0","0","0","0","0","",""
"5/2/2021 12:00:22 AM","0","0","0","0","0","0","0","0","0","0","0","0","0","0","0","0","0","0","",""
"5/3/2021 12:00:29 AM","0","0","0","0","0","0","0","0","0","0","0","0","0","0","0","0","0","0","",""
"5/4/2021 12:00:32 AM","0","0","0","0","0","0","0","0","0","0","0","0","0","0","0","0","0","0","",""
"5/5/2021 12:00:17 AM","0","0","0","0","0","0","0","0","0","0","0","0","0","0","0","0","0","0","",""
"5/6/2021 12:00:34 AM","0","0","0","0","0","0","0","0","0","0","0","0","0","0","0","0","0","0","",""
"5/7/2021 12:00:13 AM","0","0","0","0","0","0","0","0","0","0","0","0","0","0","0","0","0","0","",""
"5/8/2021 12:00:28 AM","0","0","0","0","0","0","0","0","0","0","0","0","0","0","0","0","0","0","",""
"5/9/2021 12:00:29 AM","0","0","0","0","0","0","0","0","0","0","0","0","0","0","0","0","0","0","",""
"5/10/2021 12:00:11 AM","0","0","0","0","0","0","0","0","0","0","0","0","0","0","0","0","0","0","",""
"5/11/2021 12:00:17 AM","0","0","0","0","0","0","0","0","0","0","0","0","0","0","0","0","0","0","",""
"5/12/2021 12:00:28 AM","0","0","0","0","0","0","0","0","0","0","0","0","0","0","0","0","0","0","",""
"5/13/2021 12:00:18 AM","0","0","0","0","0","0","0","0","0","0","0","0","0","0","0","0","0","0","",""
"5/14/2021 12:00:17 AM","0","0","0","0","0","0","0","0","0","0","0","0","0","0","0","0","0","0","",""
"5/15/2021 12:00:25 AM","0","0","0","0","0","0","0","0","0","0","0","0","0","0","0","0","0","0","",""
"5/16/2021 12:00:08 AM","0","0","0","0","0","0","0","0","0","0","0","0","0","0","0","0","0","0","",""
"5/17/2021 12:00:19 AM","0","0","0","0","0","0","0","0","0","0","0","0","0","0","0","0","0","0","",""
"5/18/2021 12:00:15 AM","0","0","0","0","0","0","0","0","0","0","0","0","0","0","0","0","0","0","",""
"5/19/2021 12:00:27 AM","0","0","0","0","0","0","0","0","0","0","0","0","0","0","0","0","0","0","",""
"5/20/2021 12:00:26 AM","0","0","0","0","0","0","0","0","0","0","0","0","0","0","0","0","0","0","",""
"5/21/2021 12:00:27 AM","0","0","0","0","0","0","0","0","0","0","0","0","0","0","0","0","0","0","",""
"5/22/2021 12:00:28 AM","0","0","0","0","0","0","0","0","0","0","0","0","0","0","0","0","0","0","",""
"5/23/2021 12:00:06 AM","0","0","0","0","0","0","0","0","0","0","0","0","0","0","0","0","0","0","",""
"5/24/2021 12:00:05 AM","0","0","0","0","0","0","0","0","0","0","0","0","0","0","0","0","0","0","",""
"5/25/2021 12:00:20 AM","0","0","0","0","0","0","0","0","0","0","0","0","0","0","0","0","0","0","",""
"5/26/2021 12:00:25 AM","0","0","0","0","0","0","0","0","0","0","0","0","0","0","0","0","0","0","",""
"5/27/2021 12:00:23 AM","0","0","0","0","0","0","0","0","0","0","0","0","0","0","0","0","0","0","",""
"5/28/2021 12:00:26 AM","0","0","0","0","0","0","0","0","0","0","0","0","0","0","0","0","0","0","",""
"5/29/2021 12:00:21 AM","0","0","0","0","0","0","0","0","0","0","0","0","0","0","0","0","0","0","",""
"5/30/2021 12:00:16 AM","0","0","0","0","0","0","0","0","0","0","0","0","0","0","0","0","0","0","",""
"5/31/2021 12:00:21 AM","0","0","0","0","0","0","0","0","0","0","0","0","0","0","0","0","0","0","",""
"6/1/2021 12:00:16 AM","0","0","0","0","0","0","0","0","0","0","0","0","0","0","0","0","0","0","",""
"6/2/2021 12:00:13 AM","0","0","0","0","0","0","0","0","0","0","0","0","0","0","0","0","0","0","",""
"6/3/2021 12:00:26 AM","0","0","0","0","0","0","0","0","0","0","0","0","0","0","0","0","0","0","",""
"6/4/2021 12:00:22 AM","0","0","0","0","0","0","0","0","0","0","0","0","0","0","0","0","0","0","",""
"6/5/2021 12:00:03 AM","0","0","0","0","0","0","0","0","0","0","0","0","0","0","0","0","0","0","",""
"6/6/2021 12:00:16 AM","0","0","0","0","0","0","0","0","0","0","0","0","0","0","0","0","0","0","",""
"6/7/2021 12:00:20 AM","0","0","0","0","0","0","0","0","0","0","0","0","0","0","0","0","0","0","",""
"6/8/2021 12:00:06 AM","0","0","0","0","0","0","0","0","0","0","0","0","0","0","0","0","0","0","",""
"6/9/2021 12:00:32 AM","0","0","0","0","0","0","0","0","0","0","0","0","0","0","0","0","0","0","",""
"6/10/2021 12:00:31 AM","0","0","0","0","0","0","0","0","0","0","0","0","0","0","0","0","0","0","",""
"6/11/2021 12:00:20 AM","0","0","0","0","0","0","0","0","0","0","0","0","0","0","0","0","0","0","",""
"6/12/2021 12:00:04 AM","0","0","0","0","0","0","0","0","0","0","0","0","0","0","0","0","0","0","",""
"6/13/2021 12:00:17 AM","0","0","0","0","0","0","0","0","0","0","0","0","0","0","0","0","0","0","",""
"6/14/2021 12:00:21 AM","0","0","0","0","0","0","0","0","0","0","0","0","0","0","0","0","0","0","",""
"6/15/2021 12:00:14 AM","0","0","0","0","0","0","0","0","0","0","0","0","0","0","0","0","0","0","",""
"6/16/2021 12:00:28 AM","0","0","0","0","0","0","0","0","0","0","0","0","0","0","0","0","0","0","",""
"6/17/2021 12:00:10 AM","0","0","0","0","0","0","0","0","0","0","0","0","0","0","0","0","0","0","",""
"6/18/2021 12:00:26 AM","0","0","0","0","0","0","0","0","0","0","0","0","0","0","0","0","0","0","",""
"6/19/2021 12:00:21 AM","0","0","0","0","0","0","0","0","0","0","0","0","0","0","0","0","0","0","",""
"6/20/2021 12:00:24 AM","0","0","0","0","0","0","0","0","0","0","0","0","0","0","0","0","0","0","",""
"6/21/2021 12:00:27 AM","0","0","0","0","0","0","0","0","0","0","0","0","0","0","0","0","0","0","",""
"6/22/2021 12:00:16 AM","0","0","0","0","0","0","0","0","0","0","0","0","0","0","0","0","0","0","",""
"6/23/2021 12:00:29 AM","0","0","0","0","0","0","0","0","0","0","0","0","0","0","0","0","0","0","",""
"6/24/2021 12:00:19 AM","0","0","0","0","0","0","0","0","0","0","0","0","0","0","0","0","0","0","",""
"6/25/2021 12:00:24 AM","0","0","0","0","0","0","0","0","0","0","0","0","0","0","0","0","0","0","",""
"6/26/2021 12:00:23 AM","0","0","0","0","0","0","0","0","0","0","0","0","0","0","0","0","0","0","",""
"6/27/2021 12:00:17 AM","0","0","0","0","0","0","0","0","0","0","0","0","0","0","0","0","0","0","",""
"6/28/2021 12:00:09 AM","0","0","0","0","0","0","0","0","0","0","0","0","0","0","0","0","0","0","",""
"6/29/2021 12:00:06 AM","0","0","0","0","0","0","0","0","0","0","0","0","0","0","0","0","0","0","",""
"6/30/2021 12:00:21 AM","0","0","0","0","0","0","0","0","0","0","0","0","0","0","0","0","0","0","",""
"7/1/2021 12:00:32 AM","0","0","0","0","0","0","0","0","0","0","0","0","0","0","0","0","0","0","",""
"7/2/2021 12:00:17 AM","0","0","0","0","0","0","0","0","0","0","0","0","0","0","0","0","0","0","",""
"7/3/2021 12:00:07 AM","0","0","0","0","0","0","0","0","0","0","0","0","0","0","0","0","0","0","",""
"7/4/2021 12:00:24 AM","0","0","0","0","0","0","0","0","0","0","0","0","0","0","0","0","0","0","",""
"7/5/2021 12:00:23 AM","0","0","0","0","0","0","0","0","0","0","0","0","0","0","0","0","0","0","",""
"7/6/2021 12:00:08 AM","0","0","0","0","0","0","0","0","0","0","0","0","0","0","0","0","0","0","",""
"7/7/2021 12:00:14 AM","0","0","0","0","0","0","0","0","0","0","0","0","0","0","0","0","0","0","",""
"7/8/2021 12:00:23 AM","0","0","0","0","0","0","0","0","0","0","0","0","0","0","0","0","0","0","",""
"7/9/2021 12:00:19 AM","0","0","0","0","0","0","0","0","0","0","0","0","0","0","0","0","0","0","",""
"7/10/2021 12:00:12 AM","0","0","0","0","0","0","0","0","0","0","0","0","0","0","0","0","0","0","",""
"7/11/2021 12:00:18 AM","0","0","0","0","0","0","0","0","0","0","0","0","0","0","0","0","0","0","",""
"7/12/2021 12:00:22 AM","0","0","0","0","0","0","0","0","0","0","0","0","0","0","0","0","0","0","",""
"7/13/2021 12:00:13 AM","0","0","0","0","0","0","0","0","0","0","0","0","0","0","0","0","0","0","",""
"7/14/2021 12:00:23 AM","0","0","0","0","0","0","0","0","0","0","0","0","0","0","0","0","0","0","",""
"7/15/2021 12:00:27 AM","0","0","0","0","0","0","0","0","0","0","0","0","0","0","0","0","0","0","",""
"7/16/2021 12:00:14 AM","0","0","0","0","0","0","0","0","0","0","0","0","0","0","0","0","0","0","",""
"7/17/2021 12:00:08 AM","0","0","0","0","0","0","0","0","0","0","0","0","0","0","0","0","0","0","",""
"7/18/2021 12:00:19 AM","0","0","0","0","0","0","0","0","0","0","0","0","0","0","0","0","0","0","",""
"7/19/2021 12:00:17 AM","0","0","0","0","0","0","0","0","0","0","0","0","0","0","0","0","0","0","",""
"7/20/2021 12:00:03 AM","0","0","0","0","0","0","0","0","0","0","0","0","0","0","0","0","0","0","",""
"7/21/2021 12:00:12 AM","0","0","0","0","0","0","0","0","0","0","0","0","0","0","0","0","0","0","",""
"7/22/2021 12:00:25 AM","0","0","0","0","0","0","0","0","0","0","0","0","0","0","0","0","0","0","",""
"7/23/2021 12:00:34 AM","0","0","0","0","0","0","0","0","0","0","0","0","0","0","0","0","0","0","",""
"7/24/2021 12:00:09 AM","0","0","0","0","0","0","0","0","0","0","0","0","0","0","0","0","0","0","",""
"7/25/2021 12:00:18 AM","0","0","0","0","0","0","0","0","0","0","0","0","0","0","0","0","0","0","",""
"7/26/2021 12:00:08 AM","0","0","0","0","0","0","0","0","0","0","0","0","0","0","0","0","0","0","",""
"7/27/2021 12:00:31 AM","0","0","0","0","0","0","0","0","0","0","0","0","0","0","0","0","0","0","",""
"7/28/2021 12:00:05 AM","0","0","0","0","0","0","0","0","0","0","0","0","0","0","0","0","0","0","",""
"7/29/2021 12:00:22 AM","0","0","0","0","0","0","0","0","0","0","0","0","0","0","0","0","0","0","",""
"7/30/2021 12:00:04 AM","0","0","0","0","0","0","0","0","0","0","0","0","0","0","0","0","0","0","",""
"7/31/2021 12:00:13 AM","0","0","0","0","0","0","0","0","0","0","0","0","0","0","0","0","0","0","",""
"8/1/2021 12:00:16 AM","0","0","0","0","0","0","0","0","0","0","0","0","0","0","0","0","0","0","",""
"8/2/2021 12:00:27 AM","0","0","0","0","0","0","0","0","0","0","0","0","0","0","0","0","0","0","",""
"8/3/2021 12:00:28 AM","0","0","0","0","0","0","0","0","0","0","0","0","0","0","0","0","0","0","",""
"8/4/2021 12:00:20 AM","0","0","0","0","0","0","0","0","0","0","0","0","0","0","0","0","0","0","",""
"8/5/2021 12:00:16 AM","0","0","0","0","0","0","0","0","0","0","0","0","0","0","0","0","0","0","",""
"8/6/2021 12:00:10 AM","0","0","0","0","0","0","0","0","0","0","0","0","0","0","0","0","0","0","",""
"8/7/2021 12:00:23 AM","0","0","0","0","0","0","0","0","0","0","0","0","0","0","0","0","0","0","",""
"8/8/2021 12:00:09 AM","0","0","0","0","0","0","0","0","0","0","0","0","0","0","0","0","0","0","",""
"8/9/2021 12:00:28 AM","0","0","0","0","0","0","0","0","0","0","0","0","0","0","0","0","0","0","",""
"8/10/2021 12:00:11 AM","0","0","0","0","0","0","0","0","0","0","0","0","0","0","0","0","0","0","",""
"8/11/2021 12:00:06 AM","0","0","0","0","0","0","0","0","0","0","0","0","0","0","0","0","0","0","",""
"8/12/2021 12:00:35 AM","0","0","0","0","0","0","0","0","0","0","0","0","0","0","0","0","0","0","",""
"8/13/2021 12:00:25 AM","0","0","0","0","0","0","0","0","0","0","0","0","0","0","0","0","0","0","",""
"8/14/2021 12:00:06 AM","0","0","0","0","0","0","0","0","0","0","0","0","0","0","0","0","0","0","",""
"8/15/2021 12:00:17 AM","0","0","0","0","0","0","0","0","0","0","0","0","0","0","0","0","0","0","",""
"8/16/2021 12:00:17 AM","0","0","0","0","0","0","0","0","0","0","0","0","0","0","0","0","0","0","",""
"8/17/2021 12:00:11 AM","0","0","0","0","0","0","0","0","0","0","0","0","0","0","0","0","0","0","",""
"8/18/2021 12:00:10 AM","0","0","0","0","0","0","0","0","0","0","0","0","0","0","0","0","0","0","",""
"8/19/2021 12:00:13 AM","0","0","0","0","0","0","0","0","0","0","0","0","0","0","0","0","0","0","",""
"8/20/2021 12:00:20 AM","0","0","0","0","0","0","0","0","0","0","0","0","0","0","0","0","0","0","",""
"8/21/2021 12:00:18 AM","0","0","0","0","0","0","0","0","0","0","0","0","0","0","0","0","0","0","",""
"8/22/2021 12:00:24 AM","0","0","0","0","0","0","0","0","0","0","0","0","0","0","0","0","0","0","",""
"8/23/2021 12:00:23 AM","0","0","0","0","0","0","0","0","0","0","0","0","0","0","0","0","0","0","",""
"8/24/2021 12:00:33 AM","0","0","0","0","0","0","0","0","0","0","0","0","0","0","0","0","0","0","",""
"8/25/2021 12:00:20 AM","0","0","0","0","0","0","0","0","0","0","0","0","0","0","0","0","0","0","",""
"8/26/2021 12:00:21 AM","0","0","0","0","0","0","0","0","0","0","0","0","0","0","0","0","0","0","",""
"8/27/2021 12:00:06 AM","0","0","0","0","0","0","0","0","0","0","0","0","0","0","0","0","0","0","",""
"8/28/2021 12:00:16 AM","0","0","0","0","0","0","0","0","0","0","0","0","0","0","0","0","0","0","",""
"8/29/2021 12:00:08 AM","0","0","0","0","0","0","0","0","0","0","0","0","0","0","0","0","0","0","",""
"8/30/2021 12:00:14 AM","0","0","0","0","0","0","0","0","0","0","0","0","0","0","0","0","0","0","",""
"8/31/2021 12:00:14 AM","0","0","0","0","0","0","0","0","0","0","0","0","0","0","0","0","0","0","",""
"9/1/2021 12:00:32 AM","0","0","0","0","0","0","0","0","0","0","0","0","0","0","0","0","0","0","",""
"9/2/2021 12:00:32 AM","0","0","0","0","0","0","0","0","0","0","0","0","0","0","0","0","0","0","",""
"9/3/2021 12:00:04 AM","0","0","0","0","0","0","0","0","0","0","0","0","0","0","0","0","0","0","",""
"9/4/2021 12:00:20 AM","0","0","0","0","0","0","0","0","0","0","0","0","0","0","0","0","0","0","",""
"9/5/2021 12:00:06 AM","0","0","0","0","0","0","0","0","0","0","0","0","0","0","0","0","0","0","",""
"9/6/2021 12:00:32 AM","0","0","0","0","0","0","0","0","0","0","0","0","0","0","0","0","0","0","",""
"9/7/2021 12:00:30 AM","0","0","0","0","0","0","0","0","0","0","0","0","0","0","0","0","0","0","",""
"9/8/2021 12:00:02 AM","0","0","0","0","0","0","0","0","0","0","0","0","0","0","0","0","0","0","",""
"9/9/2021 12:00:32 AM","0","0","0","0","0","0","0","0","0","0","0","0","0","0","0","0","0","0","",""
"9/10/2021 12:00:18 AM","0","0","0","0","0","0","0","0","0","0","0","0","0","0","0","0","0","0","",""
"9/11/2021 12:00:06 AM","0","0","0","0","0","0","0","0","0","0","0","0","0","0","0","0","0","0","",""
"9/12/2021 12:00:28 AM","0","0","0","0","0","0","0","0","0","0","0","0","0","0","0","0","0","0","",""
"9/13/2021 12:00:31 AM","0","0","0","0","0","0","0","0","0","0","0","0","0","0","0","0","0","0","",""
"9/14/2021 12:00:32 AM","0","0","0","0","0","0","0","0","0","0","0","0","0","0","0","0","0","0","",""
"9/15/2021 12:00:31 AM","0","0","0","0","0","0","0","0","0","0","0","0","0","0","0","0","0","0","",""
"9/16/2021 12:00:22 AM","0","0","0","0","0","0","0","0","0","0","0","0","0","0","0","0","0","0","",""
"9/17/2021 12:00:19 AM","0","0","0","0","0","0","0","0","0","0","0","0","0","0","0","0","0","0","",""
"9/18/2021 12:00:09 AM","0","0","0","0","0","0","0","0","0","0","0","0","0","0","0","0","0","0","",""
"9/19/2021 12:00:22 AM","0","0","0","0","0","0","0","0","0","0","0","0","0","0","0","0","0","0","",""
"9/20/2021 12:00:09 AM","0","0","0","0","0","0","0","0","0","0","0","0","0","0","0","0","0","0","",""
"9/21/2021 12:00:31 AM","0","0","0","0","0","0","0","0","0","0","0","0","0","0","0","0","0","0","",""
"9/22/2021 12:00:16 AM","0","0","0","0","0","0","0","0","0","0","0","0","0","0","0","0","0","0","",""
"9/23/2021 12:00:22 AM","0","0","0","0","0","0","0","0","0","0","0","0","0","0","0","0","0","0","",""
"9/24/2021 12:00:06 AM","0","0","0","0","0","0","0","0","0","0","0","0","0","0","0","0","0","0","",""
"9/25/2021 12:00:21 AM","0","0","0","0","0","0","0","0","0","0","0","0","0","0","0","0","0","0","",""
"9/26/2021 12:00:05 AM","0","0","0","0","0","0","0","0","0","0","0","0","0","0","0","0","0","0","",""
"9/27/2021 12:00:34 AM","0","0","0","0","0","0","0","0","0","0","0","0","0","0","0","0","0","0","",""
"9/28/2021 12:00:07 AM","0","0","0","0","0","0","0","0","0","0","0","0","0","0","0","0","0","0","",""
"9/29/2021 12:00:29 AM","0","0","0","0","0","0","0","0","0","0","0","0","0","0","0","0","0","0","",""
"9/30/2021 12:00:37 AM","0","0","0","0","0","0","0","0","0","0","0","0","0","0","0","0","0","0","",""
"10/1/2021 12:00:04 AM","0","0","0","0","0","0","0","0","0","0","0","0","0","0","0","0","0","0","",""
"10/2/2021 12:00:19 AM","0","0","0","0","0","0","0","0","0","0","0","0","0","0","0","0","0","0","",""
"10/3/2021 12:00:31 AM","0","0","0","0","0","0","0","0","0","0","0","0","0","0","0","0","0","0","",""
"10/4/2021 12:00:12 AM","0","0","0","0","0","0","0","0","0","0","0","0","0","0","0","0","0","0","",""
"10/5/2021 12:00:24 AM","0","0","0","0","0","0","0","0","0","0","0","0","0","0","0","0","0","0","",""
"10/6/2021 12:00:20 AM","0","0","0","0","0","0","0","0","0","0","0","0","0","0","0","0","0","0","",""
"10/7/2021 12:00:16 AM","0","0","0","0","0","0","0","0","0","0","0","0","0","0","0","0","0","0","",""
"10/8/2021 12:00:07 AM","0","0","0","0","0","0","0","0","0","0","0","0","0","0","0","0","0","0","",""
"10/9/2021 12:00:09 AM","0","0","0","0","0","0","0","0","0","0","0","0","0","0","0","0","0","0","",""
"10/10/2021 12:00:32 AM","0","0","0","0","0","0","0","0","0","0","0","0","0","0","0","0","0","0","",""
"10/11/2021 12:00:25 AM","0","0","0","0","0","0","0","0","0","0","0","0","0","0","0","0","0","0","",""
"10/12/2021 12:00:06 AM","0","0","0","0","0","0","0","0","0","0","0","0","0","0","0","0","0","0","",""
"10/13/2021 12:00:26 AM","0","0","0","0","0","0","0","0","0","0","0","0","0","0","0","0","0","0","",""
"10/14/2021 12:00:14 AM","0","0","0","0","0","0","0","0","0","0","0","0","0","0","0","0","0","0","",""
"10/15/2021 12:00:23 AM","0","0","0","0","0","0","0","0","0","0","0","0","0","0","0","0","0","0","",""
"10/16/2021 12:00:16 AM","0","0","0","0","0","0","0","0","0","0","0","0","0","0","0","0","0","0","",""
"10/17/2021 12:00:24 AM","0","0","0","0","0","0","0","0","0","0","0","0","0","0","0","0","0","0","",""
"10/18/2021 12:00:25 AM","0","0","0","0","0","0","0","0","0","0","0","0","0","0","0","0","0","0","",""
"10/19/2021 12:00:30 AM","0","0","0","0","0","0","0","0","0","0","0","0","0","0","0","0","0","0","",""
"10/20/2021 12:00:33 AM","0","0","0","0","0","0","0","0","0","0","0","0","0","0","0","0","0","0","",""
"10/21/2021 12:00:21 AM","0","0","0","0","0","0","0","0","0","0","0","0","0","0","0","0","0","0","",""
"10/22/2021 12:00:29 AM","0","0","0","0","0","0","0","0","0","0","0","0","0","0","0","0","0","0","",""
"10/23/2021 12:00:12 AM","0","0","0","0","0","0","0","0","0","0","0","0","0","0","0","0","0","0","",""
"10/24/2021 12:00:33 AM","0","0","0","0","0","0","0","0","0","0","0","0","0","0","0","0","0","0","",""
"10/25/2021 12:00:13 AM","0","0","0","0","0","0","0","0","0","0","0","0","0","0","0","0","0","0","",""
"10/26/2021 12:00:27 AM","0","0","0","0","0","0","0","0","0","0","0","0","0","0","0","0","0","0","",""
"10/27/2021 12:00:08 AM","0","0","0","0","0","0","0","0","0","0","0","0","0","0","0","0","0","0","",""
"10/28/2021 12:00:21 AM","0","0","0","0","0","0","0","0","0","0","0","0","0","0","0","0","0","0","",""
"10/29/2021 12:00:20 AM","0","0","0","0","0","0","0","0","0","0","0","0","0","0","0","0","0","0","",""
"10/30/2021 12:00:13 AM","0","0","0","0","0","0","0","0","0","0","0","0","0","0","0","0","0","0","",""
"10/31/2021 12:00:15 AM","0","0","0","0","0","0","0","0","0","0","0","0","0","0","0","0","0","0","",""
"11/1/2021 12:00:33 AM","0","0","0","0","0","0","0","0","0","0","0","0","0","0","0","0","0","0","",""
"11/2/2021 12:00:06 AM","0","0","0","0","0","0","0","0","0","0","0","0","0","0","0","0","0","0","",""
"11/3/2021 12:00:10 AM","0","0","0","0","0","0","0","0","0","0","0","0","0","0","0","0","0","0","",""
"11/4/2021 12:00:18 AM","0","0","0","0","0","0","0","0","0","0","0","0","0","0","0","0","0","0","",""
"11/5/2021 12:00:04 AM","0","0","0","0","0","0","0","0","0","0","0","0","0","0","0","0","0","0","",""
"11/6/2021 12:00:18 AM","0","0","0","0","0","0","0","0","0","0","0","0","0","0","0","0","0","0","",""
"11/7/2021 12:00:21 AM","0","0","0","0","0","0","0","0","0","0","0","0","0","0","0","0","0","0","",""
"11/8/2021 12:00:21 AM","0","0","0","0","0","0","0","0","0","0","0","0","0","0","0","0","0","0","",""
"11/9/2021 12:00:09 AM","0","0","0","0","0","0","0","0","0","0","0","0","0","0","0","0","0","0","",""
"11/10/2021 12:00:25 AM","0","0","0","0","0","0","0","0","0","0","0","0","0","0","0","0","0","0","",""
"11/11/2021 12:00:33 AM","0","0","0","0","0","0","0","0","0","0","0","0","0","0","0","0","0","0","",""
"11/12/2021 12:00:31 AM","0","0","0","0","0","0","0","0","0","0","0","0","0","0","0","0","0","0","",""
"11/13/2021 12:00:09 AM","0","0","0","0","0","0","0","0","0","0","0","0","0","0","0","0","0","0","",""
"11/14/2021 12:00:21 AM","0","0","0","0","0","0","0","0","0","0","0","0","0","0","0","0","0","0","",""
"11/15/2021 12:00:30 AM","0","0","0","0","0","0","0","0","0","0","0","0","0","0","0","0","0","0","",""
"11/16/2021 12:00:14 AM","0","0","0","0","0","0","0","0","0","0","0","0","0","0","0","0","0","0","",""
"11/17/2021 12:00:28 AM","0","0","0","0","0","0","0","0","0","0","0","0","0","0","0","0","0","0","",""
"11/18/2021 12:00:29 AM","0","0","0","0","0","0","0","0","0","0","0","0","0","0","0","0","0","0","",""
"11/19/2021 12:00:14 AM","0","0","0","0","0","0","0","0","0","0","0","0","0","0","0","0","0","0","",""
"11/20/2021 12:00:09 AM","0","0","0","0","0","0","0","0","0","0","0","0","0","0","0","0","0","0","",""
"11/21/2021 12:00:07 AM","0","0","0","0","0","0","0","0","0","0","0","0","0","0","0","0","0","0","",""
"11/22/2021 12:00:20 AM","0","0","0","0","0","0","0","0","0","0","0","0","0","0","0","0","0","0","",""
"11/23/2021 12:00:17 AM","0","0","0","0","0","0","0","0","0","0","0","0","0","0","0","0","0","0","",""
"11/24/2021 12:00:06 AM","0","0","0","0","0","0","0","0","0","0","0","0","0","0","0","0","0","0","",""
"11/25/2021 12:00:08 AM","0","0","0","0","0","0","0","0","0","0","0","0","0","0","0","0","0","0","",""
"11/26/2021 12:00:08 AM","0","0","0","0","0","0","0","0","0","0","0","0","0","0","0","0","0","0","",""
"11/27/2021 12:00:35 AM","0","0","0","0","0","0","0","0","0","0","0","0","0","0","0","0","0","0","",""
"11/28/2021 12:00:23 AM","0","0","0","0","0","0","0","0","0","0","0","0","0","0","0","0","0","0","",""
"11/29/2021 12:00:31 AM","0","0","0","0","0","0","0","0","0","0","0","0","0","0","0","0","0","0","",""
"11/30/2021 12:00:16 AM","0","0","0","0","0","0","0","0","0","0","0","0","0","0","0","0","0","0","",""
"12/1/2021 12:00:15 AM","0","0","0","0","0","0","0","0","0","0","0","0","0","0","0","0","0","0","",""
"12/2/2021 12:00:30 AM","0","0","0","0","0","0","0","0","0","0","0","0","0","0","0","0","0","0","",""
"12/3/2021 12:00:20 AM","0","0","0","0","0","0","0","0","0","0","0","0","0","0","0","0","0","0","",""
"12/4/2021 12:00:28 AM","0","0","0","0","0","0","0","0","0","0","0","0","0","0","0","0","0","0","",""
"12/5/2021 12:00:32 AM","0","0","0","0","0","0","0","0","0","0","0","0","0","0","0","0","0","0","",""
"12/6/2021 12:00:26 AM","0","0","0","0","0","0","0","0","0","0","0","0","0","0","0","0","0","0","",""
"12/7/2021 12:00:20 AM","0","0","0","0","0","0","0","0","0","0","0","0","0","0","0","0","0","0","",""
"12/8/2021 12:00:08 AM","0","0","0","0","0","0","0","0","0","0","0","0","0","0","0","0","0","0","",""
"12/9/2021 12:00:09 AM","0","0","0","0","0","0","0","0","0","0","0","0","0","0","0","0","0","0","",""
"12/10/2021 12:00:30 AM","0","0","0","0","0","0","0","0","0","0","0","0","0","0","0","0","0","0","",""
"12/11/2021 12:00:30 AM","0","0","0","0","0","0","0","0","0","0","0","0","0","0","0","0","0","0","",""
"12/12/2021 12:00:07 AM","0","0","0","0","0","0","0","0","0","0","0","0","0","0","0","0","0","0","",""
"12/13/2021 12:00:08 AM","0","0","0","0","0","0","0","0","0","0","0","0","0","0","0","0","0","0","",""
"12/14/2021 12:00:32 AM","0","0","0","0","0","0","0","0","0","0","0","0","0","0","0","0","0","0","",""
"12/15/2021 12:00:16 AM","0","0","0","0","0","0","0","0","0","0","0","0","0","0","0","0","0","0","",""
"12/16/2021 12:00:29 AM","0","0","0","0","0","0","0","0","0","0","0","0","0","0","0","0","0","0","",""
"12/17/2021 12:00:17 AM","0","0","0","0","0","0","0","0","0","0","0","0","0","0","0","0","0","0","",""
"12/18/2021 12:00:31 AM","0","0","0","0","0","0","0","0","0","0","0","0","0","0","0","0","0","0","",""
"12/19/2021 12:00:30 AM","0","0","0","0","0","0","0","0","0","0","0","0","0","0","0","0","0","0","",""
"12/20/2021 12:00:18 AM","0","0","0","0","0","0","0","0","0","0","0","0","0","0","0","0","0","0","",""
"12/21/2021 12:00:16 AM","0","0","0","0","0","0","0","0","0","0","0","0","0","0","0","0","0","0","",""
"12/22/2021 12:00:05 AM","0","0","0","0","0","0","0","0","0","0","0","0","0","0","0","0","0","0","",""
"12/23/2021 12:00:31 AM","0","0","0","0","0","0","0","0","0","0","0","0","0","0","0","0","0","0","",""
"12/24/2021 12:00:23 AM","0","0","0","0","0","0","0","0","0","0","0","0","0","0","0","0","0","0","",""
"12/25/2021 12:00:29 AM","0","0","0","0","0","0","0","0","0","0","0","0","0","0","0","0","0","0","",""
"12/26/2021 12:00:34 AM","0","0","0","0","0","0","0","0","0","0","0","0","0","0","0","0","0","0","",""
"12/27/2021 12:00:33 AM","0","0","0","0","0","0","0","0","0","0","0","0","0","0","0","0","0","0","",""
"12/28/2021 12:00:01 AM","0","0","0","0","0","0","0","0","0","0","0","0","0","0","0","0","0","0","",""
"12/29/2021 12:00:16 AM","0","0","0","0","0","0","0","0","0","0","0","0","0","0","0","0","0","0","",""
"12/30/2021 12:00:28 AM","0","0","0","0","0","0","0","0","0","0","0","0","0","0","0","0","0","0","",""
"12/31/2021 12:00:21 AM","0","0","0","0","0","0","0","0","0","0","0","0","0","0","0","0","0","0","",""
"1/1/2022 12:00:33 AM","0","0","0","0","0","0","0","0","0","0","0","0","0","0","0","0","0","0","",""
"1/2/2022 12:00:11 AM","0","0","0","0","0","0","0","0","0","0","0","0","0","0","0","0","0","0","",""
"1/3/2022 12:00:21 AM","0","0","0","0","0","0","0","0","0","0","0","0","0","0","0","0","0","0","",""
"1/4/2022 12:00:06 AM","0","0","0","0","0","0","0","0","0","0","0","0","0","0","0","0","0","0","",""
"5/14/2022 12:00:41 AM","0","0","0","0","0","0","0","0","0","0","0","0","0","0","0","0","0","0","",""
"5/15/2022 12:01:09 AM","0","0","0","0","0","0","0","0","0","0","0","0","0","0","0","0","0","0","",""
"5/16/2022 12:00:55 AM","0","0","0","0","0","0","0","0","0","0","0","0","0","0","0","0","0","0","",""
"5/17/2022 12:00:35 AM","0","0","0","0","0","0","0","0","0","0","0","0","0","0","0","0","0","0","",""
"5/18/2022 12:00:52 AM","0","0","0","0","0","0","0","0","0","0","0","0","0","0","0","0","0","0","",""
"5/19/2022 12:00:35 AM","0","0","0","0","0","0","0","0","0","0","0","0","0","0","0","0","0","0","",""
"5/20/2022 12:00:35 AM","0","0","0","0","0","0","0","0","0","0","0","0","0","0","0","0","0","0","",""
"5/21/2022 12:02:00 AM","0","0","0","0","0","0","0","0","0","0","0","0","0","0","0","0","0","0","",""
"5/22/2022 12:01:33 AM","0","0","0","0","0","0","0","0","0","0","0","0","0","0","0","0","0","0","",""
"5/24/2022 12:00:30 AM","0","0","0","0","0","0","0","0","0","0","0","0","0","0","0","0","0","0","",""
"5/25/2022 12:00:40 AM","0","0","0","0","0","0","0","0","0","0","0","0","0","0","0","0","0","0","",""
"5/26/2022 12:00:48 AM","0","0","0","0","0","0","0","0","0","0","0","0","0","0","0","0","0","0","",""
"5/27/2022 12:00:54 AM","0","0","0","0","0","0","0","0","0","0","0","0","0","0","0","0","0","0","",""
"5/28/2022 12:00:53 AM","0","0","0","0","0","0","0","0","0","0","0","0","0","0","0","0","0","0","",""
"5/29/2022 12:01:02 AM","0","0","0","0","0","0","0","0","0","0","0","0","0","0","0","0","0","0","",""
"5/30/2022 12:00:19 AM","0","0","0","0","0","0","0","0","0","0","0","0","0","0","0","0","0","0","",""
"5/31/2022 12:01:03 AM","0","0","0","0","0","0","0","0","0","0","0","0","0","0","0","0","0","0","",""
"6/1/2022 12:00:39 AM","0","0","0","0","0","0","0","0","0","0","0","0","0","0","0","0","0","0","",""
"6/2/2022 12:00:34 AM","0","0","0","0","0","0","0","0","0","0","0","0","0","0","0","0","0","0","",""
"6/3/2022 12:00:27 AM","0","0","0","0","0","0","0","0","0","0","0","0","0","0","0","0","0","0","",""
"6/4/2022 12:00:15 AM","0","0","0","0","0","0","0","0","0","0","0","0","0","0","0","0","0","0","",""
"6/5/2022 12:00:38 AM","0","0","0","0","0","0","0","0","0","0","0","0","0","0","0","0","0","0","",""
"6/6/2022 12:01:01 AM","0","0","0","0","0","0","0","0","0","0","0","0","0","0","0","0","0","0","",""
"6/7/2022 12:00:50 AM","0","0","0","0","0","0","0","0","0","0","0","0","0","0","0","0","0","0","",""
"6/8/2022 12:00:47 AM","0","0","0","0","0","0","0","0","0","0","0","0","0","0","0","0","0","0","",""
"6/9/2022 12:00:34 AM","0","0","0","0","0","0","0","0","0","0","0","0","0","0","0","0","0","0","",""
"6/10/2022 12:00:25 AM","0","0","0","0","0","0","0","0","0","0","0","0","0","0","0","0","0","0","",""
"6/11/2022 12:00:36 AM","0","0","0","0","0","0","0","0","0","0","0","0","0","0","0","0","0","0","",""
"6/12/2022 12:01:00 AM","0","0","0","0","0","0","0","0","0","0","0","0","0","0","0","0","0","0","",""
"6/13/2022 12:01:14 AM","0","0","0","0","0","0","0","0","0","0","0","0","0","0","0","0","0","0","",""
"6/14/2022 12:00:33 AM","0","0","0","0","0","0","0","0","0","0","0","0","0","0","0","0","0","0","",""
"6/15/2022 12:00:49 AM","0","0","0","0","0","0","0","0","0","0","0","0","0","0","0","0","0","0","",""
"6/16/2022 12:00:53 AM","0","0","0","0","0","0","0","0","0","0","0","0","0","0","0","0","0","0","",""
"6/17/2022 12:01:04 AM","0","0","0","0","0","0","0","0","0","0","0","0","0","0","0","0","0","0","",""
"6/18/2022 12:00:59 AM","0","0","0","0","0","0","0","0","0","0","0","0","0","0","0","0","0","0","",""
"6/20/2022 12:00:31 AM","0","0","0","0","0","0","0","0","0","0","0","0","0","0","0","0","0","0","",""
"6/21/2022 12:01:08 AM","0","0","0","0","0","0","0","0","0","0","0","0","0","0","0","0","0","0","",""
"6/22/2022 12:00:50 AM","0","0","0","0","0","0","0","0","0","0","0","0","0","0","0","0","0","0","",""
"6/23/2022 12:00:30 AM","0","0","0","0","0","0","0","0","0","0","0","0","0","0","0","0","0","0","",""
"6/24/2022 12:00:31 AM","0","0","0","0","0","0","0","0","0","0","0","0","0","0","0","0","0","0","",""
"6/25/2022 12:00:56 AM","0","0","0","0","0","0","0","0","0","0","0","0","0","0","0","0","0","0","",""
"6/26/2022 12:01:19 AM","0","0","0","0","0","0","0","0","0","0","0","0","0","0","0","0","0","0","",""
"6/27/2022 12:00:55 AM","0","0","0","0","0","0","0","0","0","0","0","0","0","0","0","0","0","0","",""
"11/6/2022 12:01:27 AM","0","0","0","0","0","0","0","0","0","0","0","0","0","0","0","0","0","0","",""
"11/7/2022 12:01:02 AM","0","0","0","0","0","0","0","0","0","0","0","0","0","0","0","0","0","0","",""
"11/8/2022 12:00:51 AM","0","0","0","0","0","0","0","0","0","0","0","0","0","0","0","0","0","0","",""
"11/9/2022 12:00:59 AM","0","0","0","0","0","0","0","0","0","0","0","0","0","0","0","0","0","0","",""
"11/10/2022 12:00:45 AM","0","0","0","0","0","0","0","0","0","0","0","0","0","0","0","0","0","0","",""
"11/11/2022 12:01:03 AM","0","0","0","0","0","0","0","0","0","0","0","0","0","0","0","0","0","0","",""
"11/12/2022 12:01:23 AM","0","0","0","0","0","0","0","0","0","0","0","0","0","0","0","0","0","0","",""
"11/13/2022 12:01:06 AM","0","0","0","0","0","0","0","0","0","0","0","0","0","0","0","0","0","0","",""
"11/14/2022 12:01:29 AM","0","0","0","0","0","0","0","0","0","0","0","0","0","0","0","0","0","0","",""
"11/15/2022 12:01:03 AM","0","0","0","0","0","0","0","0","0","0","0","0","0","0","0","0","0","0","",""
"11/16/2022 12:01:26 AM","0","0","0","0","0","0","0","0","0","0","0","0","0","0","0","0","0","0","",""
"11/17/2022 12:00:36 AM","0","0","0","0","0","0","0","0","0","0","0","0","0","0","0","0","0","0","",""
"11/18/2022 12:00:51 AM","0","0","0","0","0","0","0","0","0","0","0","0","0","0","0","0","0","0","",""
"11/19/2022 12:00:32 AM","0","0","0","0","0","0","0","0","0","0","0","0","0","0","0","0","0","0","",""
"11/20/2022 12:00:42 AM","0","0","0","0","0","0","0","0","0","0","0","0","0","0","0","0","0","0","",""
"11/21/2022 12:01:27 AM","0","0","0","0","0","0","0","0","0","0","0","0","0","0","0","0","0","0","",""
"11/22/2022 12:00:52 AM","0","0","0","0","0","0","0","0","0","0","0","0","0","0","0","0","0","0","",""
"11/23/2022 12:01:38 AM","0","0","0","0","0","0","0","0","0","0","0","0","0","0","0","0","0","0","",""
"11/24/2022 12:01:01 AM","0","0","0","0","0","0","0","0","0","0","0","0","0","0","0","0","0","0","",""
"11/25/2022 12:00:48 AM","0","0","0","0","0","0","0","0","0","0","0","0","0","0","0","0","0","0","",""
"11/26/2022 12:01:23 AM","0","0","0","0","0","0","0","0","0","0","0","0","0","0","0","0","0","0","",""
"11/27/2022 12:01:28 AM","0","0","0","0","0","0","0","0","0","0","0","0","0","0","0","0","0","0","",""
"11/28/2022 12:01:13 AM","0","0","0","0","0","0","0","0","0","0","0","0","0","0","0","0","0","0","",""
"11/29/2022 12:00:33 AM","0","0","0","0","0","0","0","0","0","0","0","0","0","0","0","0","0","0","",""
"12/1/2022 12:01:03 AM","0","0","0","0","0","0","0","0","0","0","0","0","0","0","0","0","0","0","",""
"12/2/2022 12:01:15 AM","0","0","0","0","0","0","0","0","0","0","0","0","0","0","0","0","0","0","",""
"12/3/2022 12:01:18 AM","0","0","0","0","0","0","0","0","0","0","0","0","0","0","0","0","0","0","",""
"12/4/2022 12:00:56 AM","0","0","0","0","0","0","0","0","0","0","0","0","0","0","0","0","0","0","",""
"12/5/2022 12:00:39 AM","0","0","0","0","0","0","0","0","0","0","0","0","0","0","0","0","0","0","",""
"12/6/2022 12:00:52 AM","0","0","0","0","0","0","0","0","0","0","0","0","0","0","0","0","0","0","",""
"12/7/2022 12:00:47 AM","0","0","0","0","0","0","0","0","0","0","0","0","0","0","0","0","0","0","",""
"12/8/2022 12:01:33 AM","0","0","0","0","0","0","0","0","0","0","0","0","0","0","0","0","0","0","",""
"12/9/2022 12:01:01 AM","0","0","0","0","0","0","0","0","0","0","0","0","0","0","0","0","0","0","",""
"12/10/2022 12:00:17 AM","0","0","0","0","0","0","0","0","0","0","0","0","0","0","0","0","0","0","",""
"12/11/2022 12:00:45 AM","0","0","0","0","0","0","0","0","0","0","0","0","0","0","0","0","0","0","",""
"12/12/2022 12:01:52 AM","0","0","0","0","0","0","0","0","0","0","0","0","0","0","0","0","0","0","",""
"12/13/2022 12:01:55 AM","0","0","0","0","0","0","0","0","0","0","0","0","0","0","0","0","0","0","",""
"12/14/2022 12:01:28 AM","0","0","0","0","0","0","0","0","0","0","0","0","0","0","0","0","0","0","",""
"12/15/2022 12:00:47 AM","0","0","0","0","0","0","0","0","0","0","0","0","0","0","0","0","0","0","",""
"12/16/2022 12:01:35 AM","0","0","0","0","0","0","0","0","0","0","0","0","0","0","0","0","0","0","",""
"12/17/2022 12:01:45 AM","0","0","0","0","0","0","0","0","0","0","0","0","0","0","0","0","0","0","",""
"12/18/2022 12:01:35 AM","0","0","0","0","0","0","0","0","0","0","0","0","0","0","0","0","0","0","",""
"12/19/2022 12:01:50 AM","0","0","0","0","0","0","0","0","0","0","0","0","0","0","0","0","0","0","",""
"12/20/2022 12:01:28 AM","0","0","0","0","0","0","0","0","0","0","0","0","0","0","0","0","0","0","",""
"12/21/2022 12:00:09 AM","0","0","0","0","0","0","0","0","0","0","0","0","0","0","0","0","0","0","",""
"12/22/2022 12:00:45 AM","0","0","0","0","0","0","0","0","0","0","0","0","0","0","0","0","0","0","",""
"12/23/2022 12:00:45 AM","0","0","0","0","0","0","0","0","0","0","0","0","0","0","0","0","0","0","",""
"12/24/2022 12:00:34 AM","0","0","0","0","0","0","0","0","0","0","0","0","0","0","0","0","0","0","",""
"12/25/2022 12:01:14 AM","0","0","0","0","0","0","0","0","0","0","0","0","0","0","0","0","0","0","",""
"12/26/2022 12:01:33 AM","0","0","0","0","0","0","0","0","0","0","0","0","0","0","0","0","0","0","",""
"12/27/2022 12:01:20 AM","0","0","0","0","0","0","0","0","0","0","0","0","0","0","0","0","0","0","",""
"12/28/2022 12:00:24 AM","0","0","0","0","0","0","0","0","0","0","0","0","0","0","0","0","0","0","",""
"12/29/2022 12:00:48 AM","0","0","0","0","0","0","0","0","0","0","0","0","0","0","0","0","0","0","",""
"12/30/2022 12:01:44 AM","0","0","0","0","0","0","0","0","0","0","0","0","0","0","0","0","0","0","",""
"12/31/2022 12:00:58 AM","0","0","0","0","0","0","0","0","0","0","0","0","0","0","0","0","0","0","",""
"1/1/2023 12:01:08 AM","0","0","0","0","0","0","0","0","0","0","0","0","0","0","0","0","0","0","",""
"1/2/2023 12:00:54 AM","0","0","0","0","0","0","0","0","0","0","0","0","0","0","0","0","0","0","",""
"1/3/2023 12:00:49 AM","0","0","0","0","0","0","0","0","0","0","0","0","0","0","0","0","0","0","",""
"1/4/2023 12:00:55 AM","0","0","0","0","0","0","0","0","0","0","0","0","0","0","0","0","0","0","",""
"1/5/2023 12:00:57 AM","0","0","0","0","0","0","0","0","0","0","0","0","0","0","0","0","0","0","",""
"1/6/2023 12:01:34 AM","0","0","0","0","0","0","0","0","0","0","0","0","0","0","0","0","0","0","",""
"1/7/2023 12:00:39 AM","0","0","0","0","0","0","0","0","0","0","0","0","0","0","0","0","0","0","",""
"1/8/2023 12:01:40 AM","0","0","0","0","0","0","0","0","0","0","0","0","0","0","0","0","0","0","",""
"1/9/2023 12:01:02 AM","0","0","0","0","0","0","0","0","0","0","0","0","0","0","0","0","0","0","",""
"1/10/2023 12:01:02 AM","0","0","0","0","0","0","0","0","0","0","0","0","0","0","0","0","0","0","",""
"1/11/2023 12:01:44 AM","0","0","0","0","0","0","0","0","0","0","0","0","0","0","0","0","0","0","",""
"1/12/2023 12:00:39 AM","0","0","0","0","0","0","0","0","0","0","0","0","0","0","0","0","0","0","",""
"1/13/2023 12:01:11 AM","0","0","0","0","0","0","0","0","0","0","0","0","0","0","0","0","0","0","",""
"1/14/2023 12:00:55 AM","0","0","0","0","0","0","0","0","0","0","0","0","0","0","0","0","0","0","",""
"1/15/2023 12:00:48 AM","0","0","0","0","0","0","0","0","0","0","0","0","0","0","0","0","0","0","",""
"1/16/2023 12:01:03 AM","0","0","0","0","0","0","0","0","0","0","0","0","0","0","0","0","0","0","",""
"1/17/2023 12:01:24 AM","0","0","0","0","0","0","0","0","0","0","0","0","0","0","0","0","0","0","",""
"1/18/2023 12:00:52 AM","0","0","0","0","0","0","0","0","0","0","0","0","0","0","0","0","0","0","",""
"1/19/2023 12:01:06 AM","0","0","0","0","0","0","0","0","0","0","0","0","0","0","0","0","0","0","",""
"1/20/2023 12:01:19 AM","0","0","0","0","0","0","0","0","0","0","0","0","0","0","0","0","0","0","",""
"1/21/2023 12:00:45 AM","0","0","0","0","0","0","0","0","0","0","0","0","0","0","0","0","0","0","",""
"1/22/2023 12:00:53 AM","0","0","0","0","0","0","0","0","0","0","0","0","0","0","0","0","0","0","",""
"1/23/2023 12:00:42 AM","0","0","0","0","0","0","0","0","0","0","0","0","0","0","0","0","0","0","",""
"1/24/2023 12:00:33 AM","0","0","0","0","0","0","0","0","0","0","0","0","0","0","0","0","0","0","",""
"1/25/2023 12:01:36 AM","0","0","0","0","0","0","0","0","0","0","0","0","0","0","0","0","0","0","",""
"1/26/2023 12:01:07 AM","0","0","0","0","0","0","0","0","0","0","0","0","0","0","0","0","0","0","",""
"1/27/2023 12:00:28 AM","0","0","0","0","0","0","0","0","0","0","0","0","0","0","0","0","0","0","",""
"1/28/2023 12:00:34 AM","0","0","0","0","0","0","0","0","0","0","0","0","0","0","0","0","0","0","",""
"1/29/2023 12:00:52 AM","0","0","0","0","0","0","0","0","0","0","0","0","0","0","0","0","0","0","",""
"1/30/2023 12:00:35 AM","0","0","0","0","0","0","0","0","0","0","0","0","0","0","0","0","0","0","",""
"1/31/2023 12:01:33 AM","0","0","0","0","0","0","0","0","0","0","0","0","0","0","0","0","0","0","",""
"2/1/2023 12:01:10 AM","0","0","0","0","0","0","0","0","0","0","0","0","0","0","0","0","0","0","",""
"2/2/2023 12:00:31 AM","0","0","0","0","0","0","0","0","0","0","0","0","0","0","0","0","0","0","",""
"2/3/2023 12:02:01 AM","0","0","0","0","0","0","0","0","0","0","0","0","0","0","0","0","0","0","",""
"2/4/2023 12:01:20 AM","0","0","0","0","0","0","0","0","0","0","0","0","0","0","0","0","0","0","",""
"2/5/2023 12:01:26 AM","0","0","0","0","0","0","0","0","0","0","0","0","0","0","0","0","0","0","",""
"2/6/2023 12:00:40 AM","0","0","0","0","0","0","0","0","0","0","0","0","0","0","0","0","0","0","",""
"2/7/2023 12:00:52 AM","0","0","0","0","0","0","0","0","0","0","0","0","0","0","0","0","0","0","",""
"2/8/2023 12:01:36 AM","0","0","0","0","0","0","0","0","0","0","0","0","0","0","0","0","0","0","",""
"2/9/2023 12:01:50 AM","0","0","0","0","0","0","0","0","0","0","0","0","0","0","0","0","0","0","",""
"2/10/2023 12:00:56 AM","0","0","0","0","0","0","0","0","0","0","0","0","0","0","0","0","0","0","",""
"2/11/2023 12:01:13 AM","0","0","0","0","0","0","0","0","0","0","0","0","0","0","0","0","0","0","",""
"2/12/2023 12:01:02 AM","0","0","0","0","0","0","0","0","0","0","0","0","0","0","0","0","0","0","",""
"2/13/2023 12:00:46 AM","0","0","0","0","0","0","0","0","0","0","0","0","0","0","0","0","0","0","",""
"2/14/2023 12:00:34 AM","0","0","0","0","0","0","0","0","0","0","0","0","0","0","0","0","0","0","",""
"2/15/2023 12:00:58 AM","0","0","0","0","0","0","0","0","0","0","0","0","0","0","0","0","0","0","",""
"2/16/2023 12:00:17 AM","0","0","0","0","0","0","0","0","0","0","0","0","0","0","0","0","0","0","",""
"2/17/2023 12:00:56 AM","0","0","0","0","0","0","0","0","0","0","0","0","0","0","0","0","0","0","",""
"2/18/2023 12:01:47 AM","0","0","0","0","0","0","0","0","0","0","0","0","0","0","0","0","0","0","",""
"2/19/2023 12:01:06 AM","0","0","0","0","0","0","0","0","0","0","0","0","0","0","0","0","0","0","",""
"2/20/2023 12:01:30 AM","0","0","0","0","0","0","0","0","0","0","0","0","0","0","0","0","0","0","",""
"2/21/2023 12:00:59 AM","0","0","0","0","0","0","0","0","0","0","0","0","0","0","0","0","0","0","",""
"2/22/2023 12:00:45 AM","0","0","0","0","0","0","0","0","0","0","0","0","0","0","0","0","0","0","",""
"2/23/2023 12:01:25 AM","0","0","0","0","0","0","0","0","0","0","0","0","0","0","0","0","0","0","",""
"2/24/2023 12:01:36 AM","0","0","0","0","0","0","0","0","0","0","0","0","0","0","0","0","0","0","",""
"2/25/2023 12:01:43 AM","0","0","0","0","0","0","0","0","0","0","0","0","0","0","0","0","0","0","",""
"2/26/2023 12:00:55 AM","0","0","0","0","0","0","0","0","0","0","0","0","0","0","0","0","0","0","",""
"2/27/2023 12:01:06 AM","0","0","0","0","0","0","0","0","0","0","0","0","0","0","0","0","0","0","",""
"2/28/2023 12:01:25 AM","0","0","0","0","0","0","0","0","0","0","0","0","0","0","0","0","0","0","",""
"3/4/2023 12:01:48 AM","0","0","0","0","0","0","0","0","0","0","0","0","0","0","0","0","0","0","",""
"3/5/2023 12:01:05 AM","0","0","0","0","0","0","0","0","0","0","0","0","0","0","0","0","0","0","",""
"3/6/2023 12:02:24 AM","0","0","0","0","0","0","0","0","0","0","0","0","0","0","0","0","0","0","",""
"3/7/2023 12:01:21 AM","0","0","0","0","0","0","0","0","0","0","0","0","0","0","0","0","0","0","",""
"3/8/2023 12:01:20 AM","0","0","0","0","0","0","0","0","0","0","0","0","0","0","0","0","0","0","",""
"3/9/2023 12:02:12 AM","0","0","0","0","0","0","0","0","0","0","0","0","0","0","0","0","0","0","",""
"3/10/2023 12:00:59 AM","0","0","0","0","0","0","0","0","0","0","0","0","0","0","0","0","0","0","",""
"3/11/2023 12:00:50 AM","0","0","0","0","0","0","0","0","0","0","0","0","0","0","0","0","0","0","",""
"3/13/2023 12:01:28 AM","0","0","0","0","0","0","0","0","0","0","0","0","0","0","0","0","0","0","",""
"3/14/2023 12:00:26 AM","0","0","0","0","0","0","0","0","0","0","0","0","0","0","0","0","0","0","",""
"3/15/2023 12:01:06 AM","0","0","0","0","0","0","0","0","0","0","0","0","0","0","0","0","0","0","",""
"3/16/2023 12:01:34 AM","0","0","0","0","0","0","0","0","0","0","0","0","0","0","0","0","0","0","",""
"3/17/2023 12:00:53 AM","0","0","0","0","0","0","0","0","0","0","0","0","0","0","0","0","0","0","",""
"3/18/2023 12:01:48 AM","0","0","0","0","0","0","0","0","0","0","0","0","0","0","0","0","0","0","",""
"3/19/2023 12:01:52 AM","0","0","0","0","0","0","0","0","0","0","0","0","0","0","0","0","0","0","",""
"3/20/2023 12:00:59 AM","0","0","0","0","0","0","0","0","0","0","0","0","0","0","0","0","0","0","",""
"3/21/2023 12:00:52 AM","0","0","0","0","0","0","0","0","0","0","0","0","0","0","0","0","0","0","",""
"3/22/2023 12:00:49 AM","0","0","0","0","0","0","0","0","0","0","0","0","0","0","0","0","0","0","",""
"3/23/2023 12:01:21 AM","0","0","0","0","0","0","0","0","0","0","0","0","0","0","0","0","0","0","",""
"3/24/2023 12:00:32 AM","0","0","0","0","0","0","0","0","0","0","0","0","0","0","0","0","0","0","",""
"3/25/2023 12:00:39 AM","0","0","0","0","0","0","0","0","0","0","0","0","0","0","0","0","0","0","",""
"3/26/2023 12:01:30 AM","0","0","0","0","0","0","0","0","0","0","0","0","0","0","0","0","0","0","",""
"3/27/2023 12:01:48 AM","0","0","0","0","0","0","0","0","0","0","0","0","0","0","0","0","0","0","",""
"3/28/2023 12:00:25 AM","0","0","0","0","0","0","0","0","0","0","0","0","0","0","0","0","0","0","",""
"3/29/2023 12:02:16 AM","0","0","0","0","0","0","0","0","0","0","0","0","0","0","0","0","0","0","",""
"3/30/2023 12:00:55 AM","0","0","0","0","0","0","0","0","0","0","0","0","0","0","0","0","0","0","",""
"3/31/2023 12:00:52 AM","0","0","0","0","0","0","0","0","0","0","0","0","0","0","0","0","0","0","",""
"4/1/2023 12:00:29 AM","0","0","0","0","0","0","0","0","0","0","0","0","0","0","0","0","0","0","",""
"4/2/2023 12:01:07 AM","0","0","0","0","0","0","0","0","0","0","0","0","0","0","0","0","0","0","",""
"4/3/2023 12:01:06 AM","0","0","0","0","0","0","0","0","0","0","0","0","0","0","0","0","0","0","",""
"4/4/2023 12:00:58 AM","0","0","0","0","0","0","0","0","0","0","0","0","0","0","0","0","0","0","",""
"4/5/2023 12:01:30 AM","0","0","0","0","0","0","0","0","0","0","0","0","0","0","0","0","0","0","",""
"4/6/2023 12:01:18 AM","0","0","0","0","0","0","0","0","0","0","0","0","0","0","0","0","0","0","",""
"4/7/2023 12:01:56 AM","0","0","0","0","0","0","0","0","0","0","0","0","0","0","0","0","0","0","",""
"4/8/2023 12:01:00 AM","0","0","0","0","0","0","0","0","0","0","0","0","0","0","0","0","0","0","",""
"4/9/2023 12:02:06 AM","0","0","0","0","0","0","0","0","0","0","0","0","0","0","0","0","0","0","",""
"4/10/2023 12:01:28 AM","0","0","0","0","0","0","0","0","0","0","0","0","0","0","0","0","0","0","",""
"4/11/2023 12:02:17 AM","0","0","0","0","0","0","0","0","0","0","0","0","0","0","0","0","0","0","",""
"4/12/2023 12:01:40 AM","0","0","0","0","0","0","0","0","0","0","0","0","0","0","0","0","0","0","",""
"4/13/2023 12:01:17 AM","0","0","0","0","0","0","0","0","0","0","0","0","0","0","0","0","0","0","",""
"4/14/2023 12:02:00 AM","0","0","0","0","0","0","0","0","0","0","0","0","0","0","0","0","0","0","",""
"4/15/2023 12:00:41 AM","0","0","0","0","0","0","0","0","0","0","0","0","0","0","0","0","0","0","",""
"4/16/2023 12:01:15 AM","0","0","0","0","0","0","0","0","0","0","0","0","0","0","0","0","0","0","",""
"4/17/2023 12:01:11 AM","0","0","0","0","0","0","0","0","0","0","0","0","0","0","0","0","0","0","",""
"4/18/2023 12:01:49 AM","0","0","0","0","0","0","0","0","0","0","0","0","0","0","0","0","0","0","",""
"4/19/2023 12:02:07 AM","0","0","0","0","0","0","0","0","0","0","0","0","0","0","0","0","0","0","",""
"4/20/2023 12:01:34 AM","0","0","0","0","0","0","0","0","0","0","0","0","0","0","0","0","0","0","",""
"4/21/2023 12:00:34 AM","0","0","0","0","0","0","0","0","0","0","0","0","0","0","0","0","0","0","",""
"4/23/2023 12:00:21 AM","0","0","0","0","0","0","0","0","0","0","0","0","0","0","0","0","0","0","",""
"4/24/2023 12:00:34 AM","0","0","0","0","0","0","0","0","0","0","0","0","0","0","0","0","0","0","",""
"4/26/2023 12:00:40 AM","0","0","0","0","0","0","0","0","0","0","0","0","0","0","0","0","0","0","",""
"4/27/2023 12:01:23 AM","0","0","0","0","0","0","0","0","0","0","0","0","0","0","0","0","0","0","",""
"4/28/2023 12:01:10 AM","0","0","0","0","0","0","0","0","0","0","0","0","0","0","0","0","0","0","",""
"4/29/2023 12:00:40 AM","0","0","0","0","0","0","0","0","0","0","0","0","0","0","0","0","0","0","",""
"4/30/2023 12:00:56 AM","0","0","0","0","0","0","0","0","0","0","0","0","0","0","0","0","0","0","",""
"5/1/2023 12:01:21 AM","0","0","0","0","0","0","0","0","0","0","0","0","0","0","0","0","0","0","",""
"5/2/2023 12:01:39 AM","0","0","0","0","0","0","0","0","0","0","0","0","0","0","0","0","0","0","",""
"5/3/2023 12:00:47 AM","0","0","0","0","0","0","0","0","0","0","0","0","0","0","0","0","0","0","",""
"5/4/2023 12:01:10 AM","0","0","0","0","0","0","0","0","0","0","0","0","0","0","0","0","0","0","",""
"5/5/2023 12:01:30 AM","0","0","0","0","0","0","0","0","0","0","0","0","0","0","0","0","0","0","",""
"5/6/2023 12:02:31 AM","0","0","0","0","0","0","0","0","0","0","0","0","0","0","0","0","0","0","",""
"5/7/2023 12:00:45 AM","0","0","0","0","0","0","0","0","0","0","0","0","0","0","0","0","0","0","",""
"5/8/2023 12:02:16 AM","0","0","0","0","0","0","0","0","0","0","0","0","0","0","0","0","0","0","",""
"5/9/2023 12:01:27 AM","0","0","0","0","0","0","0","0","0","0","0","0","0","0","0","0","0","0","",""
"5/10/2023 12:00:22 AM","0","0","0","0","0","0","0","0","0","0","0","0","0","0","0","0","0","0","",""
"5/11/2023 12:02:52 AM","0","0","0","0","0","0","0","0","0","0","0","0","0","0","0","0","0","0","",""
"5/12/2023 12:02:50 AM","0","0","0","0","0","0","0","0","0","0","0","0","0","0","0","0","0","0","",""
"5/13/2023 12:02:38 AM","0","0","0","0","0","0","0","0","0","0","0","0","0","0","0","0","0","0","",""
"5/15/2023 12:00:52 AM","0","0","0","0","0","0","0","0","0","0","0","0","0","0","0","0","0","0","",""
"5/16/2023 12:03:07 AM","0","0","0","0","0","0","0","0","0","0","0","0","0","0","0","0","0","0","",""
"5/17/2023 12:02:20 AM","0","0","0","0","0","0","0","0","0","0","0","0","0","0","0","0","0","0","",""
"5/18/2023 12:00:13 AM","0","0","0","0","0","0","0","0","0","0","0","0","0","0","0","0","0","0","",""
"5/19/2023 12:01:56 AM","0","0","0","0","0","0","0","0","0","0","0","0","0","0","0","0","0","0","",""
"5/20/2023 12:02:19 AM","0","0","0","0","0","0","0","0","0","0","0","0","0","0","0","0","0","0","",""
"5/21/2023 12:01:04 AM","0","0","0","0","0","0","0","0","0","0","0","0","0","0","0","0","0","0","",""
"5/22/2023 12:01:35 AM","0","0","0","0","0","0","0","0","0","0","0","0","0","0","0","0","0","0","",""
"5/23/2023 12:00:21 AM","0","0","0","0","0","0","0","0","0","0","0","0","0","0","0","0","0","0","",""
"5/24/2023 12:00:08 AM","0","0","0","0","0","0","0","0","0","0","0","0","0","0","0","0","0","0","",""
"5/25/2023 12:00:43 AM","0","0","0","0","0","0","0","0","0","0","0","0","0","0","0","0","0","0","",""
"5/26/2023 12:00:41 AM","0","0","0","0","0","0","0","0","0","0","0","0","0","0","0","0","0","0","",""
"5/27/2023 12:01:21 AM","0","0","0","0","0","0","0","0","0","0","0","0","0","0","0","0","0","0","",""
"5/28/2023 12:02:18 AM","0","0","0","0","0","0","0","0","0","0","0","0","0","0","0","0","0","0","",""
"5/29/2023 12:02:04 AM","0","0","0","0","0","0","0","0","0","0","0","0","0","0","0","0","0","0","",""
"5/30/2023 12:00:43 AM","0","0","0","0","0","0","0","0","0","0","0","0","0","0","0","0","0","0","",""
"5/31/2023 12:00:49 AM","0","0","0","0","0","0","0","0","0","0","0","0","0","0","0","0","0","0","",""
"6/1/2023 12:00:23 AM","0","0","0","0","0","0","0","0","0","0","0","0","0","0","0","0","0","0","",""
"6/2/2023 12:00:46 AM","0","0","0","0","0","0","0","0","0","0","0","0","0","0","0","0","0","0","",""
"6/3/2023 12:01:32 AM","0","0","0","0","0","0","0","0","0","0","0","0","0","0","0","0","0","0","",""
"6/4/2023 12:00:41 AM","0","0","0","0","0","0","0","0","0","0","0","0","0","0","0","0","0","0","",""
"6/5/2023 12:00:38 AM","0","0","0","0","0","0","0","0","0","0","0","0","0","0","0","0","0","0","",""
"6/6/2023 12:01:18 AM","0","0","0","0","0","0","0","0","0","0","0","0","0","0","0","0","0","0","",""
"6/7/2023 12:01:11 AM","0","0","0","0","0","0","0","0","0","0","0","0","0","0","0","0","0","0","",""
"6/8/2023 12:01:25 AM","0","0","0","0","0","0","0","0","0","0","0","0","0","0","0","0","0","0","",""
"6/9/2023 12:00:36 AM","0","0","0","0","0","0","0","0","0","0","0","0","0","0","0","0","0","0","",""
"6/10/2023 12:01:26 AM","0","0","0","0","0","0","0","0","0","0","0","0","0","0","0","0","0","0","",""
"6/11/2023 12:02:32 AM","0","0","0","0","0","0","0","0","0","0","0","0","0","0","0","0","0","0","",""
"6/12/2023 12:00:40 AM","0","0","0","0","0","0","0","0","0","0","0","0","0","0","0","0","0","0","",""
"6/13/2023 12:01:19 AM","0","0","0","0","0","0","0","0","0","0","0","0","0","0","0","0","0","0","",""
"6/14/2023 12:00:44 AM","0","0","0","0","0","0","0","0","0","0","0","0","0","0","0","0","0","0","",""
"6/15/2023 12:02:38 AM","0","0","0","0","0","0","0","0","0","0","0","0","0","0","0","0","0","0","",""
"6/16/2023 12:00:30 AM","0","0","0","0","0","0","0","0","0","0","0","0","0","0","0","0","0","0","",""
"6/17/2023 12:00:30 AM","0","0","0","0","0","0","0","0","0","0","0","0","0","0","0","0","0","0","",""
"6/18/2023 12:00:17 AM","0","0","0","0","0","0","0","0","0","0","0","0","0","0","0","0","0","0","",""
"6/19/2023 12:00:31 AM","0","0","0","0","0","0","0","0","0","0","0","0","0","0","0","0","0","0","",""
"6/20/2023 12:00:42 AM","0","0","0","0","0","0","0","0","0","0","0","0","0","0","0","0","0","0","",""
"6/21/2023 12:03:00 AM","0","0","0","0","0","0","0","0","0","0","0","0","0","0","0","0","0","0","",""
"6/22/2023 12:02:17 AM","0","0","0","0","0","0","0","0","0","0","0","0","0","0","0","0","0","0","",""
"6/23/2023 12:00:16 AM","0","0","0","0","0","0","0","0","0","0","0","0","0","0","0","0","0","0","",""
"6/24/2023 12:00:51 AM","0","0","0","0","0","0","0","0","0","0","0","0","0","0","0","0","0","0","",""
"6/25/2023 12:01:50 AM","0","0","0","0","0","0","0","0","0","0","0","0","0","0","0","0","0","0","",""
"6/26/2023 12:03:18 AM","0","0","0","0","0","0","0","0","0","0","0","0","0","0","0","0","0","0","",""
"6/27/2023 12:01:26 AM","0","0","0","0","0","0","0","0","0","0","0","0","0","0","0","0","0","0","",""
"6/28/2023 12:01:39 AM","0","0","0","0","0","0","0","0","0","0","0","0","0","0","0","0","0","0","",""
"6/29/2023 12:02:11 AM","0","0","0","0","0","0","0","0","0","0","0","0","0","0","0","0","0","0","",""
"6/30/2023 12:02:34 AM","0","0","0","0","0","0","0","0","0","0","0","0","0","0","0","0","0","0","",""
"7/1/2023 12:01:00 AM","0","0","0","0","0","0","0","0","0","0","0","0","0","0","0","0","0","0","",""
"7/2/2023 12:01:36 AM","0","0","0","0","0","0","0","0","0","0","0","0","0","0","0","0","0","0","",""
"7/3/2023 12:01:39 AM","0","0","0","0","0","0","0","0","0","0","0","0","0","0","0","0","0","0","",""
"7/4/2023 12:02:04 AM","0","0","0","0","0","0","0","0","0","0","0","0","0","0","0","0","0","0","",""
"7/5/2023 12:00:54 AM","0","0","0","0","0","0","0","0","0","0","0","0","0","0","0","0","0","0","",""
"7/6/2023 12:02:07 AM","0","0","0","0","0","0","0","0","0","0","0","0","0","0","0","0","0","0","",""
"7/7/2023 12:02:08 AM","0","0","0","0","0","0","0","0","0","0","0","0","0","0","0","0","0","0","",""
"7/8/2023 12:00:58 AM","0","0","0","0","0","0","0","0","0","0","0","0","0","0","0","0","0","0","",""
"7/9/2023 12:02:18 AM","0","0","0","0","0","0","0","0","0","0","0","0","0","0","0","0","0","0","",""
"7/10/2023 12:00:50 AM","0","0","0","0","0","0","0","0","0","0","0","0","0","0","0","0","0","0","",""
"7/12/2023 12:02:12 AM","0","0","0","0","0","0","0","0","0","0","0","0","0","0","0","0","0","0","",""
"7/13/2023 12:00:19 AM","0","0","0","0","0","0","0","0","0","0","0","0","0","0","0","0","0","0","",""
"7/14/2023 12:01:13 AM","0","0","0","0","0","0","0","0","0","0","0","0","0","0","0","0","0","0","",""
"7/15/2023 12:01:21 AM","0","0","0","0","0","0","0","0","0","0","0","0","0","0","0","0","0","0","",""
"7/16/2023 12:02:02 AM","0","0","0","0","0","0","0","0","0","0","0","0","0","0","0","0","0","0","",""
"7/17/2023 12:00:42 AM","0","0","0","0","0","0","0","0","0","0","0","0","0","0","0","0","0","0","",""
"7/18/2023 12:00:44 AM","0","0","0","0","0","0","0","0","0","0","0","0","0","0","0","0","0","0","",""
"7/19/2023 12:02:31 AM","0","0","0","0","0","0","0","0","0","0","0","0","0","0","0","0","0","0","",""
"7/20/2023 12:00:46 AM","0","0","0","0","0","0","0","0","0","0","0","0","0","0","0","0","0","0","",""
"7/21/2023 12:00:44 AM","0","0","0","0","0","0","0","0","0","0","0","0","0","0","0","0","0","0","",""
"7/22/2023 12:00:07 AM","0","0","0","0","0","0","0","0","0","0","0","0","0","0","0","0","0","0","",""
"7/23/2023 12:00:29 AM","0","0","0","0","0","0","0","0","0","0","0","0","0","0","0","0","0","0","",""
"7/24/2023 12:00:19 AM","0","0","0","0","0","0","0","0","0","0","0","0","0","0","0","0","0","0","",""
"7/25/2023 12:00:27 AM","0","0","0","0","0","0","0","0","0","0","0","0","0","0","0","0","0","0","",""
"7/26/2023 12:00:26 AM","0","0","0","0","0","0","0","0","0","0","0","0","0","0","0","0","0","0","",""
"7/27/2023 12:00:40 AM","0","0","0","0","0","0","0","0","0","0","0","0","0","0","0","0","0","0","",""
"7/28/2023 12:00:28 AM","0","0","0","0","0","0","0","0","0","0","0","0","0","0","0","0","0","0","",""
"7/29/2023 12:00:33 AM","0","0","0","0","0","0","0","0","0","0","0","0","0","0","0","0","0","0","",""
"7/30/2023 12:00:21 AM","0","0","0","0","0","0","0","0","0","0","0","0","0","0","0","0","0","0","",""
"1/5/2022 12:00:33 AM","0","0","0","0","0","0","0","0","0","0","0","0","0","0","0","0","0","0","",""
"1/6/2022 12:00:28 AM","0","0","0","0","0","0","0","0","0","0","0","0","0","0","0","0","0","0","",""
"1/7/2022 12:00:28 AM","0","0","0","0","0","0","0","0","0","0","0","0","0","0","0","0","0","0","",""
"1/8/2022 12:00:27 AM","0","0","0","0","0","0","0","0","0","0","0","0","0","0","0","0","0","0","",""
"1/9/2022 12:00:28 AM","0","0","0","0","0","0","0","0","0","0","0","0","0","0","0","0","0","0","",""
"1/10/2022 12:00:20 AM","0","0","0","0","0","0","0","0","0","0","0","0","0","0","0","0","0","0","",""
"1/11/2022 12:00:27 AM","0","0","0","0","0","0","0","0","0","0","0","0","0","0","0","0","0","0","",""
"1/12/2022 12:00:02 AM","0","0","0","0","0","0","0","0","0","0","0","0","0","0","0","0","0","0","",""
"1/13/2022 12:00:34 AM","0","0","0","0","0","0","0","0","0","0","0","0","0","0","0","0","0","0","",""
"1/14/2022 12:00:10 AM","0","0","0","0","0","0","0","0","0","0","0","0","0","0","0","0","0","0","",""
"1/15/2022 12:00:06 AM","0","0","0","0","0","0","0","0","0","0","0","0","0","0","0","0","0","0","",""
"1/16/2022 12:00:14 AM","0","0","0","0","0","0","0","0","0","0","0","0","0","0","0","0","0","0","",""
"1/17/2022 12:00:18 AM","0","0","0","0","0","0","0","0","0","0","0","0","0","0","0","0","0","0","",""
"1/18/2022 12:00:32 AM","0","0","0","0","0","0","0","0","0","0","0","0","0","0","0","0","0","0","",""
"1/19/2022 12:00:24 AM","0","0","0","0","0","0","0","0","0","0","0","0","0","0","0","0","0","0","",""
"1/20/2022 12:00:27 AM","0","0","0","0","0","0","0","0","0","0","0","0","0","0","0","0","0","0","",""
"1/21/2022 12:00:26 AM","0","0","0","0","0","0","0","0","0","0","0","0","0","0","0","0","0","0","",""
"1/22/2022 12:00:06 AM","0","0","0","0","0","0","0","0","0","0","0","0","0","0","0","0","0","0","",""
"1/23/2022 12:00:39 AM","0","0","0","0","0","0","0","0","0","0","0","0","0","0","0","0","0","0","",""
"1/24/2022 12:00:17 AM","0","0","0","0","0","0","0","0","0","0","0","0","0","0","0","0","0","0","",""
"1/25/2022 12:00:29 AM","0","0","0","0","0","0","0","0","0","0","0","0","0","0","0","0","0","0","",""
"1/26/2022 12:00:23 AM","0","0","0","0","0","0","0","0","0","0","0","0","0","0","0","0","0","0","",""
"1/27/2022 12:00:14 AM","0","0","0","0","0","0","0","0","0","0","0","0","0","0","0","0","0","0","",""
"1/28/2022 12:00:29 AM","0","0","0","0","0","0","0","0","0","0","0","0","0","0","0","0","0","0","",""
"1/29/2022 12:00:20 AM","0","0","0","0","0","0","0","0","0","0","0","0","0","0","0","0","0","0","",""
"1/30/2022 12:00:28 AM","0","0","0","0","0","0","0","0","0","0","0","0","0","0","0","0","0","0","",""
"1/31/2022 12:00:14 AM","0","0","0","0","0","0","0","0","0","0","0","0","0","0","0","0","0","0","",""
"2/1/2022 12:00:24 AM","0","0","0","0","0","0","0","0","0","0","0","0","0","0","0","0","0","0","",""
"2/2/2022 12:00:21 AM","0","0","0","0","0","0","0","0","0","0","0","0","0","0","0","0","0","0","",""
"2/3/2022 12:00:04 AM","0","0","0","0","0","0","0","0","0","0","0","0","0","0","0","0","0","0","",""
"2/4/2022 12:00:21 AM","0","0","0","0","0","0","0","0","0","0","0","0","0","0","0","0","0","0","",""
"2/5/2022 12:00:20 AM","0","0","0","0","0","0","0","0","0","0","0","0","0","0","0","0","0","0","",""
"2/6/2022 12:00:32 AM","0","0","0","0","0","0","0","0","0","0","0","0","0","0","0","0","0","0","",""
"2/7/2022 12:00:12 AM","0","0","0","0","0","0","0","0","0","0","0","0","0","0","0","0","0","0","",""
"2/8/2022 12:00:35 AM","0","0","0","0","0","0","0","0","0","0","0","0","0","0","0","0","0","0","",""
"2/9/2022 12:00:26 AM","0","0","0","0","0","0","0","0","0","0","0","0","0","0","0","0","0","0","",""
"2/10/2022 12:00:31 AM","0","0","0","0","0","0","0","0","0","0","0","0","0","0","0","0","0","0","",""
"2/11/2022 12:00:34 AM","0","0","0","0","0","0","0","0","0","0","0","0","0","0","0","0","0","0","",""
"2/12/2022 12:00:10 AM","0","0","0","0","0","0","0","0","0","0","0","0","0","0","0","0","0","0","",""
"2/13/2022 12:00:34 AM","0","0","0","0","0","0","0","0","0","0","0","0","0","0","0","0","0","0","",""
"2/14/2022 12:00:07 AM","0","0","0","0","0","0","0","0","0","0","0","0","0","0","0","0","0","0","",""
"2/15/2022 12:00:26 AM","0","0","0","0","0","0","0","0","0","0","0","0","0","0","0","0","0","0","",""
"2/16/2022 12:00:32 AM","0","0","0","0","0","0","0","0","0","0","0","0","0","0","0","0","0","0","",""
"2/17/2022 12:00:32 AM","0","0","0","0","0","0","0","0","0","0","0","0","0","0","0","0","0","0","",""
"2/18/2022 12:00:26 AM","0","0","0","0","0","0","0","0","0","0","0","0","0","0","0","0","0","0","",""
"2/19/2022 12:00:19 AM","0","0","0","0","0","0","0","0","0","0","0","0","0","0","0","0","0","0","",""
"2/20/2022 12:00:04 AM","0","0","0","0","0","0","0","0","0","0","0","0","0","0","0","0","0","0","",""
"2/21/2022 12:00:33 AM","0","0","0","0","0","0","0","0","0","0","0","0","0","0","0","0","0","0","",""
"2/22/2022 12:00:27 AM","0","0","0","0","0","0","0","0","0","0","0","0","0","0","0","0","0","0","",""
"2/23/2022 12:00:23 AM","0","0","0","0","0","0","0","0","0","0","0","0","0","0","0","0","0","0","",""
"2/24/2022 12:00:26 AM","0","0","0","0","0","0","0","0","0","0","0","0","0","0","0","0","0","0","",""
"2/25/2022 12:00:22 AM","0","0","0","0","0","0","0","0","0","0","0","0","0","0","0","0","0","0","",""
"2/26/2022 12:00:16 AM","0","0","0","0","0","0","0","0","0","0","0","0","0","0","0","0","0","0","",""
"2/27/2022 12:00:19 AM","0","0","0","0","0","0","0","0","0","0","0","0","0","0","0","0","0","0","",""
"2/28/2022 12:00:15 AM","0","0","0","0","0","0","0","0","0","0","0","0","0","0","0","0","0","0","",""
"3/1/2022 12:00:07 AM","0","0","0","0","0","0","0","0","0","0","0","0","0","0","0","0","0","0","",""
"3/2/2022 12:00:29 AM","0","0","0","0","0","0","0","0","0","0","0","0","0","0","0","0","0","0","",""
"3/3/2022 12:00:35 AM","0","0","0","0","0","0","0","0","0","0","0","0","0","0","0","0","0","0","",""
"3/4/2022 12:00:18 AM","0","0","0","0","0","0","0","0","0","0","0","0","0","0","0","0","0","0","",""
"3/5/2022 12:00:25 AM","0","0","0","0","0","0","0","0","0","0","0","0","0","0","0","0","0","0","",""
"3/6/2022 12:00:09 AM","0","0","0","0","0","0","0","0","0","0","0","0","0","0","0","0","0","0","",""
"3/7/2022 12:00:09 AM","0","0","0","0","0","0","0","0","0","0","0","0","0","0","0","0","0","0","",""
"3/8/2022 12:00:20 AM","0","0","0","0","0","0","0","0","0","0","0","0","0","0","0","0","0","0","",""
"3/9/2022 12:00:26 AM","0","0","0","0","0","0","0","0","0","0","0","0","0","0","0","0","0","0","",""
"3/10/2022 12:00:27 AM","0","0","0","0","0","0","0","0","0","0","0","0","0","0","0","0","0","0","",""
"3/11/2022 12:00:18 AM","0","0","0","0","0","0","0","0","0","0","0","0","0","0","0","0","0","0","",""
"3/12/2022 12:00:29 AM","0","0","0","0","0","0","0","0","0","0","0","0","0","0","0","0","0","0","",""
"3/13/2022 12:00:22 AM","0","0","0","0","0","0","0","0","0","0","0","0","0","0","0","0","0","0","",""
"3/14/2022 12:00:17 AM","0","0","0","0","0","0","0","0","0","0","0","0","0","0","0","0","0","0","",""
"3/15/2022 12:00:06 AM","0","0","0","0","0","0","0","0","0","0","0","0","0","0","0","0","0","0","",""
"3/16/2022 12:00:19 AM","0","0","0","0","0","0","0","0","0","0","0","0","0","0","0","0","0","0","",""
"3/17/2022 12:00:10 AM","0","0","0","0","0","0","0","0","0","0","0","0","0","0","0","0","0","0","",""
"3/18/2022 12:00:09 AM","0","0","0","0","0","0","0","0","0","0","0","0","0","0","0","0","0","0","",""
"3/19/2022 12:00:06 AM","0","0","0","0","0","0","0","0","0","0","0","0","0","0","0","0","0","0","",""
"3/20/2022 12:00:21 AM","0","0","0","0","0","0","0","0","0","0","0","0","0","0","0","0","0","0","",""
"3/21/2022 12:00:32 AM","0","0","0","0","0","0","0","0","0","0","0","0","0","0","0","0","0","0","",""
"3/22/2022 12:00:15 AM","0","0","0","0","0","0","0","0","0","0","0","0","0","0","0","0","0","0","",""
"3/23/2022 12:00:23 AM","0","0","0","0","0","0","0","0","0","0","0","0","0","0","0","0","0","0","",""
"3/24/2022 12:00:14 AM","0","0","0","0","0","0","0","0","0","0","0","0","0","0","0","0","0","0","",""
"3/25/2022 12:00:07 AM","0","0","0","0","0","0","0","0","0","0","0","0","0","0","0","0","0","0","",""
"3/26/2022 12:00:28 AM","0","0","0","0","0","0","0","0","0","0","0","0","0","0","0","0","0","0","",""
"3/27/2022 12:00:23 AM","0","0","0","0","0","0","0","0","0","0","0","0","0","0","0","0","0","0","",""
"3/28/2022 12:00:25 AM","0","0","0","0","0","0","0","0","0","0","0","0","0","0","0","0","0","0","",""
"3/29/2022 12:01:20 AM","0","0","0","0","0","0","0","0","0","0","0","0","0","0","0","0","0","0","",""
"3/30/2022 12:00:42 AM","0","0","0","0","0","0","0","0","0","0","0","0","0","0","0","0","0","0","",""
"3/31/2022 12:00:23 AM","0","0","0","0","0","0","0","0","0","0","0","0","0","0","0","0","0","0","",""
"4/1/2022 12:00:36 AM","0","0","0","0","0","0","0","0","0","0","0","0","0","0","0","0","0","0","",""
"4/2/2022 12:00:38 AM","0","0","0","0","0","0","0","0","0","0","0","0","0","0","0","0","0","0","",""
"4/3/2022 12:00:52 AM","0","0","0","0","0","0","0","0","0","0","0","0","0","0","0","0","0","0","",""
"4/4/2022 12:00:25 AM","0","0","0","0","0","0","0","0","0","0","0","0","0","0","0","0","0","0","",""
"4/5/2022 12:00:40 AM","0","0","0","0","0","0","0","0","0","0","0","0","0","0","0","0","0","0","",""
"4/6/2022 12:00:59 AM","0","0","0","0","0","0","0","0","0","0","0","0","0","0","0","0","0","0","",""
"4/7/2022 12:00:42 AM","0","0","0","0","0","0","0","0","0","0","0","0","0","0","0","0","0","0","",""
"4/8/2022 12:00:22 AM","0","0","0","0","0","0","0","0","0","0","0","0","0","0","0","0","0","0","",""
"4/9/2022 12:00:35 AM","0","0","0","0","0","0","0","0","0","0","0","0","0","0","0","0","0","0","",""
"4/10/2022 12:00:58 AM","0","0","0","0","0","0","0","0","0","0","0","0","0","0","0","0","0","0","",""
"4/11/2022 12:00:57 AM","0","0","0","0","0","0","0","0","0","0","0","0","0","0","0","0","0","0","",""
"4/12/2022 12:00:52 AM","0","0","0","0","0","0","0","0","0","0","0","0","0","0","0","0","0","0","",""
"4/13/2022 12:00:42 AM","0","0","0","0","0","0","0","0","0","0","0","0","0","0","0","0","0","0","",""
"4/14/2022 12:01:19 AM","0","0","0","0","0","0","0","0","0","0","0","0","0","0","0","0","0","0","",""
"4/15/2022 12:00:39 AM","0","0","0","0","0","0","0","0","0","0","0","0","0","0","0","0","0","0","",""
"4/16/2022 12:00:27 AM","0","0","0","0","0","0","0","0","0","0","0","0","0","0","0","0","0","0","",""
"4/17/2022 12:01:04 AM","0","0","0","0","0","0","0","0","0","0","0","0","0","0","0","0","0","0","",""
"4/18/2022 12:01:52 AM","0","0","0","0","0","0","0","0","0","0","0","0","0","0","0","0","0","0","",""
"4/19/2022 12:00:51 AM","0","0","0","0","0","0","0","0","0","0","0","0","0","0","0","0","0","0","",""
"4/20/2022 12:00:38 AM","0","0","0","0","0","0","0","0","0","0","0","0","0","0","0","0","0","0","",""
"4/21/2022 12:00:34 AM","0","0","0","0","0","0","0","0","0","0","0","0","0","0","0","0","0","0","",""
"4/22/2022 12:00:37 AM","0","0","0","0","0","0","0","0","0","0","0","0","0","0","0","0","0","0","",""
"4/23/2022 12:00:43 AM","0","0","0","0","0","0","0","0","0","0","0","0","0","0","0","0","0","0","",""
"4/24/2022 12:00:20 AM","0","0","0","0","0","0","0","0","0","0","0","0","0","0","0","0","0","0","",""
"4/25/2022 12:00:49 AM","0","0","0","0","0","0","0","0","0","0","0","0","0","0","0","0","0","0","",""
"4/26/2022 12:00:50 AM","0","0","0","0","0","0","0","0","0","0","0","0","0","0","0","0","0","0","",""
"4/27/2022 12:00:47 AM","0","0","0","0","0","0","0","0","0","0","0","0","0","0","0","0","0","0","",""
"4/28/2022 12:02:02 AM","0","0","0","0","0","0","0","0","0","0","0","0","0","0","0","0","0","0","",""
"4/29/2022 12:00:32 AM","0","0","0","0","0","0","0","0","0","0","0","0","0","0","0","0","0","0","",""
"4/30/2022 12:00:38 AM","0","0","0","0","0","0","0","0","0","0","0","0","0","0","0","0","0","0","",""
"5/1/2022 12:00:29 AM","0","0","0","0","0","0","0","0","0","0","0","0","0","0","0","0","0","0","",""
"5/2/2022 12:00:36 AM","0","0","0","0","0","0","0","0","0","0","0","0","0","0","0","0","0","0","",""
"5/3/2022 12:00:30 AM","0","0","0","0","0","0","0","0","0","0","0","0","0","0","0","0","0","0","",""
"5/4/2022 12:00:28 AM","0","0","0","0","0","0","0","0","0","0","0","0","0","0","0","0","0","0","",""
"5/5/2022 12:00:32 AM","0","0","0","0","0","0","0","0","0","0","0","0","0","0","0","0","0","0","",""
"5/6/2022 12:01:11 AM","0","0","0","0","0","0","0","0","0","0","0","0","0","0","0","0","0","0","",""
"5/7/2022 12:01:19 AM","0","0","0","0","0","0","0","0","0","0","0","0","0","0","0","0","0","0","",""
"5/8/2022 12:00:43 AM","0","0","0","0","0","0","0","0","0","0","0","0","0","0","0","0","0","0","",""
"5/9/2022 12:00:34 AM","0","0","0","0","0","0","0","0","0","0","0","0","0","0","0","0","0","0","",""
"5/10/2022 12:01:36 AM","0","0","0","0","0","0","0","0","0","0","0","0","0","0","0","0","0","0","",""
"5/11/2022 12:00:40 AM","0","0","0","0","0","0","0","0","0","0","0","0","0","0","0","0","0","0","",""
"5/12/2022 12:00:42 AM","0","0","0","0","0","0","0","0","0","0","0","0","0","0","0","0","0","0","",""
"5/13/2022 12:00:53 AM","0","0","0","0","0","0","0","0","0","0","0","0","0","0","0","0","0","0","",""
"6/28/2022 12:00:41 AM","0","0","0","0","0","0","0","0","0","0","0","0","0","0","0","0","0","0","",""
"6/29/2022 12:01:47 AM","0","0","0","0","0","0","0","0","0","0","0","0","0","0","0","0","0","0","",""
"6/30/2022 12:01:39 AM","0","0","0","0","0","0","0","0","0","0","0","0","0","0","0","0","0","0","",""
"7/1/2022 12:00:37 AM","0","0","0","0","0","0","0","0","0","0","0","0","0","0","0","0","0","0","",""
"7/2/2022 12:00:28 AM","0","0","0","0","0","0","0","0","0","0","0","0","0","0","0","0","0","0","",""
"7/3/2022 12:00:52 AM","0","0","0","0","0","0","0","0","0","0","0","0","0","0","0","0","0","0","",""
"7/4/2022 12:01:20 AM","0","0","0","0","0","0","0","0","0","0","0","0","0","0","0","0","0","0","",""
"7/5/2022 12:00:45 AM","0","0","0","0","0","0","0","0","0","0","0","0","0","0","0","0","0","0","",""
"7/6/2022 12:00:38 AM","0","0","0","0","0","0","0","0","0","0","0","0","0","0","0","0","0","0","",""
"7/7/2022 12:00:39 AM","0","0","0","0","0","0","0","0","0","0","0","0","0","0","0","0","0","0","",""
"7/8/2022 12:01:44 AM","0","0","0","0","0","0","0","0","0","0","0","0","0","0","0","0","0","0","",""
"7/9/2022 12:01:03 AM","0","0","0","0","0","0","0","0","0","0","0","0","0","0","0","0","0","0","",""
"7/10/2022 12:00:43 AM","0","0","0","0","0","0","0","0","0","0","0","0","0","0","0","0","0","0","",""
"7/12/2022 12:00:19 AM","0","0","0","0","0","0","0","0","0","0","0","0","0","0","0","0","0","0","",""
"7/13/2022 12:00:21 AM","0","0","0","0","0","0","0","0","0","0","0","0","0","0","0","0","0","0","",""
"7/14/2022 12:00:47 AM","0","0","0","0","0","0","0","0","0","0","0","0","0","0","0","0","0","0","",""
"7/15/2022 12:00:40 AM","0","0","0","0","0","0","0","0","0","0","0","0","0","0","0","0","0","0","",""
"7/16/2022 12:01:20 AM","0","0","0","0","0","0","0","0","0","0","0","0","0","0","0","0","0","0","",""
"7/17/2022 12:00:54 AM","0","0","0","0","0","0","0","0","0","0","0","0","0","0","0","0","0","0","",""
"7/18/2022 12:00:39 AM","0","0","0","0","0","0","0","0","0","0","0","0","0","0","0","0","0","0","",""
"7/19/2022 12:00:49 AM","0","0","0","0","0","0","0","0","0","0","0","0","0","0","0","0","0","0","",""
"7/20/2022 12:00:41 AM","0","0","0","0","0","0","0","0","0","0","0","0","0","0","0","0","0","0","",""
"7/21/2022 12:00:41 AM","0","0","0","0","0","0","0","0","0","0","0","0","0","0","0","0","0","0","",""
"7/22/2022 12:01:07 AM","0","0","0","0","0","0","0","0","0","0","0","0","0","0","0","0","0","0","",""
"7/23/2022 12:00:44 AM","0","0","0","0","0","0","0","0","0","0","0","0","0","0","0","0","0","0","",""
"7/24/2022 12:01:02 AM","0","0","0","0","0","0","0","0","0","0","0","0","0","0","0","0","0","0","",""
"7/25/2022 12:01:36 AM","0","0","0","0","0","0","0","0","0","0","0","0","0","0","0","0","0","0","",""
"7/26/2022 12:02:23 AM","0","0","0","0","0","0","0","0","0","0","0","0","0","0","0","0","0","0","",""
"7/27/2022 12:00:49 AM","0","0","0","0","0","0","0","0","0","0","0","0","0","0","0","0","0","0","",""
"7/28/2022 12:00:52 AM","0","0","0","0","0","0","0","0","0","0","0","0","0","0","0","0","0","0","",""
"7/29/2022 12:01:20 AM","0","0","0","0","0","0","0","0","0","0","0","0","0","0","0","0","0","0","",""
"7/30/2022 12:01:09 AM","0","0","0","0","0","0","0","0","0","0","0","0","0","0","0","0","0","0","",""
"7/31/2022 12:00:58 AM","0","0","0","0","0","0","0","0","0","0","0","0","0","0","0","0","0","0","",""
"8/1/2022 12:00:52 AM","0","0","0","0","0","0","0","0","0","0","0","0","0","0","0","0","0","0","",""
"8/2/2022 12:01:06 AM","0","0","0","0","0","0","0","0","0","0","0","0","0","0","0","0","0","0","",""
"8/3/2022 12:00:35 AM","0","0","0","0","0","0","0","0","0","0","0","0","0","0","0","0","0","0","",""
"8/4/2022 12:01:04 AM","0","0","0","0","0","0","0","0","0","0","0","0","0","0","0","0","0","0","",""
"8/5/2022 12:01:24 AM","0","0","0","0","0","0","0","0","0","0","0","0","0","0","0","0","0","0","",""
"8/6/2022 12:01:09 AM","0","0","0","0","0","0","0","0","0","0","0","0","0","0","0","0","0","0","",""
"8/7/2022 12:00:52 AM","0","0","0","0","0","0","0","0","0","0","0","0","0","0","0","0","0","0","",""
"8/8/2022 12:00:40 AM","0","0","0","0","0","0","0","0","0","0","0","0","0","0","0","0","0","0","",""
"8/9/2022 12:00:47 AM","0","0","0","0","0","0","0","0","0","0","0","0","0","0","0","0","0","0","",""
"8/10/2022 12:01:45 AM","0","0","0","0","0","0","0","0","0","0","0","0","0","0","0","0","0","0","",""
"8/11/2022 12:01:17 AM","0","0","0","0","0","0","0","0","0","0","0","0","0","0","0","0","0","0","",""
"8/12/2022 12:01:17 AM","0","0","0","0","0","0","0","0","0","0","0","0","0","0","0","0","0","0","",""
"8/13/2022 12:00:31 AM","0","0","0","0","0","0","0","0","0","0","0","0","0","0","0","0","0","0","",""
"8/14/2022 12:00:57 AM","0","0","0","0","0","0","0","0","0","0","0","0","0","0","0","0","0","0","",""
"8/15/2022 12:01:48 AM","0","0","0","0","0","0","0","0","0","0","0","0","0","0","0","0","0","0","",""
"8/16/2022 12:00:37 AM","0","0","0","0","0","0","0","0","0","0","0","0","0","0","0","0","0","0","",""
"8/17/2022 12:01:20 AM","0","0","0","0","0","0","0","0","0","0","0","0","0","0","0","0","0","0","",""
"8/18/2022 12:00:52 AM","0","0","0","0","0","0","0","0","0","0","0","0","0","0","0","0","0","0","",""
"8/19/2022 12:01:49 AM","0","0","0","0","0","0","0","0","0","0","0","0","0","0","0","0","0","0","",""
"8/20/2022 12:00:51 AM","0","0","0","0","0","0","0","0","0","0","0","0","0","0","0","0","0","0","",""
"8/21/2022 12:01:00 AM","0","0","0","0","0","0","0","0","0","0","0","0","0","0","0","0","0","0","",""
"8/22/2022 12:00:32 AM","0","0","0","0","0","0","0","0","0","0","0","0","0","0","0","0","0","0","",""
"8/23/2022 12:00:29 AM","0","0","0","0","0","0","0","0","0","0","0","0","0","0","0","0","0","0","",""
"8/24/2022 12:00:43 AM","0","0","0","0","0","0","0","0","0","0","0","0","0","0","0","0","0","0","",""
"8/26/2022 12:00:25 AM","0","0","0","0","0","0","0","0","0","0","0","0","0","0","0","0","0","0","",""
"8/27/2022 12:01:27 AM","0","0","0","0","0","0","0","0","0","0","0","0","0","0","0","0","0","0","",""
"8/28/2022 12:01:05 AM","0","0","0","0","0","0","0","0","0","0","0","0","0","0","0","0","0","0","",""
"8/29/2022 12:00:52 AM","0","0","0","0","0","0","0","0","0","0","0","0","0","0","0","0","0","0","",""
"8/30/2022 12:01:55 AM","0","0","0","0","0","0","0","0","0","0","0","0","0","0","0","0","0","0","",""
"8/31/2022 12:01:06 AM","0","0","0","0","0","0","0","0","0","0","0","0","0","0","0","0","0","0","",""
"9/1/2022 12:00:49 AM","0","0","0","0","0","0","0","0","0","0","0","0","0","0","0","0","0","0","",""
"9/2/2022 12:02:11 AM","0","0","0","0","0","0","0","0","0","0","0","0","0","0","0","0","0","0","",""
"9/3/2022 12:00:34 AM","0","0","0","0","0","0","0","0","0","0","0","0","0","0","0","0","0","0","",""
"9/4/2022 12:01:57 AM","0","0","0","0","0","0","0","0","0","0","0","0","0","0","0","0","0","0","",""
"9/5/2022 12:00:46 AM","0","0","0","0","0","0","0","0","0","0","0","0","0","0","0","0","0","0","",""
"9/6/2022 12:01:04 AM","0","0","0","0","0","0","0","0","0","0","0","0","0","0","0","0","0","0","",""
"9/7/2022 12:01:27 AM","0","0","0","0","0","0","0","0","0","0","0","0","0","0","0","0","0","0","",""
"9/8/2022 12:00:34 AM","0","0","0","0","0","0","0","0","0","0","0","0","0","0","0","0","0","0","",""
"9/9/2022 12:01:05 AM","0","0","0","0","0","0","0","0","0","0","0","0","0","0","0","0","0","0","",""
"9/10/2022 12:00:23 AM","0","0","0","0","0","0","0","0","0","0","0","0","0","0","0","0","0","0","",""
"9/11/2022 12:00:53 AM","0","0","0","0","0","0","0","0","0","0","0","0","0","0","0","0","0","0","",""
"9/12/2022 12:00:47 AM","0","0","0","0","0","0","0","0","0","0","0","0","0","0","0","0","0","0","",""
"9/13/2022 12:00:39 AM","0","0","0","0","0","0","0","0","0","0","0","0","0","0","0","0","0","0","",""
"9/14/2022 12:01:02 AM","0","0","0","0","0","0","0","0","0","0","0","0","0","0","0","0","0","0","",""
"9/15/2022 12:00:38 AM","0","0","0","0","0","0","0","0","0","0","0","0","0","0","0","0","0","0","",""
"9/16/2022 12:01:21 AM","0","0","0","0","0","0","0","0","0","0","0","0","0","0","0","0","0","0","",""
"9/17/2022 12:00:43 AM","0","0","0","0","0","0","0","0","0","0","0","0","0","0","0","0","0","0","",""
"9/18/2022 12:00:16 AM","0","0","0","0","0","0","0","0","0","0","0","0","0","0","0","0","0","0","",""
"9/19/2022 12:01:10 AM","0","0","0","0","0","0","0","0","0","0","0","0","0","0","0","0","0","0","",""
"9/20/2022 12:02:01 AM","0","0","0","0","0","0","0","0","0","0","0","0","0","0","0","0","0","0","",""
"9/21/2022 12:00:51 AM","0","0","0","0","0","0","0","0","0","0","0","0","0","0","0","0","0","0","",""
"9/22/2022 12:01:24 AM","0","0","0","0","0","0","0","0","0","0","0","0","0","0","0","0","0","0","",""
"9/23/2022 12:01:12 AM","0","0","0","0","0","0","0","0","0","0","0","0","0","0","0","0","0","0","",""
"7/31/2023 12:00:26 AM","0","0","0","0","0","0","0","0","0","0","0","0","0","0","0","0","0","0","",""
"8/1/2023 12:00:44 AM","0","0","0","0","0","0","0","0","0","0","0","0","0","0","0","0","0","0","",""
"8/2/2023 12:00:32 AM","0","0","0","0","0","0","0","0","0","0","0","0","0","0","0","0","0","0","",""
"8/3/2023 12:00:25 AM","0","0","0","0","0","0","0","0","0","0","0","0","0","0","0","0","0","0","",""
"8/4/2023 12:00:13 AM","0","0","0","0","0","0","0","0","0","0","0","0","0","0","0","0","0","0","",""
"8/5/2023 12:00:28 AM","0","0","0","0","0","0","0","0","0","0","0","0","0","0","0","0","0","0","",""
"8/6/2023 12:00:22 AM","0","0","0","0","0","0","0","0","0","0","0","0","0","0","0","0","0","0","",""
"8/7/2023 12:00:05 AM","0","0","0","0","0","0","0","0","0","0","0","0","0","0","0","0","0","0","",""
"8/8/2023 12:00:25 AM","0","0","0","0","0","0","0","0","0","0","0","0","0","0","0","0","0","0","",""
"8/9/2023 12:00:24 AM","0","0","0","0","0","0","0","0","0","0","0","0","0","0","0","0","0","0","",""
"8/10/2023 12:00:45 AM","0","0","0","0","0","0","0","0","0","0","0","0","0","0","0","0","0","0","",""
"8/11/2023 12:00:15 AM","0","0","0","0","0","0","0","0","0","0","0","0","0","0","0","0","0","0","",""
"8/12/2023 12:00:20 AM","0","0","0","0","0","0","0","0","0","0","0","0","0","0","0","0","0","0","",""
"8/13/2023 12:00:08 AM","0","0","0","0","0","0","0","0","0","0","0","0","0","0","0","0","0","0","",""
"8/14/2023 12:00:24 AM","0","0","0","0","0","0","0","0","0","0","0","0","0","0","0","0","0","0","",""
"8/15/2023 12:00:31 AM","0","0","0","0","0","0","0","0","0","0","0","0","0","0","0","0","0","0","",""
"8/16/2023 12:00:05 AM","0","0","0","0","0","0","0","0","0","0","0","0","0","0","0","0","0","0","",""
"8/17/2023 12:00:22 AM","0","0","0","0","0","0","0","0","0","0","0","0","0","0","0","0","0","0","",""
"8/18/2023 12:00:18 AM","0","0","0","0","0","0","0","0","0","0","0","0","0","0","0","0","0","0","",""
"8/19/2023 12:00:13 AM","0","0","0","0","0","0","0","0","0","0","0","0","0","0","0","0","0","0","",""
"8/20/2023 12:00:15 AM","0","0","0","0","0","0","0","0","0","0","0","0","0","0","0","0","0","0","",""
"8/21/2023 12:00:40 AM","0","0","0","0","0","0","0","0","0","0","0","0","0","0","0","0","0","0","",""
"8/22/2023 12:00:23 AM","0","0","0","0","0","0","0","0","0","0","0","0","0","0","0","0","0","0","",""
"8/23/2023 12:00:26 AM","0","0","0","0","0","0","0","0","0","0","0","0","0","0","0","0","0","0","",""
"8/24/2023 12:00:01 AM","0","0","0","0","0","0","0","0","0","0","0","0","0","0","0","0","0","0","",""
"8/25/2023 12:00:20 AM","0","0","0","0","0","0","0","0","0","0","0","0","0","0","0","0","0","0","",""
"8/26/2023 12:00:23 AM","0","0","0","0","0","0","0","0","0","0","0","0","0","0","0","0","0","0","",""
"8/27/2023 12:00:21 AM","0","0","0","0","0","0","0","0","0","0","0","0","0","0","0","0","0","0","",""
"8/28/2023 12:00:08 AM","0","0","0","0","0","0","0","0","0","0","0","0","0","0","0","0","0","0","",""
"8/29/2023 12:00:25 AM","0","0","0","0","0","0","0","0","0","0","0","0","0","0","0","0","0","0","",""
"8/30/2023 12:00:31 AM","0","0","0","0","0","0","0","0","0","0","0","0","0","0","0","0","0","0","",""
"8/31/2023 12:00:14 AM","0","0","0","0","0","0","0","0","0","0","0","0","0","0","0","0","0","0","",""
"9/1/2023 12:00:15 AM","0","0","0","0","0","0","0","0","0","0","0","0","0","0","0","0","0","0","",""
"9/2/2023 12:00:01 AM","0","0","0","0","0","0","0","0","0","0","0","0","0","0","0","0","0","0","",""
"9/3/2023 12:00:15 AM","0","0","0","0","0","0","0","0","0","0","0","0","0","0","0","0","0","0","",""
"9/4/2023 12:00:24 AM","0","0","0","0","0","0","0","0","0","0","0","0","0","0","0","0","0","0","",""
"9/5/2023 12:00:24 AM","0","0","0","0","0","0","0","0","0","0","0","0","0","0","0","0","0","0","",""
"9/6/2023 12:00:10 AM","0","0","0","0","0","0","0","0","0","0","0","0","0","0","0","0","0","0","",""
"9/7/2023 12:00:25 AM","0","0","0","0","0","0","0","0","0","0","0","0","0","0","0","0","0","0","",""
"9/8/2023 12:00:11 AM","0","0","0","0","0","0","0","0","0","0","0","0","0","0","0","0","0","0","",""
"9/9/2023 12:00:31 AM","0","0","0","0","0","0","0","0","0","0","0","0","0","0","0","0","0","0","",""
"9/10/2023 12:00:16 AM","0","0","0","0","0","0","0","0","0","0","0","0","0","0","0","0","0","0","",""
"9/11/2023 12:00:20 AM","0","0","0","0","0","0","0","0","0","0","0","0","0","0","0","0","0","0","",""
"7/10/2024 12:00:01 AM","0","0","0","0","0","0","0","0","0","0","0","0","0","0","0","0","0","0","",""
"7/11/2024 12:00:12 AM","0","0","0","0","0","0","0","0","0","0","0","0","0","0","0","0","0","0","",""
"7/12/2024 12:00:25 AM","0","0","0","0","0","0","0","0","0","0","0","0","0","0","0","0","0","0","",""
"7/13/2024 12:00:06 AM","0","0","0","0","0","0","0","0","0","0","0","0","0","0","0","0","0","0","",""
"7/14/2024 12:00:16 AM","0","0","0","0","0","0","0","0","0","0","0","0","0","0","0","0","0","0","",""
"7/15/2024 12:00:05 AM","0","0","0","0","0","0","0","0","0","0","0","0","0","0","0","0","0","0","",""
"7/16/2024 12:00:19 AM","0","0","0","0","0","0","0","0","0","0","0","0","0","0","0","0","0","0","",""
"7/17/2024 12:00:39 AM","0","0","0","0","0","0","0","0","0","0","0","0","0","0","0","0","0","0","",""
"7/18/2024 12:00:22 AM","0","0","0","0","0","0","0","0","0","0","0","0","0","0","0","0","0","0","",""
"7/19/2024 12:00:18 AM","0","0","0","0","0","0","0","0","0","0","0","0","0","0","0","0","0","0","",""
"7/20/2024 12:00:06 AM","0","0","0","0","0","0","0","0","0","0","0","0","0","0","0","0","0","0","",""
"7/21/2024 12:00:21 AM","0","0","0","0","0","0","0","0","0","0","0","0","0","0","0","0","0","0","",""
"7/22/2024 12:00:15 AM","0","0","0","0","0","0","0","0","0","0","0","0","0","0","0","0","0","0","",""
"7/23/2024 12:00:14 AM","0","0","0","0","0","0","0","0","0","0","0","0","0","0","0","0","0","0","",""
"7/24/2024 12:00:17 AM","0","0","0","0","0","0","0","0","0","0","0","0","0","0","0","0","0","0","",""
"7/25/2024 12:00:09 AM","0","0","0","0","0","0","0","0","0","0","0","0","0","0","0","0","0","0","",""
"7/26/2024 12:00:08 AM","0","0","0","0","0","0","0","0","0","0","0","0","0","0","0","0","0","0","",""
"7/27/2024 12:00:08 AM","0","0","0","0","0","0","0","0","0","0","0","0","0","0","0","0","0","0","",""
"7/28/2024 12:00:30 AM","0","0","0","0","0","0","0","0","0","0","0","0","0","0","0","0","0","0","",""
"7/29/2024","0","0","0","0","0","0","0","0","0","0","0","0","0","0","0","0","0","0","",""
"7/30/2024 12:00:30 AM","0","0","0","0","0","0","0","0","0","0","0","0","0","0","0","0","0","0","",""
"7/31/2024 12:00:17 AM","0","0","0","0","0","0","0","0","0","0","0","0","0","0","0","0","0","0","",""
"8/1/2024 12:00:16 AM","0","0","0","0","0","0","0","0","0","0","0","0","0","0","0","0","0","0","",""
"8/2/2024 12:00:27 AM","0","0","0","0","0","0","0","0","0","0","0","0","0","0","0","0","0","0","",""
"8/3/2024 12:00:19 AM","0","0","0","0","0","0","0","0","0","0","0","0","0","0","0","0","0","0","",""
"8/4/2024 12:00:34 AM","0","0","0","0","0","0","0","0","0","0","0","0","0","0","0","0","0","0","",""
"8/5/2024 12:00:20 AM","0","0","0","0","0","0","0","0","0","0","0","0","0","0","0","0","0","0","",""
"8/6/2024 12:00:24 AM","0","0","0","0","0","0","0","0","0","0","0","0","0","0","0","0","0","0","",""
"8/7/2024 12:00:26 AM","0","0","0","0","0","0","0","0","0","0","0","0","0","0","0","0","0","0","",""
"8/8/2024 12:00:18 AM","0","0","0","0","0","0","0","0","0","0","0","0","0","0","0","0","0","0","",""
"8/9/2024 12:00:08 AM","0","0","0","0","0","0","0","0","0","0","0","0","0","0","0","0","0","0","",""
"8/10/2024 12:00:16 AM","0","0","0","0","0","0","0","0","0","0","0","0","0","0","0","0","0","0","",""
"8/11/2024 12:00:12 AM","0","0","0","0","0","0","0","0","0","0","0","0","0","0","0","0","0","0","",""
"8/12/2024 12:00:26 AM","0","0","0","0","0","0","0","0","0","0","0","0","0","0","0","0","0","0","",""
"8/13/2024 12:00:11 AM","0","0","0","0","0","0","0","0","0","0","0","0","0","0","0","0","0","0","",""
"8/14/2024 12:00:36 AM","0","0","0","0","0","0","0","0","0","0","0","0","0","0","0","0","0","0","",""
"8/15/2024 12:00:26 AM","0","0","0","0","0","0","0","0","0","0","0","0","0","0","0","0","0","0","",""
"8/16/2024 12:00:16 AM","0","0","0","0","0","0","0","0","0","0","0","0","0","0","0","0","0","0","",""
"8/17/2024 12:00:03 AM","0","0","0","0","0","0","0","0","0","0","0","0","0","0","0","0","0","0","",""
"8/18/2024 12:00:44 AM","0","0","0","0","0","0","0","0","0","0","0","0","0","0","0","0","0","0","",""
"8/19/2024 12:00:21 AM","0","0","0","0","0","0","0","0","0","0","0","0","0","0","0","0","0","0","",""
"8/20/2024 12:00:28 AM","0","0","0","0","0","0","0","0","0","0","0","0","0","0","0","0","0","0","",""
"8/21/2024 12:00:17 AM","0","0","0","0","0","0","0","0","0","0","0","0","0","0","0","0","0","0","",""
"8/22/2024 12:00:30 AM","0","0","0","0","0","0","0","0","0","0","0","0","0","0","0","0","0","0","",""
"8/23/2024 12:00:01 AM","0","0","0","0","0","0","0","0","0","0","0","0","0","0","0","0","0","0","",""
"8/24/2024 12:00:21 AM","0","0","0","0","0","0","0","0","0","0","0","0","0","0","0","0","0","0","",""
"8/25/2024 12:00:18 AM","0","0","0","0","0","0","0","0","0","0","0","0","0","0","0","0","0","0","",""
"8/26/2024 12:00:16 AM","0","0","0","0","0","0","0","0","0","0","0","0","0","0","0","0","0","0","",""
"8/27/2024 12:00:17 AM","0","0","0","0","0","0","0","0","0","0","0","0","0","0","0","0","0","0","",""
"8/28/2024 12:00:25 AM","0","0","0","0","0","0","0","0","0","0","0","0","0","0","0","0","0","0","",""
"8/29/2024 12:00:19 AM","0","0","0","0","0","0","0","0","0","0","0","0","0","0","0","0","0","0","",""
"8/30/2024 12:00:19 AM","0","0","0","0","0","0","0","0","0","0","0","0","0","0","0","0","0","0","",""
"8/31/2024 12:00:20 AM","0","0","0","0","0","0","0","0","0","0","0","0","0","0","0","0","0","0","",""
"9/1/2024 12:00:25 AM","0","0","0","0","0","0","0","0","0","0","0","0","0","0","0","0","0","0","",""
"9/2/2024 12:00:27 AM","0","0","0","0","0","0","0","0","0","0","0","0","0","0","0","0","0","0","",""
"9/3/2024 12:00:34 AM","0","0","0","0","0","0","0","0","0","0","0","0","0","0","0","0","0","0","",""
"9/4/2024 12:00:14 AM","0","0","0","0","0","0","0","0","0","0","0","0","0","0","0","0","0","0","",""
"9/5/2024 12:00:24 AM","0","0","0","0","0","0","0","0","0","0","0","0","0","0","0","0","0","0","",""
"9/6/2024 12:00:27 AM","0","0","0","0","0","0","0","0","0","0","0","0","0","0","0","0","0","0","",""
"9/7/2024 12:00:08 AM","0","0","0","0","0","0","0","0","0","0","0","0","0","0","0","0","0","0","",""
"9/8/2024 12:00:16 AM","0","0","0","0","0","0","0","0","0","0","0","0","0","0","0","0","0","0","",""
"9/9/2024 12:00:20 AM","0","0","0","0","0","0","0","0","0","0","0","0","0","0","0","0","0","0","",""
"9/10/2024 12:00:40 AM","0","0","0","0","0","0","0","0","0","0","0","0","0","0","0","0","0","0","",""
"9/11/2024 12:00:33 AM","0","0","0","0","0","0","0","0","0","0","0","0","0","0","0","0","0","0","",""
"9/12/2024 12:00:12 AM","0","0","0","0","0","0","0","0","0","0","0","0","0","0","0","0","0","0","",""
"9/13/2024 12:00:07 AM","0","0","0","0","0","0","0","0","0","0","0","0","0","0","0","0","0","0","",""
"9/14/2024 12:00:07 AM","0","0","0","0","0","0","0","0","0","0","0","0","0","0","0","0","0","0","",""
"9/15/2024 12:00:06 AM","0","0","0","0","0","0","0","0","0","0","0","0","0","0","0","0","0","0","",""
"9/16/2024 12:00:22 AM","0","0","0","0","0","0","0","0","0","0","0","0","0","0","0","0","0","0","",""
"9/17/2024 12:00:19 AM","0","0","0","0","0","0","0","0","0","0","0","0","0","0","0","0","0","0","",""
"9/18/2024 12:00:18 AM","0","0","0","0","0","0","0","0","0","0","0","0","0","0","0","0","0","0","",""
"9/19/2024 12:00:24 AM","0","0","0","0","0","0","0","0","0","0","0","0","0","0","0","0","0","0","",""
"9/20/2024 12:00:35 AM","0","0","0","0","0","0","0","0","0","0","0","0","0","0","0","0","0","0","",""
"9/21/2024 12:00:06 AM","0","0","0","0","0","0","0","0","0","0","0","0","0","0","0","0","0","0","",""
"9/22/2024 12:00:27 AM","0","0","0","0","0","0","0","0","0","0","0","0","0","0","0","0","0","0","",""
"9/23/2024 12:00:08 AM","0","0","0","0","0","0","0","0","0","0","0","0","0","0","0","0","0","0","",""
"9/24/2024 12:00:35 AM","0","0","0","0","0","0","0","0","0","0","0","0","0","0","0","0","0","0","",""
"9/25/2024 12:00:14 AM","0","0","0","0","0","0","0","0","0","0","0","0","0","0","0","0","0","0","",""
"9/26/2024 12:00:07 AM","0","0","0","0","0","0","0","0","0","0","0","0","0","0","0","0","0","0","",""
"9/27/2024 12:00:17 AM","0","0","0","0","0","0","0","0","0","0","0","0","0","0","0","0","0","0","",""
"9/28/2024 12:00:03 AM","0","0","0","0","0","0","0","0","0","0","0","0","0","0","0","0","0","0","",""
"9/29/2024 12:00:16 AM","0","0","0","0","0","0","0","0","0","0","0","0","0","0","0","0","0","0","",""
"9/30/2024 12:00:11 AM","0","0","0","0","0","0","0","0","0","0","0","0","0","0","0","0","0","0","",""
"10/1/2024 12:00:04 AM","0","0","0","0","0","0","0","0","0","0","0","0","0","0","0","0","0","0","",""
"10/2/2024 12:00:12 AM","0","0","0","0","0","0","0","0","0","0","0","0","0","0","0","0","0","0","",""
"10/3/2024 12:00:16 AM","0","0","0","0","0","0","0","0","0","0","0","0","0","0","0","0","0","0","",""
"9/12/2023 12:00:40 AM","0","0","0","0","0","0","0","0","0","0","0","0","0","0","0","0","0","0","",""
"9/13/2023 12:00:35 AM","0","0","0","0","0","0","0","0","0","0","0","0","0","0","0","0","0","0","",""
"9/14/2023 12:00:38 AM","0","0","0","0","0","0","0","0","0","0","0","0","0","0","0","0","0","0","",""
"9/15/2023 12:00:29 AM","0","0","0","0","0","0","0","0","0","0","0","0","0","0","0","0","0","0","",""
"9/16/2023 12:00:06 AM","0","0","0","0","0","0","0","0","0","0","0","0","0","0","0","0","0","0","",""
"9/17/2023 12:00:02 AM","0","0","0","0","0","0","0","0","0","0","0","0","0","0","0","0","0","0","",""
"9/18/2023 12:00:04 AM","0","0","0","0","0","0","0","0","0","0","0","0","0","0","0","0","0","0","",""
"9/19/2023 12:00:34 AM","0","0","0","0","0","0","0","0","0","0","0","0","0","0","0","0","0","0","",""
"9/20/2023 12:00:06 AM","0","0","0","0","0","0","0","0","0","0","0","0","0","0","0","0","0","0","",""
"9/21/2023 12:00:14 AM","0","0","0","0","0","0","0","0","0","0","0","0","0","0","0","0","0","0","",""
"9/22/2023 12:00:18 AM","0","0","0","0","0","0","0","0","0","0","0","0","0","0","0","0","0","0","",""
"9/23/2023 12:00:21 AM","0","0","0","0","0","0","0","0","0","0","0","0","0","0","0","0","0","0","",""
"9/24/2023 12:00:41 AM","0","0","0","0","0","0","0","0","0","0","0","0","0","0","0","0","0","0","",""
"9/25/2023 12:00:30 AM","0","0","0","0","0","0","0","0","0","0","0","0","0","0","0","0","0","0","",""
"9/26/2023 12:00:22 AM","0","0","0","0","0","0","0","0","0","0","0","0","0","0","0","0","0","0","",""
"9/27/2023 12:00:12 AM","0","0","0","0","0","0","0","0","0","0","0","0","0","0","0","0","0","0","",""
"9/28/2023 12:00:11 AM","0","0","0","0","0","0","0","0","0","0","0","0","0","0","0","0","0","0","",""
"9/29/2023 12:00:32 AM","0","0","0","0","0","0","0","0","0","0","0","0","0","0","0","0","0","0","",""
"9/30/2023 12:00:26 AM","0","0","0","0","0","0","0","0","0","0","0","0","0","0","0","0","0","0","",""
"10/1/2023 12:00:30 AM","0","0","0","0","0","0","0","0","0","0","0","0","0","0","0","0","0","0","",""
"10/2/2023 12:00:18 AM","0","0","0","0","0","0","0","0","0","0","0","0","0","0","0","0","0","0","",""
"10/3/2023 12:00:41 AM","0","0","0","0","0","0","0","0","0","0","0","0","0","0","0","0","0","0","",""
"10/4/2023 12:00:22 AM","0","0","0","0","0","0","0","0","0","0","0","0","0","0","0","0","0","0","",""
"10/5/2023 12:00:25 AM","0","0","0","0","0","0","0","0","0","0","0","0","0","0","0","0","0","0","",""
"10/6/2023 12:00:32 AM","0","0","0","0","0","0","0","0","0","0","0","0","0","0","0","0","0","0","",""
"10/7/2023 12:00:25 AM","0","0","0","0","0","0","0","0","0","0","0","0","0","0","0","0","0","0","",""
"10/8/2023 12:00:03 AM","0","0","0","0","0","0","0","0","0","0","0","0","0","0","0","0","0","0","",""
"10/9/2023 12:00:01 AM","0","0","0","0","0","0","0","0","0","0","0","0","0","0","0","0","0","0","",""
"10/10/2023 12:00:28 AM","0","0","0","0","0","0","0","0","0","0","0","0","0","0","0","0","0","0","",""
"10/11/2023 12:00:36 AM","0","0","0","0","0","0","0","0","0","0","0","0","0","0","0","0","0","0","",""
"10/12/2023 12:00:33 AM","0","0","0","0","0","0","0","0","0","0","0","0","0","0","0","0","0","0","",""
"10/13/2023 12:00:29 AM","0","0","0","0","0","0","0","0","0","0","0","0","0","0","0","0","0","0","",""
"10/14/2023 12:00:12 AM","0","0","0","0","0","0","0","0","0","0","0","0","0","0","0","0","0","0","",""
"10/15/2023 12:00:27 AM","0","0","0","0","0","0","0","0","0","0","0","0","0","0","0","0","0","0","",""
"10/16/2023 12:00:20 AM","0","0","0","0","0","0","0","0","0","0","0","0","0","0","0","0","0","0","",""
"10/17/2023 12:00:11 AM","0","0","0","0","0","0","0","0","0","0","0","0","0","0","0","0","0","0","",""
"10/18/2023 12:00:16 AM","0","0","0","0","0","0","0","0","0","0","0","0","0","0","0","0","0","0","",""
"10/19/2023 12:00:26 AM","0","0","0","0","0","0","0","0","0","0","0","0","0","0","0","0","0","0","",""
"10/20/2023 12:00:06 AM","0","0","0","0","0","0","0","0","0","0","0","0","0","0","0","0","0","0","",""
"10/21/2023 12:00:40 AM","0","0","0","0","0","0","0","0","0","0","0","0","0","0","0","0","0","0","",""
"10/22/2023 12:00:25 AM","0","0","0","0","0","0","0","0","0","0","0","0","0","0","0","0","0","0","",""
"10/23/2023 12:00:10 AM","0","0","0","0","0","0","0","0","0","0","0","0","0","0","0","0","0","0","",""
"10/24/2023 12:00:05 AM","0","0","0","0","0","0","0","0","0","0","0","0","0","0","0","0","0","0","",""
"10/25/2023 12:00:21 AM","0","0","0","0","0","0","0","0","0","0","0","0","0","0","0","0","0","0","",""
"10/26/2023 12:00:24 AM","0","0","0","0","0","0","0","0","0","0","0","0","0","0","0","0","0","0","",""
"10/27/2023 12:00:19 AM","0","0","0","0","0","0","0","0","0","0","0","0","0","0","0","0","0","0","",""
"10/28/2023 12:00:26 AM","0","0","0","0","0","0","0","0","0","0","0","0","0","0","0","0","0","0","",""
"10/29/2023 12:00:04 AM","0","0","0","0","0","0","0","0","0","0","0","0","0","0","0","0","0","0","",""
"10/30/2023 12:00:20 AM","0","0","0","0","0","0","0","0","0","0","0","0","0","0","0","0","0","0","",""
"10/31/2023 12:00:22 AM","0","0","0","0","0","0","0","0","0","0","0","0","0","0","0","0","0","0","",""
"11/1/2023 12:00:13 AM","0","0","0","0","0","0","0","0","0","0","0","0","0","0","0","0","0","0","",""
"11/2/2023 12:00:15 AM","0","0","0","0","0","0","0","0","0","0","0","0","0","0","0","0","0","0","",""
"11/3/2023 12:00:16 AM","0","0","0","0","0","0","0","0","0","0","0","0","0","0","0","0","0","0","",""
"11/4/2023 12:00:29 AM","0","0","0","0","0","0","0","0","0","0","0","0","0","0","0","0","0","0","",""
"11/5/2023 12:00:32 AM","0","0","0","0","0","0","0","0","0","0","0","0","0","0","0","0","0","0","",""
"11/6/2023 12:00:11 AM","0","0","0","0","0","0","0","0","0","0","0","0","0","0","0","0","0","0","",""
"11/7/2023 12:00:06 AM","0","0","0","0","0","0","0","0","0","0","0","0","0","0","0","0","0","0","",""
"11/8/2023 12:00:06 AM","0","0","0","0","0","0","0","0","0","0","0","0","0","0","0","0","0","0","",""
"11/9/2023 12:00:31 AM","0","0","0","0","0","0","0","0","0","0","0","0","0","0","0","0","0","0","",""
"11/10/2023 12:00:27 AM","0","0","0","0","0","0","0","0","0","0","0","0","0","0","0","0","0","0","",""
"11/11/2023 12:00:13 AM","0","0","0","0","0","0","0","0","0","0","0","0","0","0","0","0","0","0","",""
"11/12/2023 12:01:04 AM","0","0","0","0","0","0","0","0","0","0","0","0","0","0","0","0","0","0","",""
"11/13/2023 12:00:11 AM","0","0","0","0","0","0","0","0","0","0","0","0","0","0","0","0","0","0","",""
"11/14/2023 12:00:29 AM","0","0","0","0","0","0","0","0","0","0","0","0","0","0","0","0","0","0","",""
"11/15/2023 12:00:34 AM","0","0","0","0","0","0","0","0","0","0","0","0","0","0","0","0","0","0","",""
"11/16/2023 12:00:35 AM","0","0","0","0","0","0","0","0","0","0","0","0","0","0","0","0","0","0","",""
"11/17/2023 12:00:22 AM","0","0","0","0","0","0","0","0","0","0","0","0","0","0","0","0","0","0","",""
"11/18/2023 12:00:04 AM","0","0","0","0","0","0","0","0","0","0","0","0","0","0","0","0","0","0","",""
"11/19/2023 12:00:44 AM","0","0","0","0","0","0","0","0","0","0","0","0","0","0","0","0","0","0","",""
"11/20/2023 12:00:42 AM","0","0","0","0","0","0","0","0","0","0","0","0","0","0","0","0","0","0","",""
"11/21/2023 12:00:18 AM","0","0","0","0","0","0","0","0","0","0","0","0","0","0","0","0","0","0","",""
"11/22/2023 12:00:18 AM","0","0","0","0","0","0","0","0","0","0","0","0","0","0","0","0","0","0","",""
"11/23/2023 12:00:25 AM","0","0","0","0","0","0","0","0","0","0","0","0","0","0","0","0","0","0","",""
"11/24/2023 12:01:11 AM","0","0","0","0","0","0","0","0","0","0","0","0","0","0","0","0","0","0","",""
"11/25/2023 12:00:17 AM","0","0","0","0","0","0","0","0","0","0","0","0","0","0","0","0","0","0","",""
"11/26/2023 12:00:23 AM","0","0","0","0","0","0","0","0","0","0","0","0","0","0","0","0","0","0","",""
"11/27/2023 12:00:28 AM","0","0","0","0","0","0","0","0","0","0","0","0","0","0","0","0","0","0","",""
"11/28/2023 12:00:28 AM","0","0","0","0","0","0","0","0","0","0","0","0","0","0","0","0","0","0","",""
"11/29/2023 12:01:06 AM","0","0","0","0","0","0","0","0","0","0","0","0","0","0","0","0","0","0","",""
"11/30/2023 12:00:15 AM","0","0","0","0","0","0","0","0","0","0","0","0","0","0","0","0","0","0","",""
"12/1/2023 12:00:18 AM","0","0","0","0","0","0","0","0","0","0","0","0","0","0","0","0","0","0","",""
"12/2/2023 12:00:19 AM","0","0","0","0","0","0","0","0","0","0","0","0","0","0","0","0","0","0","",""
"12/3/2023 12:00:37 AM","0","0","0","0","0","0","0","0","0","0","0","0","0","0","0","0","0","0","",""
"12/4/2023 12:00:43 AM","0","0","0","0","0","0","0","0","0","0","0","0","0","0","0","0","0","0","",""
"12/5/2023 12:00:22 AM","0","0","0","0","0","0","0","0","0","0","0","0","0","0","0","0","0","0","",""
"12/6/2023 12:00:34 AM","0","0","0","0","0","0","0","0","0","0","0","0","0","0","0","0","0","0","",""
"12/7/2023 12:00:14 AM","0","0","0","0","0","0","0","0","0","0","0","0","0","0","0","0","0","0","",""
"12/8/2023 12:00:22 AM","0","0","0","0","0","0","0","0","0","0","0","0","0","0","0","0","0","0","",""
"12/9/2023 12:00:05 AM","0","0","0","0","0","0","0","0","0","0","0","0","0","0","0","0","0","0","",""
"12/10/2023 12:00:28 AM","0","0","0","0","0","0","0","0","0","0","0","0","0","0","0","0","0","0","",""
"12/11/2023 12:00:18 AM","0","0","0","0","0","0","0","0","0","0","0","0","0","0","0","0","0","0","",""
"12/12/2023 12:00:25 AM","0","0","0","0","0","0","0","0","0","0","0","0","0","0","0","0","0","0","",""
"12/13/2023 12:01:06 AM","0","0","0","0","0","0","0","0","0","0","0","0","0","0","0","0","0","0","",""
"12/14/2023 12:00:16 AM","0","0","0","0","0","0","0","0","0","0","0","0","0","0","0","0","0","0","",""
"12/15/2023 12:00:16 AM","0","0","0","0","0","0","0","0","0","0","0","0","0","0","0","0","0","0","",""
"12/16/2023 12:00:19 AM","0","0","0","0","0","0","0","0","0","0","0","0","0","0","0","0","0","0","",""
"12/17/2023 12:00:26 AM","0","0","0","0","0","0","0","0","0","0","0","0","0","0","0","0","0","0","",""
"12/18/2023 12:00:30 AM","0","0","0","0","0","0","0","0","0","0","0","0","0","0","0","0","0","0","",""
"12/19/2023 12:00:50 AM","0","0","0","0","0","0","0","0","0","0","0","0","0","0","0","0","0","0","",""
"12/20/2023 12:00:34 AM","0","0","0","0","0","0","0","0","0","0","0","0","0","0","0","0","0","0","",""
"12/21/2023 12:00:23 AM","0","0","0","0","0","0","0","0","0","0","0","0","0","0","0","0","0","0","",""
"12/22/2023 12:00:42 AM","0","0","0","0","0","0","0","0","0","0","0","0","0","0","0","0","0","0","",""
"12/23/2023 12:00:33 AM","0","0","0","0","0","0","0","0","0","0","0","0","0","0","0","0","0","0","",""
"12/24/2023 12:00:19 AM","0","0","0","0","0","0","0","0","0","0","0","0","0","0","0","0","0","0","",""
"12/25/2023 12:00:22 AM","0","0","0","0","0","0","0","0","0","0","0","0","0","0","0","0","0","0","",""
"12/26/2023 12:00:24 AM","0","0","0","0","0","0","0","0","0","0","0","0","0","0","0","0","0","0","",""
"12/27/2023 12:00:28 AM","0","0","0","0","0","0","0","0","0","0","0","0","0","0","0","0","0","0","",""
"12/28/2023 12:00:59 AM","0","0","0","0","0","0","0","0","0","0","0","0","0","0","0","0","0","0","",""
"12/29/2023 12:00:25 AM","0","0","0","0","0","0","0","0","0","0","0","0","0","0","0","0","0","0","",""
"12/30/2023 12:00:03 AM","0","0","0","0","0","0","0","0","0","0","0","0","0","0","0","0","0","0","",""
"12/31/2023 12:00:22 AM","0","0","0","0","0","0","0","0","0","0","0","0","0","0","0","0","0","0","",""
"1/1/2024 12:01:00 AM","0","0","0","0","0","0","0","0","0","0","0","0","0","0","0","0","0","0","",""
"1/2/2024","0","0","0","0","0","0","0","0","0","0","0","0","0","0","0","0","0","0","",""
"1/3/2024 12:00:30 AM","0","0","0","0","0","0","0","0","0","0","0","0","0","0","0","0","0","0","",""
"1/4/2024 12:00:30 AM","0","0","0","0","0","0","0","0","0","0","0","0","0","0","0","0","0","0","",""
"1/5/2024 12:00:41 AM","0","0","0","0","0","0","0","0","0","0","0","0","0","0","0","0","0","0","",""
"1/6/2024 12:00:29 AM","0","0","0","0","0","0","0","0","0","0","0","0","0","0","0","0","0","0","",""
"1/7/2024 12:00:32 AM","0","0","0","0","0","0","0","0","0","0","0","0","0","0","0","0","0","0","",""
"1/8/2024 12:00:12 AM","0","0","0","0","0","0","0","0","0","0","0","0","0","0","0","0","0","0","",""
"1/9/2024 12:00:08 AM","0","0","0","0","0","0","0","0","0","0","0","0","0","0","0","0","0","0","",""
"1/10/2024 12:00:30 AM","0","0","0","0","0","0","0","0","0","0","0","0","0","0","0","0","0","0","",""
"1/11/2024 12:01:00 AM","0","0","0","0","0","0","0","0","0","0","0","0","0","0","0","0","0","0","",""
"1/12/2024 12:00:14 AM","0","0","0","0","0","0","0","0","0","0","0","0","0","0","0","0","0","0","",""
"1/13/2024 12:00:03 AM","0","0","0","0","0","0","0","0","0","0","0","0","0","0","0","0","0","0","",""
"1/14/2024 12:00:24 AM","0","0","0","0","0","0","0","0","0","0","0","0","0","0","0","0","0","0","",""
"1/15/2024 12:00:32 AM","0","0","0","0","0","0","0","0","0","0","0","0","0","0","0","0","0","0","",""
"1/16/2024 12:00:25 AM","0","0","0","0","0","0","0","0","0","0","0","0","0","0","0","0","0","0","",""
"1/17/2024 12:01:09 AM","0","0","0","0","0","0","0","0","0","0","0","0","0","0","0","0","0","0","",""
"1/18/2024 12:00:24 AM","0","0","0","0","0","0","0","0","0","0","0","0","0","0","0","0","0","0","",""
"1/19/2024 12:00:01 AM","0","0","0","0","0","0","0","0","0","0","0","0","0","0","0","0","0","0","",""
"1/20/2024 12:00:46 AM","0","0","0","0","0","0","0","0","0","0","0","0","0","0","0","0","0","0","",""
"1/21/2024 12:00:13 AM","0","0","0","0","0","0","0","0","0","0","0","0","0","0","0","0","0","0","",""
"1/22/2024 12:00:21 AM","0","0","0","0","0","0","0","0","0","0","0","0","0","0","0","0","0","0","",""
"1/23/2024 12:00:36 AM","0","0","0","0","0","0","0","0","0","0","0","0","0","0","0","0","0","0","",""
"1/24/2024 12:00:21 AM","0","0","0","0","0","0","0","0","0","0","0","0","0","0","0","0","0","0","",""
"1/25/2024 12:00:31 AM","0","0","0","0","0","0","0","0","0","0","0","0","0","0","0","0","0","0","",""
"1/26/2024 12:00:41 AM","0","0","0","0","0","0","0","0","0","0","0","0","0","0","0","0","0","0","",""
"1/27/2024 12:00:21 AM","0","0","0","0","0","0","0","0","0","0","0","0","0","0","0","0","0","0","",""
"1/28/2024 12:00:28 AM","0","0","0","0","0","0","0","0","0","0","0","0","0","0","0","0","0","0","",""
"1/29/2024 12:00:08 AM","0","0","0","0","0","0","0","0","0","0","0","0","0","0","0","0","0","0","",""
"1/30/2024 12:01:02 AM","0","0","0","0","0","0","0","0","0","0","0","0","0","0","0","0","0","0","",""
"1/31/2024 12:00:09 AM","0","0","0","0","0","0","0","0","0","0","0","0","0","0","0","0","0","0","",""
"2/1/2024 12:00:12 AM","0","0","0","0","0","0","0","0","0","0","0","0","0","0","0","0","0","0","",""
"2/2/2024 12:00:33 AM","0","0","0","0","0","0","0","0","0","0","0","0","0","0","0","0","0","0","",""
"2/3/2024 12:00:29 AM","0","0","0","0","0","0","0","0","0","0","0","0","0","0","0","0","0","0","",""
"2/4/2024 12:00:13 AM","0","0","0","0","0","0","0","0","0","0","0","0","0","0","0","0","0","0","",""
"2/5/2024 12:00:58 AM","0","0","0","0","0","0","0","0","0","0","0","0","0","0","0","0","0","0","",""
"2/6/2024 12:00:37 AM","0","0","0","0","0","0","0","0","0","0","0","0","0","0","0","0","0","0","",""
"2/7/2024 12:00:19 AM","0","0","0","0","0","0","0","0","0","0","0","0","0","0","0","0","0","0","",""
"2/8/2024 12:01:17 AM","0","0","0","0","0","0","0","0","0","0","0","0","0","0","0","0","0","0","",""
"2/9/2024 12:00:16 AM","0","0","0","0","0","0","0","0","0","0","0","0","0","0","0","0","0","0","",""
"2/10/2024 12:00:29 AM","0","0","0","0","0","0","0","0","0","0","0","0","0","0","0","0","0","0","",""
"2/11/2024 12:00:13 AM","0","0","0","0","0","0","0","0","0","0","0","0","0","0","0","0","0","0","",""
"2/12/2024 12:00:03 AM","0","0","0","0","0","0","0","0","0","0","0","0","0","0","0","0","0","0","",""
"2/13/2024 12:00:12 AM","0","0","0","0","0","0","0","0","0","0","0","0","0","0","0","0","0","0","",""
"2/14/2024 12:00:28 AM","0","0","0","0","0","0","0","0","0","0","0","0","0","0","0","0","0","0","",""
"2/15/2024 12:00:07 AM","0","0","0","0","0","0","0","0","0","0","0","0","0","0","0","0","0","0","",""
"2/16/2024 12:00:57 AM","0","0","0","0","0","0","0","0","0","0","0","0","0","0","0","0","0","0","",""
"2/17/2024 12:00:36 AM","0","0","0","0","0","0","0","0","0","0","0","0","0","0","0","0","0","0","",""
"2/18/2024 12:00:04 AM","0","0","0","0","0","0","0","0","0","0","0","0","0","0","0","0","0","0","",""
"2/19/2024 12:00:40 AM","0","0","0","0","0","0","0","0","0","0","0","0","0","0","0","0","0","0","",""
"2/20/2024 12:00:21 AM","0","0","0","0","0","0","0","0","0","0","0","0","0","0","0","0","0","0","",""
"2/21/2024 12:00:14 AM","0","0","0","0","0","0","0","0","0","0","0","0","0","0","0","0","0","0","",""
"2/22/2024 12:00:12 AM","0","0","0","0","0","0","0","0","0","0","0","0","0","0","0","0","0","0","",""
"2/23/2024 12:00:22 AM","0","0","0","0","0","0","0","0","0","0","0","0","0","0","0","0","0","0","",""
"2/24/2024 12:00:20 AM","0","0","0","0","0","0","0","0","0","0","0","0","0","0","0","0","0","0","",""
"2/25/2024 12:00:30 AM","0","0","0","0","0","0","0","0","0","0","0","0","0","0","0","0","0","0","",""
"2/26/2024 12:00:53 AM","0","0","0","0","0","0","0","0","0","0","0","0","0","0","0","0","0","0","",""
"2/27/2024 12:00:27 AM","0","0","0","0","0","0","0","0","0","0","0","0","0","0","0","0","0","0","",""
"2/28/2024 12:00:02 AM","0","0","0","0","0","0","0","0","0","0","0","0","0","0","0","0","0","0","",""
"2/29/2024 12:00:16 AM","0","0","0","0","0","0","0","0","0","0","0","0","0","0","0","0","0","0","",""
"3/1/2024 12:00:02 AM","0","0","0","0","0","0","0","0","0","0","0","0","0","0","0","0","0","0","",""
"3/2/2024 12:00:25 AM","0","0","0","0","0","0","0","0","0","0","0","0","0","0","0","0","0","0","",""
"3/3/2024 12:00:30 AM","0","0","0","0","0","0","0","0","0","0","0","0","0","0","0","0","0","0","",""
"3/4/2024 12:00:09 AM","0","0","0","0","0","0","0","0","0","0","0","0","0","0","0","0","0","0","",""
"3/5/2024 12:00:26 AM","0","0","0","0","0","0","0","0","0","0","0","0","0","0","0","0","0","0","",""
"3/6/2024 12:00:13 AM","0","0","0","0","0","0","0","0","0","0","0","0","0","0","0","0","0","0","",""
"3/7/2024 12:00:15 AM","0","0","0","0","0","0","0","0","0","0","0","0","0","0","0","0","0","0","",""
"3/8/2024 12:00:34 AM","0","0","0","0","0","0","0","0","0","0","0","0","0","0","0","0","0","0","",""
"3/9/2024 12:00:22 AM","0","0","0","0","0","0","0","0","0","0","0","0","0","0","0","0","0","0","",""
"3/10/2024 12:01:04 AM","0","0","0","0","0","0","0","0","0","0","0","0","0","0","0","0","0","0","",""
"3/11/2024 12:00:19 AM","0","0","0","0","0","0","0","0","0","0","0","0","0","0","0","0","0","0","",""
"3/12/2024 12:00:12 AM","0","0","0","0","0","0","0","0","0","0","0","0","0","0","0","0","0","0","",""
"3/13/2024 12:00:38 AM","0","0","0","0","0","0","0","0","0","0","0","0","0","0","0","0","0","0","",""
"3/14/2024 12:00:15 AM","0","0","0","0","0","0","0","0","0","0","0","0","0","0","0","0","0","0","",""
"3/15/2024 12:00:05 AM","0","0","0","0","0","0","0","0","0","0","0","0","0","0","0","0","0","0","",""
"3/16/2024 12:00:15 AM","0","0","0","0","0","0","0","0","0","0","0","0","0","0","0","0","0","0","",""
"3/17/2024 12:00:20 AM","0","0","0","0","0","0","0","0","0","0","0","0","0","0","0","0","0","0","",""
"3/18/2024 12:00:13 AM","0","0","0","0","0","0","0","0","0","0","0","0","0","0","0","0","0","0","",""
"3/19/2024 12:00:22 AM","0","0","0","0","0","0","0","0","0","0","0","0","0","0","0","0","0","0","",""
"3/20/2024 12:00:22 AM","0","0","0","0","0","0","0","0","0","0","0","0","0","0","0","0","0","0","",""
"3/21/2024 12:00:05 AM","0","0","0","0","0","0","0","0","0","0","0","0","0","0","0","0","0","0","",""
"3/22/2024 12:00:24 AM","0","0","0","0","0","0","0","0","0","0","0","0","0","0","0","0","0","0","",""
"3/23/2024 12:00:25 AM","0","0","0","0","0","0","0","0","0","0","0","0","0","0","0","0","0","0","",""
"3/24/2024 12:00:02 AM","0","0","0","0","0","0","0","0","0","0","0","0","0","0","0","0","0","0","",""
"3/25/2024 12:00:31 AM","0","0","0","0","0","0","0","0","0","0","0","0","0","0","0","0","0","0","",""
"3/26/2024 12:00:32 AM","0","0","0","0","0","0","0","0","0","0","0","0","0","0","0","0","0","0","",""
"3/27/2024 12:00:02 AM","0","0","0","0","0","0","0","0","0","0","0","0","0","0","0","0","0","0","",""
"3/28/2024 12:00:11 AM","0","0","0","0","0","0","0","0","0","0","0","0","0","0","0","0","0","0","",""
"3/29/2024 12:00:14 AM","0","0","0","0","0","0","0","0","0","0","0","0","0","0","0","0","0","0","",""
"3/30/2024 12:00:38 AM","0","0","0","0","0","0","0","0","0","0","0","0","0","0","0","0","0","0","",""
"3/31/2024 12:00:01 AM","0","0","0","0","0","0","0","0","0","0","0","0","0","0","0","0","0","0","",""
"4/1/2024 12:00:17 AM","0","0","0","0","0","0","0","0","0","0","0","0","0","0","0","0","0","0","",""
"4/2/2024 12:00:29 AM","0","0","0","0","0","0","0","0","0","0","0","0","0","0","0","0","0","0","",""
"4/3/2024 12:00:32 AM","0","0","0","0","0","0","0","0","0","0","0","0","0","0","0","0","0","0","",""
"4/4/2024 12:00:23 AM","0","0","0","0","0","0","0","0","0","0","0","0","0","0","0","0","0","0","",""
"4/5/2024 12:00:16 AM","0","0","0","0","0","0","0","0","0","0","0","0","0","0","0","0","0","0","",""
"4/6/2024 12:00:19 AM","0","0","0","0","0","0","0","0","0","0","0","0","0","0","0","0","0","0","",""
"4/7/2024 12:00:17 AM","0","0","0","0","0","0","0","0","0","0","0","0","0","0","0","0","0","0","",""
"4/8/2024 12:00:10 AM","0","0","0","0","0","0","0","0","0","0","0","0","0","0","0","0","0","0","",""
"4/9/2024 12:00:23 AM","0","0","0","0","0","0","0","0","0","0","0","0","0","0","0","0","0","0","",""
"4/10/2024 12:00:07 AM","0","0","0","0","0","0","0","0","0","0","0","0","0","0","0","0","0","0","",""
"4/11/2024 12:00:29 AM","0","0","0","0","0","0","0","0","0","0","0","0","0","0","0","0","0","0","",""
"4/12/2024 12:00:12 AM","0","0","0","0","0","0","0","0","0","0","0","0","0","0","0","0","0","0","",""
"4/13/2024 12:00:09 AM","0","0","0","0","0","0","0","0","0","0","0","0","0","0","0","0","0","0","",""
"4/14/2024 12:00:25 AM","0","0","0","0","0","0","0","0","0","0","0","0","0","0","0","0","0","0","",""
"4/15/2024 12:00:31 AM","0","0","0","0","0","0","0","0","0","0","0","0","0","0","0","0","0","0","",""
"4/16/2024 12:00:24 AM","0","0","0","0","0","0","0","0","0","0","0","0","0","0","0","0","0","0","",""
"4/17/2024","0","0","0","0","0","0","0","0","0","0","0","0","0","0","0","0","0","0","",""
"4/18/2024 12:00:10 AM","0","0","0","0","0","0","0","0","0","0","0","0","0","0","0","0","0","0","",""
"4/19/2024 12:00:22 AM","0","0","0","0","0","0","0","0","0","0","0","0","0","0","0","0","0","0","",""
"4/20/2024 12:00:14 AM","0","0","0","0","0","0","0","0","0","0","0","0","0","0","0","0","0","0","",""
"4/21/2024 12:00:07 AM","0","0","0","0","0","0","0","0","0","0","0","0","0","0","0","0","0","0","",""
"4/22/2024 12:00:03 AM","0","0","0","0","0","0","0","0","0","0","0","0","0","0","0","0","0","0","",""
"4/23/2024 12:00:16 AM","0","0","0","0","0","0","0","0","0","0","0","0","0","0","0","0","0","0","",""
"4/24/2024 12:00:10 AM","0","0","0","0","0","0","0","0","0","0","0","0","0","0","0","0","0","0","",""
"4/25/2024 12:00:16 AM","0","0","0","0","0","0","0","0","0","0","0","0","0","0","0","0","0","0","",""
"4/26/2024 12:00:21 AM","0","0","0","0","0","0","0","0","0","0","0","0","0","0","0","0","0","0","",""
"4/27/2024 12:00:16 AM","0","0","0","0","0","0","0","0","0","0","0","0","0","0","0","0","0","0","",""
"4/28/2024 12:00:19 AM","0","0","0","0","0","0","0","0","0","0","0","0","0","0","0","0","0","0","",""
"4/29/2024 12:00:13 AM","0","0","0","0","0","0","0","0","0","0","0","0","0","0","0","0","0","0","",""
"4/30/2024 12:00:15 AM","0","0","0","0","0","0","0","0","0","0","0","0","0","0","0","0","0","0","",""
"5/1/2024 12:00:14 AM","0","0","0","0","0","0","0","0","0","0","0","0","0","0","0","0","0","0","",""
"5/2/2024 12:00:47 AM","0","0","0","0","0","0","0","0","0","0","0","0","0","0","0","0","0","0","",""
"5/3/2024 12:00:29 AM","0","0","0","0","0","0","0","0","0","0","0","0","0","0","0","0","0","0","",""
"5/4/2024 12:00:13 AM","0","0","0","0","0","0","0","0","0","0","0","0","0","0","0","0","0","0","",""
"5/6/2024 12:00:02 AM","0","0","0","0","0","0","0","0","0","0","0","0","0","0","0","0","0","0","",""
"5/7/2024 12:00:07 AM","0","0","0","0","0","0","0","0","0","0","0","0","0","0","0","0","0","0","",""
"5/8/2024 12:00:13 AM","0","0","0","0","0","0","0","0","0","0","0","0","0","0","0","0","0","0","",""
"5/9/2024 12:00:13 AM","0","0","0","0","0","0","0","0","0","0","0","0","0","0","0","0","0","0","",""
"5/10/2024 12:00:28 AM","0","0","0","0","0","0","0","0","0","0","0","0","0","0","0","0","0","0","",""
"5/11/2024 12:00:23 AM","0","0","0","0","0","0","0","0","0","0","0","0","0","0","0","0","0","0","",""
"5/12/2024 12:00:28 AM","0","0","0","0","0","0","0","0","0","0","0","0","0","0","0","0","0","0","",""
"5/13/2024 12:00:23 AM","0","0","0","0","0","0","0","0","0","0","0","0","0","0","0","0","0","0","",""
"5/14/2024 12:00:05 AM","0","0","0","0","0","0","0","0","0","0","0","0","0","0","0","0","0","0","",""
"5/15/2024 12:00:06 AM","0","0","0","0","0","0","0","0","0","0","0","0","0","0","0","0","0","0","",""
"5/16/2024 12:00:25 AM","0","0","0","0","0","0","0","0","0","0","0","0","0","0","0","0","0","0","",""
"5/17/2024 12:00:40 AM","0","0","0","0","0","0","0","0","0","0","0","0","0","0","0","0","0","0","",""
"5/18/2024 12:00:08 AM","0","0","0","0","0","0","0","0","0","0","0","0","0","0","0","0","0","0","",""
"5/19/2024 12:00:40 AM","0","0","0","0","0","0","0","0","0","0","0","0","0","0","0","0","0","0","",""
"5/20/2024 12:00:03 AM","0","0","0","0","0","0","0","0","0","0","0","0","0","0","0","0","0","0","",""
"5/21/2024 12:00:23 AM","0","0","0","0","0","0","0","0","0","0","0","0","0","0","0","0","0","0","",""
"5/22/2024 12:00:28 AM","0","0","0","0","0","0","0","0","0","0","0","0","0","0","0","0","0","0","",""
"5/23/2024 12:00:32 AM","0","0","0","0","0","0","0","0","0","0","0","0","0","0","0","0","0","0","",""
"5/24/2024 12:00:21 AM","0","0","0","0","0","0","0","0","0","0","0","0","0","0","0","0","0","0","",""
"5/25/2024 12:00:01 AM","0","0","0","0","0","0","0","0","0","0","0","0","0","0","0","0","0","0","",""
"5/26/2024 12:00:34 AM","0","0","0","0","0","0","0","0","0","0","0","0","0","0","0","0","0","0","",""
"5/27/2024 12:00:18 AM","0","0","0","0","0","0","0","0","0","0","0","0","0","0","0","0","0","0","",""
"10/4/2024 12:00:11 AM","0","0","0","0","0","0","0","0","0","0","0","0","0","0","0","0","0","0","",""
"10/5/2024 12:00:14 AM","0","0","0","0","0","0","0","0","0","0","0","0","0","0","0","0","0","0","",""
"10/6/2024 12:00:35 AM","0","0","0","0","0","0","0","0","0","0","0","0","0","0","0","0","0","0","",""
"10/7/2024 12:00:24 AM","0","0","0","0","0","0","0","0","0","0","0","0","0","0","0","0","0","0","",""
"10/8/2024 12:00:01 AM","0","0","0","0","0","0","0","0","0","0","0","0","0","0","0","0","0","0","",""
"10/9/2024 12:00:26 AM","0","0","0","0","0","0","0","0","0","0","0","0","0","0","0","0","0","0","",""
"10/10/2024 12:00:25 AM","0","0","0","0","0","0","0","0","0","0","0","0","0","0","0","0","0","0","",""
"10/11/2024 12:00:11 AM","0","0","0","0","0","0","0","0","0","0","0","0","0","0","0","0","0","0","",""
"10/12/2024 12:00:29 AM","0","0","0","0","0","0","0","0","0","0","0","0","0","0","0","0","0","0","",""
"10/13/2024 12:00:15 AM","0","0","0","0","0","0","0","0","0","0","0","0","0","0","0","0","0","0","",""
"10/14/2024 12:00:09 AM","0","0","0","0","0","0","0","0","0","0","0","0","0","0","0","0","0","0","",""
"10/15/2024 12:00:22 AM","0","0","0","0","0","0","0","0","0","0","0","0","0","0","0","0","0","0","",""
"10/16/2024 12:00:04 AM","0","0","0","0","0","0","0","0","0","0","0","0","0","0","0","0","0","0","",""
"10/17/2024 12:00:23 AM","0","0","0","0","0","0","0","0","0","0","0","0","0","0","0","0","0","0","",""
"10/18/2024 12:00:21 AM","0","0","0","0","0","0","0","0","0","0","0","0","0","0","0","0","0","0","",""
"10/19/2024 12:00:40 AM","0","0","0","0","0","0","0","0","0","0","0","0","0","0","0","0","0","0","",""
"10/20/2024 12:00:27 AM","0","0","0","0","0","0","0","0","0","0","0","0","0","0","0","0","0","0","",""
"10/21/2024 12:00:29 AM","0","0","0","0","0","0","0","0","0","0","0","0","0","0","0","0","0","0","",""
"10/22/2024 12:00:06 AM","0","0","0","0","0","0","0","0","0","0","0","0","0","0","0","0","0","0","",""
"10/23/2024 12:00:16 AM","0","0","0","0","0","0","0","0","0","0","0","0","0","0","0","0","0","0","",""
"10/24/2024 12:00:06 AM","0","0","0","0","0","0","0","0","0","0","0","0","0","0","0","0","0","0","",""
"10/25/2024 12:00:26 AM","0","0","0","0","0","0","0","0","0","0","0","0","0","0","0","0","0","0","",""
"10/26/2024 12:00:28 AM","0","0","0","0","0","0","0","0","0","0","0","0","0","0","0","0","0","0","",""
"10/27/2024 12:00:27 AM","0","0","0","0","0","0","0","0","0","0","0","0","0","0","0","0","0","0","",""
"10/28/2024 12:00:28 AM","0","0","0","0","0","0","0","0","0","0","0","0","0","0","0","0","0","0","",""
"10/29/2024 12:00:20 AM","0","0","0","0","0","0","0","0","0","0","0","0","0","0","0","0","0","0","",""
"10/30/2024 12:00:36 AM","0","0","0","0","0","0","0","0","0","0","0","0","0","0","0","0","0","0","",""
"10/31/2024 12:00:11 AM","0","0","0","0","0","0","0","0","0","0","0","0","0","0","0","0","0","0","",""
"11/1/2024 12:00:07 AM","0","0","0","0","0","0","0","0","0","0","0","0","0","0","0","0","0","0","",""
"11/2/2024 12:00:37 AM","0","0","0","0","0","0","0","0","0","0","0","0","0","0","0","0","0","0","",""
"11/3/2024 12:00:45 AM","0","0","0","0","0","0","0","0","0","0","0","0","0","0","0","0","0","0","",""
"11/4/2024 12:00:04 AM","0","0","0","0","0","0","0","0","0","0","0","0","0","0","0","0","0","0","",""
"11/5/2024 12:00:07 AM","0","0","0","0","0","0","0","0","0","0","0","0","0","0","0","0","0","0","",""
"11/6/2024 12:00:18 AM","0","0","0","0","0","0","0","0","0","0","0","0","0","0","0","0","0","0","",""
"11/7/2024 12:00:10 AM","0","0","0","0","0","0","0","0","0","0","0","0","0","0","0","0","0","0","",""
"11/8/2024 12:00:16 AM","0","0","0","0","0","0","0","0","0","0","0","0","0","0","0","0","0","0","",""
"11/9/2024 12:00:32 AM","0","0","0","0","0","0","0","0","0","0","0","0","0","0","0","0","0","0","",""
"11/10/2024 12:00:46 AM","0","0","0","0","0","0","0","0","0","0","0","0","0","0","0","0","0","0","",""
"11/11/2024 12:00:05 AM","0","0","0","0","0","0","0","0","0","0","0","0","0","0","0","0","0","0","",""
"11/12/2024 12:00:11 AM","0","0","0","0","0","0","0","0","0","0","0","0","0","0","0","0","0","0","",""
"11/13/2024 12:00:05 AM","0","0","0","0","0","0","0","0","0","0","0","0","0","0","0","0","0","0","",""
"11/14/2024 12:00:05 AM","0","0","0","0","0","0","0","0","0","0","0","0","0","0","0","0","0","0","",""
"11/15/2024 12:00:06 AM","0","0","0","0","0","0","0","0","0","0","0","0","0","0","0","0","0","0","",""
"2/10/2025 12:00:34 AM","0","0","0","0","0","0","0","0","0","0","0","0","0","0","0","0","0","0","",""
"2/11/2025 12:00:24 AM","0","0","0","0","0","0","0","0","0","0","0","0","0","0","0","0","0","0","",""
"2/12/2025 12:00:46 AM","0","0","0","0","0","0","0","0","0","0","0","0","0","0","0","0","0","0","",""
"2/13/2025 12:00:38 AM","0","0","0","0","0","0","0","0","0","0","0","0","0","0","0","0","0","0","",""
"2/14/2025 12:00:30 AM","0","0","0","0","0","0","0","0","0","0","0","0","0","0","0","0","0","0","",""
"2/15/2025 12:00:11 AM","0","0","0","0","0","0","0","0","0","0","0","0","0","0","0","0","0","0","",""
"2/16/2025 12:00:03 AM","0","0","0","0","0","0","0","0","0","0","0","0","0","0","0","0","0","0","",""
"2/17/2025 12:00:28 AM","0","0","0","0","0","0","0","0","0","0","0","0","0","0","0","0","0","0","",""
"2/18/2025 12:00:13 AM","0","0","0","0","0","0","0","0","0","0","0","0","0","0","0","0","0","0","",""
"2/19/2025 12:00:41 AM","0","0","0","0","0","0","0","0","0","0","0","0","0","0","0","0","0","0","",""
"2/20/2025 12:00:03 AM","0","0","0","0","0","0","0","0","0","0","0","0","0","0","0","0","0","0","",""
"2/21/2025 12:00:20 AM","0","0","0","0","0","0","0","0","0","0","0","0","0","0","0","0","0","0","",""
"2/22/2025 12:00:15 AM","0","0","0","0","0","0","0","0","0","0","0","0","0","0","0","0","0","0","",""
"2/23/2025 12:00:21 AM","0","0","0","0","0","0","0","0","0","0","0","0","0","0","0","0","0","0","",""
"2/24/2025 12:00:21 AM","0","0","0","0","0","0","0","0","0","0","0","0","0","0","0","0","0","0","",""
"2/25/2025 12:00:06 AM","0","0","0","0","0","0","0","0","0","0","0","0","0","0","0","0","0","0","",""
"2/26/2025 12:00:11 AM","0","0","0","0","0","0","0","0","0","0","0","0","0","0","0","0","0","0","",""
"2/27/2025 12:00:01 AM","0","0","0","0","0","0","0","0","0","0","0","0","0","0","0","0","0","0","",""
"2/28/2025 12:00:32 AM","0","0","0","0","0","0","0","0","0","0","0","0","0","0","0","0","0","0","",""
"3/1/2025 12:00:16 AM","0","0","0","0","0","0","0","0","0","0","0","0","0","0","0","0","0","0","",""
"3/2/2025 12:00:26 AM","0","0","0","0","0","0","0","0","0","0","0","0","0","0","0","0","0","0","",""
"3/3/2025 12:00:21 AM","0","0","0","0","0","0","0","0","0","0","0","0","0","0","0","0","0","0","",""
"3/4/2025 12:00:30 AM","0","0","0","0","0","0","0","0","0","0","0","0","0","0","0","0","0","0","",""
"3/5/2025 12:00:14 AM","0","0","0","0","0","0","0","0","0","0","0","0","0","0","0","0","0","0","",""
"3/6/2025 12:00:18 AM","0","0","0","0","0","0","0","0","0","0","0","0","0","0","0","0","0","0","",""
"3/7/2025 12:00:19 AM","0","0","0","0","0","0","0","0","0","0","0","0","0","0","0","0","0","0","",""
"3/8/2025 12:00:31 AM","0","0","0","0","0","0","0","0","0","0","0","0","0","0","0","0","0","0","",""
"3/9/2025 12:00:23 AM","0","0","0","0","0","0","0","0","0","0","0","0","0","0","0","0","0","0","",""
"3/10/2025 12:00:06 AM","0","0","0","0","0","0","0","0","0","0","0","0","0","0","0","0","0","0","",""
"3/11/2025 12:00:20 AM","0","0","0","0","0","0","0","0","0","0","0","0","0","0","0","0","0","0","",""
"3/12/2025 12:00:06 AM","0","0","0","0","0","0","0","0","0","0","0","0","0","0","0","0","0","0","",""
"3/13/2025 12:00:22 AM","0","0","0","0","0","0","0","0","0","0","0","0","0","0","0","0","0","0","",""
"3/14/2025 12:00:20 AM","0","0","0","0","0","0","0","0","0","0","0","0","0","0","0","0","0","0","",""
"3/15/2025 12:00:19 AM","0","0","0","0","0","0","0","0","0","0","0","0","0","0","0","0","0","0","",""
"3/16/2025 12:00:28 AM","0","0","0","0","0","0","0","0","0","0","0","0","0","0","0","0","0","0","",""
"3/17/2025 12:00:21 AM","0","0","0","0","0","0","0","0","0","0","0","0","0","0","0","0","0","0","",""
"3/18/2025 12:00:04 AM","0","0","0","0","0","0","0","0","0","0","0","0","0","0","0","0","0","0","",""
"3/19/2025 12:00:21 AM","0","0","0","0","0","0","0","0","0","0","0","0","0","0","0","0","0","0","",""
"3/20/2025 12:00:20 AM","0","0","0","0","0","0","0","0","0","0","0","0","0","0","0","0","0","0","",""
"3/21/2025 12:00:10 AM","0","0","0","0","0","0","0","0","0","0","0","0","0","0","0","0","0","0","",""
"3/22/2025 12:00:19 AM","0","0","0","0","0","0","0","0","0","0","0","0","0","0","0","0","0","0","",""
"3/23/2025 12:00:11 AM","0","0","0","0","0","0","0","0","0","0","0","0","0","0","0","0","0","0","",""
"3/24/2025 12:00:32 AM","0","0","0","0","0","0","0","0","0","0","0","0","0","0","0","0","0","0","",""
"9/24/2022 12:00:36 AM","0","0","0","0","0","0","0","0","0","0","0","0","0","0","0","0","0","0","",""
"9/25/2022 12:01:18 AM","0","0","0","0","0","0","0","0","0","0","0","0","0","0","0","0","0","0","",""
"9/26/2022 12:00:57 AM","0","0","0","0","0","0","0","0","0","0","0","0","0","0","0","0","0","0","",""
"9/27/2022 12:01:12 AM","0","0","0","0","0","0","0","0","0","0","0","0","0","0","0","0","0","0","",""
"9/28/2022 12:01:19 AM","0","0","0","0","0","0","0","0","0","0","0","0","0","0","0","0","0","0","",""
"9/29/2022 12:00:55 AM","0","0","0","0","0","0","0","0","0","0","0","0","0","0","0","0","0","0","",""
"9/30/2022 12:00:30 AM","0","0","0","0","0","0","0","0","0","0","0","0","0","0","0","0","0","0","",""
"10/1/2022 12:00:54 AM","0","0","0","0","0","0","0","0","0","0","0","0","0","0","0","0","0","0","",""
"10/2/2022 12:00:25 AM","0","0","0","0","0","0","0","0","0","0","0","0","0","0","0","0","0","0","",""
"10/3/2022 12:01:10 AM","0","0","0","0","0","0","0","0","0","0","0","0","0","0","0","0","0","0","",""
"10/4/2022 12:00:27 AM","0","0","0","0","0","0","0","0","0","0","0","0","0","0","0","0","0","0","",""
"10/5/2022 12:01:17 AM","0","0","0","0","0","0","0","0","0","0","0","0","0","0","0","0","0","0","",""
"10/6/2022 12:00:34 AM","0","0","0","0","0","0","0","0","0","0","0","0","0","0","0","0","0","0","",""
"10/7/2022 12:01:01 AM","0","0","0","0","0","0","0","0","0","0","0","0","0","0","0","0","0","0","",""
"10/8/2022 12:01:00 AM","0","0","0","0","0","0","0","0","0","0","0","0","0","0","0","0","0","0","",""
"10/9/2022 12:01:20 AM","0","0","0","0","0","0","0","0","0","0","0","0","0","0","0","0","0","0","",""
"10/10/2022 12:01:16 AM","0","0","0","0","0","0","0","0","0","0","0","0","0","0","0","0","0","0","",""
"10/11/2022 12:00:31 AM","0","0","0","0","0","0","0","0","0","0","0","0","0","0","0","0","0","0","",""
"10/12/2022 12:00:54 AM","0","0","0","0","0","0","0","0","0","0","0","0","0","0","0","0","0","0","",""
"10/13/2022 12:01:31 AM","0","0","0","0","0","0","0","0","0","0","0","0","0","0","0","0","0","0","",""
"10/14/2022 12:00:56 AM","0","0","0","0","0","0","0","0","0","0","0","0","0","0","0","0","0","0","",""
"10/15/2022 12:01:02 AM","0","0","0","0","0","0","0","0","0","0","0","0","0","0","0","0","0","0","",""
"10/16/2022 12:01:04 AM","0","0","0","0","0","0","0","0","0","0","0","0","0","0","0","0","0","0","",""
"10/17/2022 12:01:01 AM","0","0","0","0","0","0","0","0","0","0","0","0","0","0","0","0","0","0","",""
"10/18/2022 12:00:54 AM","0","0","0","0","0","0","0","0","0","0","0","0","0","0","0","0","0","0","",""
"10/19/2022 12:01:01 AM","0","0","0","0","0","0","0","0","0","0","0","0","0","0","0","0","0","0","",""
"10/20/2022 12:00:51 AM","0","0","0","0","0","0","0","0","0","0","0","0","0","0","0","0","0","0","",""
"10/21/2022 12:00:39 AM","0","0","0","0","0","0","0","0","0","0","0","0","0","0","0","0","0","0","",""
"10/22/2022 12:00:58 AM","0","0","0","0","0","0","0","0","0","0","0","0","0","0","0","0","0","0","",""
"10/23/2022 12:01:58 AM","0","0","0","0","0","0","0","0","0","0","0","0","0","0","0","0","0","0","",""
"10/24/2022 12:01:44 AM","0","0","0","0","0","0","0","0","0","0","0","0","0","0","0","0","0","0","",""
"10/25/2022 12:00:51 AM","0","0","0","0","0","0","0","0","0","0","0","0","0","0","0","0","0","0","",""
"10/26/2022 12:00:50 AM","0","0","0","0","0","0","0","0","0","0","0","0","0","0","0","0","0","0","",""
"10/27/2022 12:01:09 AM","0","0","0","0","0","0","0","0","0","0","0","0","0","0","0","0","0","0","",""
"10/28/2022 12:00:55 AM","0","0","0","0","0","0","0","0","0","0","0","0","0","0","0","0","0","0","",""
"10/29/2022 12:00:19 AM","0","0","0","0","0","0","0","0","0","0","0","0","0","0","0","0","0","0","",""
"10/30/2022 12:00:55 AM","0","0","0","0","0","0","0","0","0","0","0","0","0","0","0","0","0","0","",""
"10/31/2022 12:00:19 AM","0","0","0","0","0","0","0","0","0","0","0","0","0","0","0","0","0","0","",""
"11/1/2022 12:00:56 AM","0","0","0","0","0","0","0","0","0","0","0","0","0","0","0","0","0","0","",""
"11/2/2022 12:00:59 AM","0","0","0","0","0","0","0","0","0","0","0","0","0","0","0","0","0","0","",""
"11/3/2022 12:01:22 AM","0","0","0","0","0","0","0","0","0","0","0","0","0","0","0","0","0","0","",""
"11/4/2022 12:00:52 AM","0","0","0","0","0","0","0","0","0","0","0","0","0","0","0","0","0","0","",""
"11/5/2022 12:00:41 AM","0","0","0","0","0","0","0","0","0","0","0","0","0","0","0","0","0","0","",""
"3/25/2025 12:00:26 AM","0","0","0","0","0","0","0","0","0","0","0","0","0","0","0","0","0","0","",""
"3/26/2025 12:00:31 AM","0","0","0","0","0","0","0","0","0","0","0","0","0","0","0","0","0","0","",""
"3/27/2025 12:00:19 AM","0","0","0","0","0","0","0","0","0","0","0","0","0","0","0","0","0","0","",""
"3/28/2025 12:00:10 AM","0","0","0","0","0","0","0","0","0","0","0","0","0","0","0","0","0","0","",""
"3/29/2025 12:00:05 AM","0","0","0","0","0","0","0","0","0","0","0","0","0","0","0","0","0","0","",""
"3/30/2025 12:00:18 AM","0","0","0","0","0","0","0","0","0","0","0","0","0","0","0","0","0","0","",""
"3/31/2025 12:00:20 AM","0","0","0","0","0","0","0","0","0","0","0","0","0","0","0","0","0","0","",""
"4/1/2025 12:00:30 AM","0","0","0","0","0","0","0","0","0","0","0","0","0","0","0","0","0","0","",""
"4/2/2025 12:00:18 AM","0","0","0","0","0","0","0","0","0","0","0","0","0","0","0","0","0","0","",""
"4/3/2025 12:00:25 AM","0","0","0","0","0","0","0","0","0","0","0","0","0","0","0","0","0","0","",""
"4/4/2025 12:00:05 AM","0","0","0","0","0","0","0","0","0","0","0","0","0","0","0","0","0","0","",""
"4/5/2025 12:00:35 AM","0","0","0","0","0","0","0","0","0","0","0","0","0","0","0","0","0","0","",""
"4/6/2025 12:00:09 AM","0","0","0","0","0","0","0","0","0","0","0","0","0","0","0","0","0","0","",""
"4/7/2025 12:00:17 AM","0","0","0","0","0","0","0","0","0","0","0","0","0","0","0","0","0","0","",""
"4/8/2025 12:00:37 AM","0","0","0","0","0","0","0","0","0","0","0","0","0","0","0","0","0","0","",""
"4/9/2025 12:00:18 AM","0","0","0","0","0","0","0","0","0","0","0","0","0","0","0","0","0","0","",""
"4/10/2025 12:00:27 AM","0","0","0","0","0","0","0","0","0","0","0","0","0","0","0","0","0","0","",""
"4/11/2025 12:00:09 AM","0","0","0","0","0","0","0","0","0","0","0","0","0","0","0","0","0","0","",""
"4/12/2025 12:00:07 AM","0","0","0","0","0","0","0","0","0","0","0","0","0","0","0","0","0","0","",""
"4/13/2025 12:00:12 AM","0","0","0","0","0","0","0","0","0","0","0","0","0","0","0","0","0","0","",""
"4/14/2025 12:00:33 AM","0","0","0","0","0","0","0","0","0","0","0","0","0","0","0","0","0","0","",""
"4/15/2025 12:00:19 AM","0","0","0","0","0","0","0","0","0","0","0","0","0","0","0","0","0","0","",""
"4/16/2025 12:00:39 AM","0","0","0","0","0","0","0","0","0","0","0","0","0","0","0","0","0","0","",""
"4/17/2025 12:00:13 AM","0","0","0","0","0","0","0","0","0","0","0","0","0","0","0","0","0","0","",""
"4/18/2025 12:00:05 AM","0","0","0","0","0","0","0","0","0","0","0","0","0","0","0","0","0","0","",""
"4/19/2025 12:00:16 AM","0","0","0","0","0","0","0","0","0","0","0","0","0","0","0","0","0","0","",""
"4/20/2025 12:00:16 AM","0","0","0","0","0","0","0","0","0","0","0","0","0","0","0","0","0","0","",""
"4/21/2025 12:00:33 AM","0","0","0","0","0","0","0","0","0","0","0","0","0","0","0","0","0","0","",""
"4/22/2025 12:00:11 AM","0","0","0","0","0","0","0","0","0","0","0","0","0","0","0","0","0","0","",""
"4/23/2025 12:00:21 AM","0","0","0","0","0","0","0","0","0","0","0","0","0","0","0","0","0","0","",""
"4/24/2025 12:00:24 AM","0","0","0","0","0","0","0","0","0","0","0","0","0","0","0","0","0","0","",""
"4/25/2025 12:00:24 AM","0","0","0","0","0","0","0","0","0","0","0","0","0","0","0","0","0","0","",""
"4/26/2025 12:00:04 AM","0","0","0","0","0","0","0","0","0","0","0","0","0","0","0","0","0","0","",""
"4/27/2025 12:00:22 AM","0","0","0","0","0","0","0","0","0","0","0","0","0","0","0","0","0","0","",""
"4/28/2025 12:00:37 AM","0","0","0","0","0","0","0","0","0","0","0","0","0","0","0","0","0","0","",""
"4/29/2025 12:00:08 AM","0","0","0","0","0","0","0","0","0","0","0","0","0","0","0","0","0","0","",""
"4/30/2025 12:00:23 AM","0","0","0","0","0","0","0","0","0","0","0","0","0","0","0","0","0","0","",""
"5/1/2025 12:00:24 AM","0","0","0","0","0","0","0","0","0","0","0","0","0","0","0","0","0","0","",""
"5/2/2025 12:00:08 AM","0","0","0","0","0","0","0","0","0","0","0","0","0","0","0","0","0","0","",""
"5/3/2025 12:00:33 AM","0","0","0","0","0","0","0","0","0","0","0","0","0","0","0","0","0","0","",""
"5/4/2025 12:00:32 AM","0","0","0","0","0","0","0","0","0","0","0","0","0","0","0","0","0","0","",""
"5/5/2025 12:00:16 AM","0","0","0","0","0","0","0","0","0","0","0","0","0","0","0","0","0","0","",""
"5/6/2025 12:00:12 AM","0","0","0","0","0","0","0","0","0","0","0","0","0","0","0","0","0","0","",""
"9/14/2025 12:00:11 AM","0","0","0","0","0","0","0","0","0","0","0","0","0","0","0","0","0","0","",""
"9/15/2025 12:00:17 AM","0","0","0","0","0","0","0","0","0","0","0","0","0","0","0","0","0","0","",""
"9/16/2025 12:00:13 AM","0","0","0","0","0","0","0","0","0","0","0","0","0","0","0","0","0","0","",""
"9/17/2025 12:00:26 AM","0","0","0","0","0","0","0","0","0","0","0","0","0","0","0","0","0","0","",""
"9/18/2025 12:00:26 AM","0","0","0","0","0","0","0","0","0","0","0","0","0","0","0","0","0","0","",""
"9/19/2025 12:00:11 AM","0","0","0","0","0","0","0","0","0","0","0","0","0","0","0","0","0","0","",""
"9/20/2025 12:00:26 AM","0","0","0","0","0","0","0","0","0","0","0","0","0","0","0","0","0","0","",""
"9/21/2025 12:00:04 AM","0","0","0","0","0","0","0","0","0","0","0","0","0","0","0","0","0","0","",""
"9/22/2025 12:00:20 AM","0","0","0","0","0","0","0","0","0","0","0","0","0","0","0","0","0","0","",""
"9/23/2025 12:00:18 AM","0","0","0","0","0","0","0","0","0","0","0","0","0","0","0","0","0","0","",""
"9/24/2025 12:00:30 AM","0","0","0","0","0","0","0","0","0","0","0","0","0","0","0","0","0","0","",""
"9/25/2025 12:00:22 AM","0","0","0","0","0","0","0","0","0","0","0","0","0","0","0","0","0","0","",""
"9/26/2025 12:00:18 AM","0","0","0","0","0","0","0","0","0","0","0","0","0","0","0","0","0","0","",""
"9/27/2025 12:00:26 AM","0","0","0","0","0","0","0","0","0","0","0","0","0","0","0","0","0","0","",""
"9/28/2025 12:00:25 AM","0","0","0","0","0","0","0","0","0","0","0","0","0","0","0","0","0","0","",""
"9/29/2025 12:00:04 AM","0","0","0","0","0","0","0","0","0","0","0","0","0","0","0","0","0","0","",""
"9/30/2025 12:00:15 AM","0","0","0","0","0","0","0","0","0","0","0","0","0","0","0","0","0","0","",""
"10/1/2025 12:00:39 AM","0","0","0","0","0","0","0","0","0","0","0","0","0","0","0","0","0","0","",""
"10/2/2025 12:00:03 AM","0","0","0","0","0","0","0","0","0","0","0","0","0","0","0","0","0","0","",""
"10/3/2025 12:00:17 AM","0","0","0","0","0","0","0","0","0","0","0","0","0","0","0","0","0","0","",""
"10/4/2025 12:00:30 AM","0","0","0","0","0","0","0","0","0","0","0","0","0","0","0","0","0","0","",""
"10/5/2025 12:00:11 AM","0","0","0","0","0","0","0","0","0","0","0","0","0","0","0","0","0","0","",""
"10/6/2025 12:00:23 AM","0","0","0","0","0","0","0","0","0","0","0","0","0","0","0","0","0","0","",""
"10/7/2025 12:00:31 AM","0","0","0","0","0","0","0","0","0","0","0","0","0","0","0","0","0","0","",""
"10/8/2025 12:00:23 AM","0","0","0","0","0","0","0","0","0","0","0","0","0","0","0","0","0","0","",""
"10/9/2025 12:00:21 AM","0","0","0","0","0","0","0","0","0","0","0","0","0","0","0","0","0","0","",""
"10/10/2025 12:00:03 AM","0","0","0","0","0","0","0","0","0","0","0","0","0","0","0","0","0","0","",""
"10/11/2025 12:00:23 AM","0","0","0","0","0","0","0","0","0","0","0","0","0","0","0","0","0","0","",""
"10/12/2025 12:00:06 AM","0","0","0","0","0","0","0","0","0","0","0","0","0","0","0","0","0","0","",""
"10/13/2025 12:00:13 AM","0","0","0","0","0","0","0","0","0","0","0","0","0","0","0","0","0","0","",""
"10/14/2025 12:00:28 AM","0","0","0","0","0","0","0","0","0","0","0","0","0","0","0","0","0","0","",""
"10/15/2025 12:00:29 AM","0","0","0","0","0","0","0","0","0","0","0","0","0","0","0","0","0","0","",""
"10/16/2025 12:00:33 AM","0","0","0","0","0","0","0","0","0","0","0","0","0","0","0","0","0","0","",""
"10/17/2025 12:00:05 AM","0","0","0","0","0","0","0","0","0","0","0","0","0","0","0","0","0","0","",""
"10/18/2025 12:00:05 AM","0","0","0","0","0","0","0","0","0","0","0","0","0","0","0","0","0","0","",""
"10/19/2025 12:00:04 AM","0","0","0","0","0","0","0","0","0","0","0","0","0","0","0","0","0","0","",""
"10/20/2025 12:00:28 AM","0","0","0","0","0","0","0","0","0","0","0","0","0","0","0","0","0","0","",""
"10/21/2025 12:00:30 AM","0","0","0","0","0","0","0","0","0","0","0","0","0","0","0","0","0","0","",""
"10/22/2025 12:00:30 AM","0","0","0","0","0","0","0","0","0","0","0","0","0","0","0","0","0","0","",""
"10/23/2025 12:00:30 AM","0","0","0","0","0","0","0","0","0","0","0","0","0","0","0","0","0","0","",""
"10/24/2025 12:00:18 AM","0","0","0","0","0","0","0","0","0","0","0","0","0","0","0","0","0","0","",""
"10/25/2025 12:00:15 AM","0","0","0","0","0","0","0","0","0","0","0","0","0","0","0","0","0","0","",""
"10/26/2025 12:00:14 AM","0","0","0","0","0","0","0","0","0","0","0","0","0","0","0","0","0","0","",""
"10/27/2025 12:00:13 AM","0","0","0","0","0","0","0","0","0","0","0","0","0","0","0","0","0","0","",""
"10/28/2025 12:00:19 AM","0","0","0","0","0","0","0","0","0","0","0","0","0","0","0","0","0","0","",""
"10/29/2025 12:00:20 AM","0","0","0","0","0","0","0","0","0","0","0","0","0","0","0","0","0","0","",""
"10/30/2025 12:00:18 AM","0","0","0","0","0","0","0","0","0","0","0","0","0","0","0","0","0","0","",""
"10/31/2025 12:00:36 AM","0","0","0","0","0","0","0","0","0","0","0","0","0","0","0","0","0","0","",""
"11/1/2025 12:00:20 AM","0","0","0","0","0","0","0","0","0","0","0","0","0","0","0","0","0","0","",""
"11/2/2025 12:00:23 AM","0","0","0","0","0","0","0","0","0","0","0","0","0","0","0","0","0","0","",""
"11/3/2025 12:00:05 AM","0","0","0","0","0","0","0","0","0","0","0","0","0","0","0","0","0","0","",""
"11/4/2025 12:00:07 AM","0","0","0","0","0","0","0","0","0","0","0","0","0","0","0","0","0","0","",""
"11/5/2025 12:00:22 AM","0","0","0","0","0","0","0","0","0","0","0","0","0","0","0","0","0","0","",""
"11/6/2025 12:00:07 AM","0","0","0","0","0","0","0","0","0","0","0","0","0","0","0","0","0","0","",""
"11/7/2025 12:00:06 AM","0","0","0","0","0","0","0","0","0","0","0","0","0","0","0","0","0","0","",""
"11/8/2025 12:00:23 AM","0","0","0","0","0","0","0","0","0","0","0","0","0","0","0","0","0","0","",""
"11/9/2025 12:00:26 AM","0","0","0","0","0","0","0","0","0","0","0","0","0","0","0","0","0","0","",""
"11/10/2025 12:00:16 AM","0","0","0","0","0","0","0","0","0","0","0","0","0","0","0","0","0","0","",""
"11/11/2025 12:00:06 AM","0","0","0","0","0","0","0","0","0","0","0","0","0","0","0","0","0","0","",""
"11/12/2025 12:00:06 AM","0","0","0","0","0","0","0","0","0","0","0","0","0","0","0","0","0","0","",""
"11/13/2025","0","0","0","0","0","0","0","0","0","0","0","0","0","0","0","0","0","0","",""
"11/14/2025 12:00:16 AM","0","0","0","0","0","0","0","0","0","0","0","0","0","0","0","0","0","0","",""
"11/15/2025 12:00:18 AM","0","0","0","0","0","0","0","0","0","0","0","0","0","0","0","0","0","0","",""
"11/16/2025 12:00:09 AM","0","0","0","0","0","0","0","0","0","0","0","0","0","0","0","0","0","0","",""
"11/17/2025 12:00:01 AM","0","0","0","0","0","0","0","0","0","0","0","0","0","0","0","0","0","0","",""
"11/18/2025 12:00:28 AM","0","0","0","0","0","0","0","0","0","0","0","0","0","0","0","0","0","0","",""
"11/19/2025 12:00:35 AM","0","0","0","0","0","0","0","0","0","0","0","0","0","0","0","0","0","0","",""
"11/20/2025 12:00:12 AM","0","0","0","0","0","0","0","0","0","0","0","0","0","0","0","0","0","0","",""
"11/21/2025 12:00:06 AM","0","0","0","0","0","0","0","0","0","0","0","0","0","0","0","0","0","0","",""
"11/22/2025 12:00:22 AM","0","0","0","0","0","0","0","0","0","0","0","0","0","0","0","0","0","0","",""
"11/23/2025 12:00:05 AM","0","0","0","0","0","0","0","0","0","0","0","0","0","0","0","0","0","0","",""
"11/24/2025 12:00:26 AM","0","0","0","0","0","0","0","0","0","0","0","0","0","0","0","0","0","0","",""
"11/25/2025 12:00:02 AM","0","0","0","0","0","0","0","0","0","0","0","0","0","0","0","0","0","0","",""
"11/26/2025 12:00:34 AM","0","0","0","0","0","0","0","0","0","0","0","0","0","0","0","0","0","0","",""
"11/27/2025 12:00:27 AM","0","0","0","0","0","0","0","0","0","0","0","0","0","0","0","0","0","0","",""
"11/28/2025 12:00:29 AM","0","0","0","0","0","0","0","0","0","0","0","0","0","0","0","0","0","0","",""
"11/29/2025 12:00:07 AM","0","0","0","0","0","0","0","0","0","0","0","0","0","0","0","0","0","0","",""
"11/30/2025 12:00:03 AM","0","0","0","0","0","0","0","0","0","0","0","0","0","0","0","0","0","0","",""
"12/1/2025 12:00:26 AM","0","0","0","0","0","0","0","0","0","0","0","0","0","0","0","0","0","0","",""
"12/2/2025 12:00:16 AM","0","0","0","0","0","0","0","0","0","0","0","0","0","0","0","0","0","0","",""
"12/3/2025 12:00:08 AM","0","0","0","0","0","0","0","0","0","0","0","0","0","0","0","0","0","0","",""
"12/4/2025","0","0","0","0","0","0","0","0","0","0","0","0","0","0","0","0","0","0","",""
"12/5/2025 12:00:32 AM","0","0","0","0","0","0","0","0","0","0","0","0","0","0","0","0","0","0","",""
"12/6/2025 12:00:33 AM","0","0","0","0","0","0","0","0","0","0","0","0","0","0","0","0","0","0","",""
"12/7/2025 12:00:30 AM","0","0","0","0","0","0","0","0","0","0","0","0","0","0","0","0","0","0","",""
"12/8/2025 12:00:09 AM","0","0","0","0","0","0","0","0","0","0","0","0","0","0","0","0","0","0","",""
"12/9/2025 12:00:27 AM","0","0","0","0","0","0","0","0","0","0","0","0","0","0","0","0","0","0","",""
"12/10/2025 12:00:08 AM","0","0","0","0","0","0","0","0","0","0","0","0","0","0","0","0","0","0","",""
"12/11/2025 12:00:08 AM","0","0","0","0","0","0","0","0","0","0","0","0","0","0","0","0","0","0","",""
"12/12/2025 12:00:15 AM","0","0","0","0","0","0","0","0","0","0","0","0","0","0","0","0","0","0","",""
"12/13/2025 12:00:17 AM","0","0","0","0","0","0","0","0","0","0","0","0","0","0","0","0","0","0","",""
"12/14/2025 12:00:32 AM","0","0","0","0","0","0","0","0","0","0","0","0","0","0","0","0","0","0","",""
"12/15/2025 12:00:15 AM","0","0","0","0","0","0","0","0","0","0","0","0","0","0","0","0","0","0","",""
"12/16/2025 12:00:30 AM","0","0","0","0","0","0","0","0","0","0","0","0","0","0","0","0","0","0","",""
"12/17/2025 12:00:03 AM","0","0","0","0","0","0","0","0","0","0","0","0","0","0","0","0","0","0","",""
"12/18/2025 12:00:27 AM","0","0","0","0","0","0","0","0","0","0","0","0","0","0","0","0","0","0","",""
"12/19/2025 12:00:25 AM","0","0","0","0","0","0","0","0","0","0","0","0","0","0","0","0","0","0","",""
"12/20/2025 12:00:14 AM","0","0","0","0","0","0","0","0","0","0","0","0","0","0","0","0","0","0","",""
"12/21/2025 12:00:03 AM","0","0","0","0","0","0","0","0","0","0","0","0","0","0","0","0","0","0","",""
"12/22/2025 12:00:15 AM","0","0","0","0","0","0","0","0","0","0","0","0","0","0","0","0","0","0","",""
"12/23/2025 12:00:28 AM","0","0","0","0","0","0","0","0","0","0","0","0","0","0","0","0","0","0","",""
"12/24/2025 12:00:11 AM","0","0","0","0","0","0","0","0","0","0","0","0","0","0","0","0","0","0","",""
"12/25/2025 12:00:05 AM","0","0","0","0","0","0","0","0","0","0","0","0","0","0","0","0","0","0","",""
"12/26/2025 12:00:27 AM","0","0","0","0","0","0","0","0","0","0","0","0","0","0","0","0","0","0","",""
"12/27/2025 12:00:07 AM","0","0","0","0","0","0","0","0","0","0","0","0","0","0","0","0","0","0","",""
"12/28/2025 12:00:17 AM","0","0","0","0","0","0","0","0","0","0","0","0","0","0","0","0","0","0","",""
"12/29/2025 12:00:23 AM","0","0","0","0","0","0","0","0","0","0","0","0","0","0","0","0","0","0","",""
"12/30/2025 12:00:07 AM","0","0","0","0","0","0","0","0","0","0","0","0","0","0","0","0","0","0","",""
"12/31/2025 12:00:26 AM","0","0","0","0","0","0","0","0","0","0","0","0","0","0","0","0","0","0","",""
"1/1/2026 12:00:07 AM","0","0","0","0","0","0","0","0","0","0","0","0","0","0","0","0","0","0","",""
"1/2/2026 12:00:08 AM","0","0","0","0","0","0","0","0","0","0","0","0","0","0","0","0","0","0","",""
"1/3/2026 12:00:24 AM","0","0","0","0","0","0","0","0","0","0","0","0","0","0","0","0","0","0","",""
"1/4/2026 12:00:41 AM","0","0","0","0","0","0","0","0","0","0","0","0","0","0","0","0","0","0","",""
"1/5/2026 12:00:18 AM","0","0","0","0","0","0","0","0","0","0","0","0","0","0","0","0","0","0","",""
"1/6/2026 12:00:14 AM","0","0","0","0","0","0","0","0","0","0","0","0","0","0","0","0","0","0","",""
"1/7/2026 12:00:38 AM","0","0","0","0","0","0","0","0","0","0","0","0","0","0","0","0","0","0","",""
"1/8/2026 12:00:08 AM","0","0","0","0","0","0","0","0","0","0","0","0","0","0","0","0","0","0","",""
"1/9/2026 12:00:11 AM","0","0","0","0","0","0","0","0","0","0","0","0","0","0","0","0","0","0","",""
"1/10/2026 12:00:35 AM","0","0","0","0","0","0","0","0","0","0","0","0","0","0","0","0","0","0","",""
"1/11/2026 12:00:24 AM","0","0","0","0","0","0","0","0","0","0","0","0","0","0","0","0","0","0","",""
"1/12/2026 12:00:14 AM","0","0","0","0","0","0","0","0","0","0","0","0","0","0","0","0","0","0","",""
"1/13/2026 12:00:24 AM","0","0","0","0","0","0","0","0","0","0","0","0","0","0","0","0","0","0","",""
"1/14/2026 12:00:09 AM","0","0","0","0","0","0","0","0","0","0","0","0","0","0","0","0","0","0","",""
"1/15/2026 12:00:18 AM","0","0","0","0","0","0","0","0","0","0","0","0","0","0","0","0","0","0","",""
"1/16/2026 12:00:06 AM","0","0","0","0","0","0","0","0","0","0","0","0","0","0","0","0","0","0","",""
"1/17/2026 12:00:17 AM","0","0","0","0","0","0","0","0","0","0","0","0","0","0","0","0","0","0","",""
"1/18/2026 12:00:19 AM","0","0","0","0","0","0","0","0","0","0","0","0","0","0","0","0","0","0","",""
"1/19/2026 12:00:27 AM","0","0","0","0","0","0","0","0","0","0","0","0","0","0","0","0","0","0","",""
"1/20/2026 12:00:12 AM","0","0","0","0","0","0","0","0","0","0","0","0","0","0","0","0","0","0","",""
"1/21/2026 12:00:11 AM","0","0","0","0","0","0","0","0","0","0","0","0","0","0","0","0","0","0","",""
"1/22/2026 12:00:18 AM","0","0","0","0","0","0","0","0","0","0","0","0","0","0","0","0","0","0","",""
"1/23/2026 12:00:15 AM","0","0","0","0","0","0","0","0","0","0","0","0","0","0","0","0","0","0","",""
"1/24/2026 12:00:08 AM","0","0","0","0","0","0","0","0","0","0","0","0","0","0","0","0","0","0","",""
"1/25/2026 12:00:05 AM","0","0","0","0","0","0","0","0","0","0","0","0","0","0","0","0","0","0","",""
"1/26/2026 12:00:29 AM","0","0","0","0","0","0","0","0","0","0","0","0","0","0","0","0","0","0","",""
"1/27/2026 12:00:08 AM","0","0","0","0","0","0","0","0","0","0","0","0","0","0","0","0","0","0","",""
"1/28/2026 12:00:03 AM","0","0","0","0","0","0","0","0","0","0","0","0","0","0","0","0","0","0","",""
"1/29/2026 12:00:27 AM","0","0","0","0","0","0","0","0","0","0","0","0","0","0","0","0","0","0","",""
"1/30/2026 12:00:24 AM","0","0","0","0","0","0","0","0","0","0","0","0","0","0","0","0","0","0","",""
"1/31/2026 12:00:19 AM","0","0","0","0","0","0","0","0","0","0","0","0","0","0","0","0","0","0","",""
"2/1/2026 12:00:26 AM","0","0","0","0","0","0","0","0","0","0","0","0","0","0","0","0","0","0","",""
"2/2/2026 12:00:16 AM","0","0","0","0","0","0","0","0","0","0","0","0","0","0","0","0","0","0","",""
"2/3/2026 12:00:03 AM","0","0","0","0","0","0","0","0","0","0","0","0","0","0","0","0","0","0","",""
"2/4/2026 12:00:10 AM","0","0","0","0","0","0","0","0","0","0","0","0","0","0","0","0","0","0","",""
"2/5/2026 12:00:05 AM","0","0","0","0","0","0","0","0","0","0","0","0","0","0","0","0","0","0","",""
"2/6/2026 12:00:13 AM","0","0","0","0","0","0","0","0","0","0","0","0","0","0","0","0","0","0","",""
"2/7/2026 12:00:13 AM","0","0","0","0","0","0","0","0","0","0","0","0","0","0","0","0","0","0","",""
"2/8/2026 12:00:09 AM","0","0","0","0","0","0","0","0","0","0","0","0","0","0","0","0","0","0","",""
"2/9/2026 12:00:30 AM","0","0","0","0","0","0","0","0","0","0","0","0","0","0","0","0","0","0","",""
"2/10/2026 12:00:07 AM","0","0","0","0","0","0","0","0","0","0","0","0","0","0","0","0","0","0","",""
"2/11/2026 12:00:20 AM","0","0","0","0","0","0","0","0","0","0","0","0","0","0","0","0","0","0","",""
"2/12/2026 12:00:06 AM","0","0","0","0","0","0","0","0","0","0","0","0","0","0","0","0","0","0","",""
"2/13/2026 12:00:16 AM","0","0","0","0","0","0","0","0","0","0","0","0","0","0","0","0","0","0","",""
"2/14/2026 12:00:21 AM","0","0","0","0","0","0","0","0","0","0","0","0","0","0","0","0","0","0","",""
"2/15/2026 12:00:32 AM","0","0","0","0","0","0","0","0","0","0","0","0","0","0","0","0","0","0","",""
"2/16/2026 12:00:04 AM","0","0","0","0","0","0","0","0","0","0","0","0","0","0","0","0","0","0","",""
"2/17/2026 12:00:16 AM","0","0","0","0","0","0","0","0","0","0","0","0","0","0","0","0","0","0","",""
"2/18/2026 12:00:15 AM","0","0","0","0","0","0","0","0","0","0","0","0","0","0","0","0","0","0","",""
"2/19/2026 12:00:04 AM","0","0","0","0","0","0","0","0","0","0","0","0","0","0","0","0","0","0","",""
"2/20/2026 12:00:10 AM","0","0","0","0","0","0","0","0","0","0","0","0","0","0","0","0","0","0","",""
"2/21/2026 12:00:09 AM","0","0","0","0","0","0","0","0","0","0","0","0","0","0","0","0","0","0","",""
"2/22/2026 12:00:30 AM","0","0","0","0","0","0","0","0","0","0","0","0","0","0","0","0","0","0","",""
"2/23/2026 12:00:28 AM","0","0","0","0","0","0","0","0","0","0","0","0","0","0","0","0","0","0","",""
"2/24/2026 12:00:18 AM","0","0","0","0","0","0","0","0","0","0","0","0","0","0","0","0","0","0","",""
"2/25/2026 12:00:21 AM","0","0","0","0","0","0","0","0","0","0","0","0","0","0","0","0","0","0","",""
"2/26/2026 12:00:11 AM","0","0","0","0","0","0","0","0","0","0","0","0","0","0","0","0","0","0","",""
"2/27/2026 12:00:18 AM","0","0","0","0","0","0","0","0","0","0","0","0","0","0","0","0","0","0","",""
"2/28/2026 12:00:25 AM","0","0","0","0","0","0","0","0","0","0","0","0","0","0","0","0","0","0","",""
"3/1/2026 12:00:21 AM","0","0","0","0","0","0","0","0","0","0","0","0","0","0","0","0","0","0","",""
"3/2/2026 12:00:24 AM","0","0","0","0","0","0","0","0","0","0","0","0","0","0","0","0","0","0","",""
"3/3/2026 12:00:16 AM","0","0","0","0","0","0","0","0","0","0","0","0","0","0","0","0","0","0","",""
"3/4/2026 12:00:30 AM","0","0","0","0","0","0","0","0","0","0","0","0","0","0","0","0","0","0","",""
"5/28/2024 12:00:09 AM","0","0","0","0","0","0","0","0","0","0","0","0","0","0","0","0","0","0","",""
"5/29/2024 12:00:25 AM","0","0","0","0","0","0","0","0","0","0","0","0","0","0","0","0","0","0","",""
"5/30/2024 12:00:16 AM","0","0","0","0","0","0","0","0","0","0","0","0","0","0","0","0","0","0","",""
"5/31/2024 12:00:10 AM","0","0","0","0","0","0","0","0","0","0","0","0","0","0","0","0","0","0","",""
"6/1/2024 12:00:25 AM","0","0","0","0","0","0","0","0","0","0","0","0","0","0","0","0","0","0","",""
"6/2/2024 12:00:20 AM","0","0","0","0","0","0","0","0","0","0","0","0","0","0","0","0","0","0","",""
"6/3/2024 12:00:17 AM","0","0","0","0","0","0","0","0","0","0","0","0","0","0","0","0","0","0","",""
"6/4/2024 12:00:35 AM","0","0","0","0","0","0","0","0","0","0","0","0","0","0","0","0","0","0","",""
"6/5/2024 12:00:20 AM","0","0","0","0","0","0","0","0","0","0","0","0","0","0","0","0","0","0","",""
"6/6/2024 12:00:14 AM","0","0","0","0","0","0","0","0","0","0","0","0","0","0","0","0","0","0","",""
"6/7/2024 12:00:14 AM","0","0","0","0","0","0","0","0","0","0","0","0","0","0","0","0","0","0","",""
"6/8/2024 12:00:10 AM","0","0","0","0","0","0","0","0","0","0","0","0","0","0","0","0","0","0","",""
"6/9/2024 12:00:39 AM","0","0","0","0","0","0","0","0","0","0","0","0","0","0","0","0","0","0","",""
"6/10/2024 12:00:17 AM","0","0","0","0","0","0","0","0","0","0","0","0","0","0","0","0","0","0","",""
"6/11/2024 12:00:07 AM","0","0","0","0","0","0","0","0","0","0","0","0","0","0","0","0","0","0","",""
"6/12/2024 12:00:31 AM","0","0","0","0","0","0","0","0","0","0","0","0","0","0","0","0","0","0","",""
"6/13/2024 12:00:20 AM","0","0","0","0","0","0","0","0","0","0","0","0","0","0","0","0","0","0","",""
"6/14/2024 12:00:08 AM","0","0","0","0","0","0","0","0","0","0","0","0","0","0","0","0","0","0","",""
"6/15/2024 12:00:09 AM","0","0","0","0","0","0","0","0","0","0","0","0","0","0","0","0","0","0","",""
"6/16/2024 12:00:26 AM","0","0","0","0","0","0","0","0","0","0","0","0","0","0","0","0","0","0","",""
"6/17/2024 12:00:09 AM","0","0","0","0","0","0","0","0","0","0","0","0","0","0","0","0","0","0","",""
"6/18/2024 12:00:05 AM","0","0","0","0","0","0","0","0","0","0","0","0","0","0","0","0","0","0","",""
"6/19/2024 12:00:15 AM","0","0","0","0","0","0","0","0","0","0","0","0","0","0","0","0","0","0","",""
"6/20/2024 12:00:20 AM","0","0","0","0","0","0","0","0","0","0","0","0","0","0","0","0","0","0","",""
"6/21/2024 12:00:25 AM","0","0","0","0","0","0","0","0","0","0","0","0","0","0","0","0","0","0","",""
"6/22/2024 12:00:38 AM","0","0","0","0","0","0","0","0","0","0","0","0","0","0","0","0","0","0","",""
"6/23/2024 12:00:13 AM","0","0","0","0","0","0","0","0","0","0","0","0","0","0","0","0","0","0","",""
"6/24/2024 12:00:29 AM","0","0","0","0","0","0","0","0","0","0","0","0","0","0","0","0","0","0","",""
"6/25/2024 12:00:10 AM","0","0","0","0","0","0","0","0","0","0","0","0","0","0","0","0","0","0","",""
"6/26/2024 12:00:21 AM","0","0","0","0","0","0","0","0","0","0","0","0","0","0","0","0","0","0","",""
"6/27/2024 12:00:20 AM","0","0","0","0","0","0","0","0","0","0","0","0","0","0","0","0","0","0","",""
"6/28/2024 12:00:15 AM","0","0","0","0","0","0","0","0","0","0","0","0","0","0","0","0","0","0","",""
"6/29/2024 12:00:35 AM","0","0","0","0","0","0","0","0","0","0","0","0","0","0","0","0","0","0","",""
"6/30/2024 12:00:03 AM","0","0","0","0","0","0","0","0","0","0","0","0","0","0","0","0","0","0","",""
"7/1/2024 12:00:38 AM","0","0","0","0","0","0","0","0","0","0","0","0","0","0","0","0","0","0","",""
"7/2/2024 12:00:16 AM","0","0","0","0","0","0","0","0","0","0","0","0","0","0","0","0","0","0","",""
"7/3/2024 12:00:03 AM","0","0","0","0","0","0","0","0","0","0","0","0","0","0","0","0","0","0","",""
"7/4/2024 12:00:28 AM","0","0","0","0","0","0","0","0","0","0","0","0","0","0","0","0","0","0","",""
"7/5/2024 12:00:18 AM","0","0","0","0","0","0","0","0","0","0","0","0","0","0","0","0","0","0","",""
"7/6/2024 12:00:06 AM","0","0","0","0","0","0","0","0","0","0","0","0","0","0","0","0","0","0","",""
"7/7/2024 12:00:23 AM","0","0","0","0","0","0","0","0","0","0","0","0","0","0","0","0","0","0","",""
"7/8/2024 12:00:31 AM","0","0","0","0","0","0","0","0","0","0","0","0","0","0","0","0","0","0","",""
"7/9/2024 12:00:01 AM","0","0","0","0","0","0","0","0","0","0","0","0","0","0","0","0","0","0","",""
"11/16/2024 12:00:33 AM","0","0","0","0","0","0","0","0","0","0","0","0","0","0","0","0","0","0","",""
"11/17/2024 12:00:28 AM","0","0","0","0","0","0","0","0","0","0","0","0","0","0","0","0","0","0","",""
"11/18/2024 12:00:04 AM","0","0","0","0","0","0","0","0","0","0","0","0","0","0","0","0","0","0","",""
"11/19/2024 12:00:24 AM","0","0","0","0","0","0","0","0","0","0","0","0","0","0","0","0","0","0","",""
"11/20/2024 12:00:26 AM","0","0","0","0","0","0","0","0","0","0","0","0","0","0","0","0","0","0","",""
"11/21/2024 12:00:24 AM","0","0","0","0","0","0","0","0","0","0","0","0","0","0","0","0","0","0","",""
"11/22/2024 12:00:13 AM","0","0","0","0","0","0","0","0","0","0","0","0","0","0","0","0","0","0","",""
"11/23/2024 12:00:36 AM","0","0","0","0","0","0","0","0","0","0","0","0","0","0","0","0","0","0","",""
"11/24/2024 12:00:27 AM","0","0","0","0","0","0","0","0","0","0","0","0","0","0","0","0","0","0","",""
"11/25/2024 12:00:01 AM","0","0","0","0","0","0","0","0","0","0","0","0","0","0","0","0","0","0","",""
"11/26/2024 12:00:19 AM","0","0","0","0","0","0","0","0","0","0","0","0","0","0","0","0","0","0","",""
"11/27/2024 12:00:21 AM","0","0","0","0","0","0","0","0","0","0","0","0","0","0","0","0","0","0","",""
"11/28/2024 12:00:12 AM","0","0","0","0","0","0","0","0","0","0","0","0","0","0","0","0","0","0","",""
"11/29/2024 12:00:20 AM","0","0","0","0","0","0","0","0","0","0","0","0","0","0","0","0","0","0","",""
"11/30/2024 12:00:12 AM","0","0","0","0","0","0","0","0","0","0","0","0","0","0","0","0","0","0","",""
"12/1/2024 12:00:40 AM","0","0","0","0","0","0","0","0","0","0","0","0","0","0","0","0","0","0","",""
"12/2/2024 12:00:28 AM","0","0","0","0","0","0","0","0","0","0","0","0","0","0","0","0","0","0","",""
"12/3/2024 12:00:01 AM","0","0","0","0","0","0","0","0","0","0","0","0","0","0","0","0","0","0","",""
"12/4/2024 12:00:30 AM","0","0","0","0","0","0","0","0","0","0","0","0","0","0","0","0","0","0","",""
"12/5/2024 12:00:12 AM","0","0","0","0","0","0","0","0","0","0","0","0","0","0","0","0","0","0","",""
"12/6/2024 12:00:31 AM","0","0","0","0","0","0","0","0","0","0","0","0","0","0","0","0","0","0","",""
"12/7/2024 12:00:25 AM","0","0","0","0","0","0","0","0","0","0","0","0","0","0","0","0","0","0","",""
"12/8/2024 12:00:32 AM","0","0","0","0","0","0","0","0","0","0","0","0","0","0","0","0","0","0","",""
"12/9/2024 12:00:30 AM","0","0","0","0","0","0","0","0","0","0","0","0","0","0","0","0","0","0","",""
"12/10/2024 12:00:23 AM","0","0","0","0","0","0","0","0","0","0","0","0","0","0","0","0","0","0","",""
"12/11/2024 12:00:27 AM","0","0","0","0","0","0","0","0","0","0","0","0","0","0","0","0","0","0","",""
"12/12/2024 12:00:06 AM","0","0","0","0","0","0","0","0","0","0","0","0","0","0","0","0","0","0","",""
"12/13/2024 12:00:08 AM","0","0","0","0","0","0","0","0","0","0","0","0","0","0","0","0","0","0","",""
"12/14/2024 12:00:24 AM","0","0","0","0","0","0","0","0","0","0","0","0","0","0","0","0","0","0","",""
"12/15/2024 12:00:16 AM","0","0","0","0","0","0","0","0","0","0","0","0","0","0","0","0","0","0","",""
"12/16/2024 12:00:18 AM","0","0","0","0","0","0","0","0","0","0","0","0","0","0","0","0","0","0","",""
"12/17/2024 12:00:08 AM","0","0","0","0","0","0","0","0","0","0","0","0","0","0","0","0","0","0","",""
"12/18/2024 12:00:19 AM","0","0","0","0","0","0","0","0","0","0","0","0","0","0","0","0","0","0","",""
"12/19/2024 12:00:15 AM","0","0","0","0","0","0","0","0","0","0","0","0","0","0","0","0","0","0","",""
"12/20/2024 12:00:35 AM","0","0","0","0","0","0","0","0","0","0","0","0","0","0","0","0","0","0","",""
"12/21/2024 12:00:22 AM","0","0","0","0","0","0","0","0","0","0","0","0","0","0","0","0","0","0","",""
"12/22/2024 12:00:17 AM","0","0","0","0","0","0","0","0","0","0","0","0","0","0","0","0","0","0","",""
"12/23/2024 12:00:22 AM","0","0","0","0","0","0","0","0","0","0","0","0","0","0","0","0","0","0","",""
"12/24/2024 12:00:40 AM","0","0","0","0","0","0","0","0","0","0","0","0","0","0","0","0","0","0","",""
"12/25/2024 12:00:38 AM","0","0","0","0","0","0","0","0","0","0","0","0","0","0","0","0","0","0","",""
"12/26/2024 12:00:33 AM","0","0","0","0","0","0","0","0","0","0","0","0","0","0","0","0","0","0","",""
"12/27/2024 12:00:19 AM","0","0","0","0","0","0","0","0","0","0","0","0","0","0","0","0","0","0","",""
"12/28/2024 12:00:26 AM","0","0","0","0","0","0","0","0","0","0","0","0","0","0","0","0","0","0","",""
"12/29/2024 12:00:16 AM","0","0","0","0","0","0","0","0","0","0","0","0","0","0","0","0","0","0","",""
"12/30/2024 12:00:16 AM","0","0","0","0","0","0","0","0","0","0","0","0","0","0","0","0","0","0","",""
"12/31/2024 12:00:11 AM","0","0","0","0","0","0","0","0","0","0","0","0","0","0","0","0","0","0","",""
"1/1/2025 12:00:14 AM","0","0","0","0","0","0","0","0","0","0","0","0","0","0","0","0","0","0","",""
"1/2/2025 12:00:15 AM","0","0","0","0","0","0","0","0","0","0","0","0","0","0","0","0","0","0","",""
"1/3/2025 12:00:10 AM","0","0","0","0","0","0","0","0","0","0","0","0","0","0","0","0","0","0","",""
"1/4/2025 12:00:20 AM","0","0","0","0","0","0","0","0","0","0","0","0","0","0","0","0","0","0","",""
"1/5/2025 12:00:20 AM","0","0","0","0","0","0","0","0","0","0","0","0","0","0","0","0","0","0","",""
"1/6/2025 12:00:21 AM","0","0","0","0","0","0","0","0","0","0","0","0","0","0","0","0","0","0","",""
"1/7/2025 12:00:06 AM","0","0","0","0","0","0","0","0","0","0","0","0","0","0","0","0","0","0","",""
"1/8/2025 12:00:03 AM","0","0","0","0","0","0","0","0","0","0","0","0","0","0","0","0","0","0","",""
"1/9/2025 12:00:28 AM","0","0","0","0","0","0","0","0","0","0","0","0","0","0","0","0","0","0","",""
"1/10/2025 12:00:41 AM","0","0","0","0","0","0","0","0","0","0","0","0","0","0","0","0","0","0","",""
"1/11/2025 12:00:30 AM","0","0","0","0","0","0","0","0","0","0","0","0","0","0","0","0","0","0","",""
"1/12/2025 12:00:17 AM","0","0","0","0","0","0","0","0","0","0","0","0","0","0","0","0","0","0","",""
"1/13/2025 12:00:25 AM","0","0","0","0","0","0","0","0","0","0","0","0","0","0","0","0","0","0","",""
"1/14/2025 12:00:24 AM","0","0","0","0","0","0","0","0","0","0","0","0","0","0","0","0","0","0","",""
"1/15/2025 12:00:19 AM","0","0","0","0","0","0","0","0","0","0","0","0","0","0","0","0","0","0","",""
"1/16/2025 12:00:17 AM","0","0","0","0","0","0","0","0","0","0","0","0","0","0","0","0","0","0","",""
"1/17/2025 12:00:35 AM","0","0","0","0","0","0","0","0","0","0","0","0","0","0","0","0","0","0","",""
"1/18/2025 12:00:24 AM","0","0","0","0","0","0","0","0","0","0","0","0","0","0","0","0","0","0","",""
"1/19/2025 12:00:18 AM","0","0","0","0","0","0","0","0","0","0","0","0","0","0","0","0","0","0","",""
"1/20/2025 12:00:12 AM","0","0","0","0","0","0","0","0","0","0","0","0","0","0","0","0","0","0","",""
"1/21/2025 12:00:17 AM","0","0","0","0","0","0","0","0","0","0","0","0","0","0","0","0","0","0","",""
"1/22/2025 12:00:28 AM","0","0","0","0","0","0","0","0","0","0","0","0","0","0","0","0","0","0","",""
"1/23/2025 12:00:40 AM","0","0","0","0","0","0","0","0","0","0","0","0","0","0","0","0","0","0","",""
"1/24/2025 12:00:07 AM","0","0","0","0","0","0","0","0","0","0","0","0","0","0","0","0","0","0","",""
"1/25/2025 12:00:26 AM","0","0","0","0","0","0","0","0","0","0","0","0","0","0","0","0","0","0","",""
"1/26/2025 12:00:10 AM","0","0","0","0","0","0","0","0","0","0","0","0","0","0","0","0","0","0","",""
"1/27/2025 12:00:04 AM","0","0","0","0","0","0","0","0","0","0","0","0","0","0","0","0","0","0","",""
"1/28/2025 12:00:21 AM","0","0","0","0","0","0","0","0","0","0","0","0","0","0","0","0","0","0","",""
"1/29/2025 12:00:42 AM","0","0","0","0","0","0","0","0","0","0","0","0","0","0","0","0","0","0","",""
"1/30/2025 12:00:19 AM","0","0","0","0","0","0","0","0","0","0","0","0","0","0","0","0","0","0","",""
"1/31/2025 12:00:08 AM","0","0","0","0","0","0","0","0","0","0","0","0","0","0","0","0","0","0","",""
"2/1/2025 12:00:24 AM","0","0","0","0","0","0","0","0","0","0","0","0","0","0","0","0","0","0","",""
"2/2/2025 12:00:30 AM","0","0","0","0","0","0","0","0","0","0","0","0","0","0","0","0","0","0","",""
"2/3/2025 12:00:10 AM","0","0","0","0","0","0","0","0","0","0","0","0","0","0","0","0","0","0","",""
"2/4/2025 12:00:18 AM","0","0","0","0","0","0","0","0","0","0","0","0","0","0","0","0","0","0","",""
"2/5/2025 12:00:25 AM","0","0","0","0","0","0","0","0","0","0","0","0","0","0","0","0","0","0","",""
"2/6/2025 12:00:10 AM","0","0","0","0","0","0","0","0","0","0","0","0","0","0","0","0","0","0","",""
"2/7/2025 12:00:27 AM","0","0","0","0","0","0","0","0","0","0","0","0","0","0","0","0","0","0","",""
"2/8/2025 12:00:32 AM","0","0","0","0","0","0","0","0","0","0","0","0","0","0","0","0","0","0","",""
"2/9/2025 12:00:03 AM","0","0","0","0","0","0","0","0","0","0","0","0","0","0","0","0","0","0","",""
"5/7/2025 12:00:26 AM","0","0","0","0","0","0","0","0","0","0","0","0","0","0","0","0","0","0","",""
"5/8/2025 12:00:20 AM","0","0","0","0","0","0","0","0","0","0","0","0","0","0","0","0","0","0","",""
"5/9/2025 12:00:11 AM","0","0","0","0","0","0","0","0","0","0","0","0","0","0","0","0","0","0","",""
"5/10/2025 12:00:26 AM","0","0","0","0","0","0","0","0","0","0","0","0","0","0","0","0","0","0","",""
"5/11/2025 12:00:30 AM","0","0","0","0","0","0","0","0","0","0","0","0","0","0","0","0","0","0","",""
"5/12/2025 12:00:23 AM","0","0","0","0","0","0","0","0","0","0","0","0","0","0","0","0","0","0","",""
"5/13/2025 12:00:07 AM","0","0","0","0","0","0","0","0","0","0","0","0","0","0","0","0","0","0","",""
"5/14/2025 12:00:10 AM","0","0","0","0","0","0","0","0","0","0","0","0","0","0","0","0","0","0","",""
"5/15/2025 12:00:15 AM","0","0","0","0","0","0","0","0","0","0","0","0","0","0","0","0","0","0","",""
"5/16/2025 12:00:38 AM","0","0","0","0","0","0","0","0","0","0","0","0","0","0","0","0","0","0","",""
"5/17/2025 12:00:01 AM","0","0","0","0","0","0","0","0","0","0","0","0","0","0","0","0","0","0","",""
"5/18/2025 12:00:19 AM","0","0","0","0","0","0","0","0","0","0","0","0","0","0","0","0","0","0","",""
"5/19/2025 12:00:43 AM","0","0","0","0","0","0","0","0","0","0","0","0","0","0","0","0","0","0","",""
"5/20/2025 12:00:15 AM","0","0","0","0","0","0","0","0","0","0","0","0","0","0","0","0","0","0","",""
"5/21/2025 12:00:21 AM","0","0","0","0","0","0","0","0","0","0","0","0","0","0","0","0","0","0","",""
"5/22/2025 12:00:08 AM","0","0","0","0","0","0","0","0","0","0","0","0","0","0","0","0","0","0","",""
"5/23/2025 12:00:18 AM","0","0","0","0","0","0","0","0","0","0","0","0","0","0","0","0","0","0","",""
"5/24/2025 12:00:24 AM","0","0","0","0","0","0","0","0","0","0","0","0","0","0","0","0","0","0","",""
"5/25/2025 12:00:29 AM","0","0","0","0","0","0","0","0","0","0","0","0","0","0","0","0","0","0","",""
"5/26/2025 12:00:16 AM","0","0","0","0","0","0","0","0","0","0","0","0","0","0","0","0","0","0","",""
"5/27/2025 12:00:20 AM","0","0","0","0","0","0","0","0","0","0","0","0","0","0","0","0","0","0","",""
"5/28/2025 12:00:05 AM","0","0","0","0","0","0","0","0","0","0","0","0","0","0","0","0","0","0","",""
"5/29/2025 12:00:08 AM","0","0","0","0","0","0","0","0","0","0","0","0","0","0","0","0","0","0","",""
"5/30/2025 12:00:24 AM","0","0","0","0","0","0","0","0","0","0","0","0","0","0","0","0","0","0","",""
"5/31/2025 12:00:24 AM","0","0","0","0","0","0","0","0","0","0","0","0","0","0","0","0","0","0","",""
"6/1/2025 12:00:11 AM","0","0","0","0","0","0","0","0","0","0","0","0","0","0","0","0","0","0","",""
"6/2/2025 12:00:26 AM","0","0","0","0","0","0","0","0","0","0","0","0","0","0","0","0","0","0","",""
"6/3/2025 12:00:20 AM","0","0","0","0","0","0","0","0","0","0","0","0","0","0","0","0","0","0","",""
"6/4/2025 12:00:17 AM","0","0","0","0","0","0","0","0","0","0","0","0","0","0","0","0","0","0","",""
"6/5/2025 12:00:38 AM","0","0","0","0","0","0","0","0","0","0","0","0","0","0","0","0","0","0","",""
"6/6/2025 12:00:25 AM","0","0","0","0","0","0","0","0","0","0","0","0","0","0","0","0","0","0","",""
"6/7/2025 12:00:07 AM","0","0","0","0","0","0","0","0","0","0","0","0","0","0","0","0","0","0","",""
"6/8/2025 12:00:41 AM","0","0","0","0","0","0","0","0","0","0","0","0","0","0","0","0","0","0","",""
"6/9/2025 12:00:32 AM","0","0","0","0","0","0","0","0","0","0","0","0","0","0","0","0","0","0","",""
"6/10/2025 12:00:25 AM","0","0","0","0","0","0","0","0","0","0","0","0","0","0","0","0","0","0","",""
"6/11/2025 12:00:22 AM","0","0","0","0","0","0","0","0","0","0","0","0","0","0","0","0","0","0","",""
"6/12/2025 12:00:27 AM","0","0","0","0","0","0","0","0","0","0","0","0","0","0","0","0","0","0","",""
"6/13/2025 12:00:24 AM","0","0","0","0","0","0","0","0","0","0","0","0","0","0","0","0","0","0","",""
"6/14/2025 12:00:21 AM","0","0","0","0","0","0","0","0","0","0","0","0","0","0","0","0","0","0","",""
"6/15/2025 12:00:22 AM","0","0","0","0","0","0","0","0","0","0","0","0","0","0","0","0","0","0","",""
"6/16/2025 12:00:14 AM","0","0","0","0","0","0","0","0","0","0","0","0","0","0","0","0","0","0","",""
"6/17/2025 12:00:18 AM","0","0","0","0","0","0","0","0","0","0","0","0","0","0","0","0","0","0","",""
"6/18/2025 12:00:15 AM","0","0","0","0","0","0","0","0","0","0","0","0","0","0","0","0","0","0","",""
"6/19/2025 12:00:08 AM","0","0","0","0","0","0","0","0","0","0","0","0","0","0","0","0","0","0","",""
"6/20/2025 12:00:16 AM","0","0","0","0","0","0","0","0","0","0","0","0","0","0","0","0","0","0","",""
"6/21/2025 12:00:18 AM","0","0","0","0","0","0","0","0","0","0","0","0","0","0","0","0","0","0","",""
"6/22/2025 12:00:08 AM","0","0","0","0","0","0","0","0","0","0","0","0","0","0","0","0","0","0","",""
"6/23/2025 12:00:19 AM","0","0","0","0","0","0","0","0","0","0","0","0","0","0","0","0","0","0","",""
"6/24/2025 12:00:27 AM","0","0","0","0","0","0","0","0","0","0","0","0","0","0","0","0","0","0","",""
"6/25/2025 12:00:05 AM","0","0","0","0","0","0","0","0","0","0","0","0","0","0","0","0","0","0","",""
"6/26/2025 12:00:19 AM","0","0","0","0","0","0","0","0","0","0","0","0","0","0","0","0","0","0","",""
"6/27/2025 12:00:08 AM","0","0","0","0","0","0","0","0","0","0","0","0","0","0","0","0","0","0","",""
"6/28/2025 12:00:17 AM","0","0","0","0","0","0","0","0","0","0","0","0","0","0","0","0","0","0","",""
"6/29/2025 12:00:03 AM","0","0","0","0","0","0","0","0","0","0","0","0","0","0","0","0","0","0","",""
"6/30/2025 12:00:13 AM","0","0","0","0","0","0","0","0","0","0","0","0","0","0","0","0","0","0","",""
"7/1/2025 12:00:26 AM","0","0","0","0","0","0","0","0","0","0","0","0","0","0","0","0","0","0","",""
"7/2/2025 12:00:35 AM","0","0","0","0","0","0","0","0","0","0","0","0","0","0","0","0","0","0","",""
"7/3/2025 12:00:08 AM","0","0","0","0","0","0","0","0","0","0","0","0","0","0","0","0","0","0","",""
"7/4/2025 12:00:19 AM","0","0","0","0","0","0","0","0","0","0","0","0","0","0","0","0","0","0","",""
"7/5/2025 12:00:24 AM","0","0","0","0","0","0","0","0","0","0","0","0","0","0","0","0","0","0","",""
"7/6/2025 12:00:33 AM","0","0","0","0","0","0","0","0","0","0","0","0","0","0","0","0","0","0","",""
"7/7/2025 12:00:07 AM","0","0","0","0","0","0","0","0","0","0","0","0","0","0","0","0","0","0","",""
"7/8/2025 12:00:43 AM","0","0","0","0","0","0","0","0","0","0","0","0","0","0","0","0","0","0","",""
"7/9/2025 12:00:14 AM","0","0","0","0","0","0","0","0","0","0","0","0","0","0","0","0","0","0","",""
"7/10/2025 12:00:21 AM","0","0","0","0","0","0","0","0","0","0","0","0","0","0","0","0","0","0","",""
"7/11/2025 12:00:06 AM","0","0","0","0","0","0","0","0","0","0","0","0","0","0","0","0","0","0","",""
"7/12/2025 12:00:11 AM","0","0","0","0","0","0","0","0","0","0","0","0","0","0","0","0","0","0","",""
"7/13/2025 12:00:39 AM","0","0","0","0","0","0","0","0","0","0","0","0","0","0","0","0","0","0","",""
"7/14/2025 12:00:19 AM","0","0","0","0","0","0","0","0","0","0","0","0","0","0","0","0","0","0","",""
"7/15/2025 12:00:20 AM","0","0","0","0","0","0","0","0","0","0","0","0","0","0","0","0","0","0","",""
"7/16/2025 12:00:09 AM","0","0","0","0","0","0","0","0","0","0","0","0","0","0","0","0","0","0","",""
"7/17/2025 12:00:19 AM","0","0","0","0","0","0","0","0","0","0","0","0","0","0","0","0","0","0","",""
"7/18/2025 12:00:11 AM","0","0","0","0","0","0","0","0","0","0","0","0","0","0","0","0","0","0","",""
"7/19/2025 12:00:29 AM","0","0","0","0","0","0","0","0","0","0","0","0","0","0","0","0","0","0","",""
"7/20/2025 12:00:27 AM","0","0","0","0","0","0","0","0","0","0","0","0","0","0","0","0","0","0","",""
"7/21/2025 12:00:16 AM","0","0","0","0","0","0","0","0","0","0","0","0","0","0","0","0","0","0","",""
"7/22/2025 12:00:26 AM","0","0","0","0","0","0","0","0","0","0","0","0","0","0","0","0","0","0","",""
"7/23/2025 12:00:31 AM","0","0","0","0","0","0","0","0","0","0","0","0","0","0","0","0","0","0","",""
"7/24/2025 12:00:24 AM","0","0","0","0","0","0","0","0","0","0","0","0","0","0","0","0","0","0","",""
"7/25/2025 12:00:17 AM","0","0","0","0","0","0","0","0","0","0","0","0","0","0","0","0","0","0","",""
"7/26/2025 12:00:21 AM","0","0","0","0","0","0","0","0","0","0","0","0","0","0","0","0","0","0","",""
"7/27/2025 12:00:22 AM","0","0","0","0","0","0","0","0","0","0","0","0","0","0","0","0","0","0","",""
"7/28/2025 12:00:08 AM","0","0","0","0","0","0","0","0","0","0","0","0","0","0","0","0","0","0","",""
"7/29/2025 12:00:36 AM","0","0","0","0","0","0","0","0","0","0","0","0","0","0","0","0","0","0","",""
"7/30/2025 12:00:10 AM","0","0","0","0","0","0","0","0","0","0","0","0","0","0","0","0","0","0","",""
"7/31/2025 12:00:31 AM","0","0","0","0","0","0","0","0","0","0","0","0","0","0","0","0","0","0","",""
"8/1/2025 12:00:14 AM","0","0","0","0","0","0","0","0","0","0","0","0","0","0","0","0","0","0","",""
"8/2/2025 12:00:14 AM","0","0","0","0","0","0","0","0","0","0","0","0","0","0","0","0","0","0","",""
"8/3/2025 12:00:08 AM","0","0","0","0","0","0","0","0","0","0","0","0","0","0","0","0","0","0","",""
"8/4/2025 12:00:21 AM","0","0","0","0","0","0","0","0","0","0","0","0","0","0","0","0","0","0","",""
"8/5/2025 12:00:40 AM","0","0","0","0","0","0","0","0","0","0","0","0","0","0","0","0","0","0","",""
"8/6/2025 12:00:25 AM","0","0","0","0","0","0","0","0","0","0","0","0","0","0","0","0","0","0","",""
"8/7/2025 12:00:32 AM","0","0","0","0","0","0","0","0","0","0","0","0","0","0","0","0","0","0","",""
"8/8/2025 12:00:01 AM","0","0","0","0","0","0","0","0","0","0","0","0","0","0","0","0","0","0","",""
"8/9/2025 12:00:29 AM","0","0","0","0","0","0","0","0","0","0","0","0","0","0","0","0","0","0","",""
"8/10/2025 12:00:27 AM","0","0","0","0","0","0","0","0","0","0","0","0","0","0","0","0","0","0","",""
"8/11/2025 12:00:06 AM","0","0","0","0","0","0","0","0","0","0","0","0","0","0","0","0","0","0","",""
"8/12/2025 12:00:13 AM","0","0","0","0","0","0","0","0","0","0","0","0","0","0","0","0","0","0","",""
"8/13/2025 12:00:27 AM","0","0","0","0","0","0","0","0","0","0","0","0","0","0","0","0","0","0","",""
"8/14/2025 12:00:04 AM","0","0","0","0","0","0","0","0","0","0","0","0","0","0","0","0","0","0","",""
"8/15/2025 12:00:27 AM","0","0","0","0","0","0","0","0","0","0","0","0","0","0","0","0","0","0","",""
"8/16/2025 12:00:20 AM","0","0","0","0","0","0","0","0","0","0","0","0","0","0","0","0","0","0","",""
"8/18/2025 12:00:39 AM","0","0","0","0","0","0","0","0","0","0","0","0","0","0","0","0","0","0","",""
"8/19/2025 12:00:21 AM","0","0","0","0","0","0","0","0","0","0","0","0","0","0","0","0","0","0","",""
"8/20/2025 12:00:01 AM","0","0","0","0","0","0","0","0","0","0","0","0","0","0","0","0","0","0","",""
"8/21/2025 12:00:17 AM","0","0","0","0","0","0","0","0","0","0","0","0","0","0","0","0","0","0","",""
"8/22/2025 12:00:25 AM","0","0","0","0","0","0","0","0","0","0","0","0","0","0","0","0","0","0","",""
"8/23/2025 12:00:13 AM","0","0","0","0","0","0","0","0","0","0","0","0","0","0","0","0","0","0","",""
"8/24/2025 12:00:04 AM","0","0","0","0","0","0","0","0","0","0","0","0","0","0","0","0","0","0","",""
"8/25/2025 12:00:08 AM","0","0","0","0","0","0","0","0","0","0","0","0","0","0","0","0","0","0","",""
"8/26/2025 12:00:28 AM","0","0","0","0","0","0","0","0","0","0","0","0","0","0","0","0","0","0","",""
"8/27/2025 12:00:27 AM","0","0","0","0","0","0","0","0","0","0","0","0","0","0","0","0","0","0","",""
"8/28/2025 12:00:09 AM","0","0","0","0","0","0","0","0","0","0","0","0","0","0","0","0","0","0","",""
"8/29/2025 12:00:03 AM","0","0","0","0","0","0","0","0","0","0","0","0","0","0","0","0","0","0","",""
"8/30/2025 12:00:38 AM","0","0","0","0","0","0","0","0","0","0","0","0","0","0","0","0","0","0","",""
"8/31/2025 12:00:20 AM","0","0","0","0","0","0","0","0","0","0","0","0","0","0","0","0","0","0","",""
"9/1/2025 12:00:15 AM","0","0","0","0","0","0","0","0","0","0","0","0","0","0","0","0","0","0","",""
"9/2/2025 12:00:11 AM","0","0","0","0","0","0","0","0","0","0","0","0","0","0","0","0","0","0","",""
"9/3/2025 12:00:05 AM","0","0","0","0","0","0","0","0","0","0","0","0","0","0","0","0","0","0","",""
"9/4/2025 12:00:19 AM","0","0","0","0","0","0","0","0","0","0","0","0","0","0","0","0","0","0","",""
"9/5/2025 12:00:29 AM","0","0","0","0","0","0","0","0","0","0","0","0","0","0","0","0","0","0","",""
"9/6/2025 12:00:18 AM","0","0","0","0","0","0","0","0","0","0","0","0","0","0","0","0","0","0","",""
"9/7/2025 12:00:26 AM","0","0","0","0","0","0","0","0","0","0","0","0","0","0","0","0","0","0","",""
"9/8/2025 12:00:14 AM","0","0","0","0","0","0","0","0","0","0","0","0","0","0","0","0","0","0","",""
"9/9/2025 12:00:13 AM","0","0","0","0","0","0","0","0","0","0","0","0","0","0","0","0","0","0","",""
"9/10/2025 12:00:20 AM","0","0","0","0","0","0","0","0","0","0","0","0","0","0","0","0","0","0","",""
"9/11/2025 12:00:25 AM","0","0","0","0","0","0","0","0","0","0","0","0","0","0","0","0","0","0","",""
"9/12/2025 12:00:06 AM","0","0","0","0","0","0","0","0","0","0","0","0","0","0","0","0","0","0","",""
"9/13/2025 12:00:23 AM","0","0","0","0","0","0","0","0","0","0","0","0","0","0","0","0","0","0","",""
