"revision_date_completed","fillerblankdate","Account","Edge","StoneThickness","StoneColor","StoneType","Areas","JobName","RevisionReason","FabID","FabType","JobNumber","NumPieces","DraftNotes","DraftCompleted","creation_date","TotalSqft","SalesPerson","Revisor","FileData","RevisionType"
"9/8/2025 4:16:52 PM","","Texas Construction Company","FLAT HONED","5","ABSOLUTE BLACK **TO BE LEATHERED BY ALPHA**","GS","KITCHEN PERIMETER","907 Terrace Mountain Drive","Add 4 holes at kitchen sink. Add 3 pop up outlets (outlet cutouts in backsplash will be removed and pop up outlets will go in the countertop directly under where the previous backsplash outlets were).","14270","1","20562","2","","-1","9/5/2025 3:02:23 PM","30.2","7","15","","3"
"9/8/2025 4:16:45 PM","","Texas Construction Company","FLAT POLISH","5","PATAGONIA","QZ","KITCHEN ISLAND, KITCHEN FULL HEIGHT BACKSPLASH","907 Terrace Mountain Drive","Remove outlet cutouts in backsplash. If possible, please mark on the layout where the hood will hit the backsplash (bottom of hood is 36"" from countertop and top of hood is 41"" from countertop). See me if you have questions.","14269","1","20562","8","","-1","9/5/2025 3:04:51 PM","125.6","7","15","","1"
"9/8/2025 3:47:27 PM","","Miars Construction","FLAT","5","IJEN BLUE","QZ","PRIMARY BATH","5304 Western Hills","Remove pc 4, 5","13903","1","20516","7","also: remove pcs 4 & 5,  But 4, 5 and 7 need to be removed from the drawing & layout.  They are deleting that scope of work.","-1","9/5/2025 4:02:32 PM","37.4","5","6","","1"
"9/9/2025 12:30:20 PM","","Vinson Radke Homes","FLAT POLISH","4","COSMOPOLITAN WHITE","CS","PRIMARY SHOWER NICHE W/ 3 SHELVES","801 W Johanna St","Please correct the shelf thickness to show 3/4"" rather than 1/2""","14339","1","20379","7","","-1","9/8/2025 9:19:50 AM","3.4","7","6","","2"
"9/8/2025 4:29:39 PM","","Vinson Radke Homes","FLAT POLISH","5","BLIZZARD","CS","BATH1 VANITY, BATH 2 VANITY","801 W JOHANNA ST","BATH2: R side depth of cabinet measures 22"". Ctop should read 22 1/8"", not 22 3/16"". Please also confirm faucet has enough clearance with backsplash. Builder has a backup sink selection if needed.","13478","1","20379","6","","-1","9/8/2025 9:22:13 AM","17.3","7","15","","1"
"9/9/2025 10:49:35 AM","","Vinson Radke Homes","MITERED","2","SANDIK","DK","POOL WALL","801 W Johanna St","If we throw the joint off center on the water sheer by 1/4"" we can get the lights closer to the same dimension from the nearest adjacent joint.","14285","1","20379","17","","-1","9/8/2025 9:56:19 AM","287","7","6","","1"
"9/8/2025 4:50:44 PM","","Straight","FLAT HONED","5","CLEARSKIES","CS","OUTDOOR KITCHEN","1408 Circle Ridge","make splash 8"" with 2"" cap","14345","1","20630","5","","-1","9/8/2025 12:15:06 PM","28.5","5","15","","1"
"9/9/2025 8:48:49 AM","","","","","","","","","Please reference the pop up outlet model","14270","1","20562","2","","-1","9/9/2025 7:19:59 AM","30.2","","15","","3"
"9/9/2025 1:36:11 PM","","Vinson Radke Homes","FLAT POLISH","5","BLIZZARD","CS","BATH1 VANITY, BATH 2 VANITY","801 W JOHANNA ST","Remove side splashes - pieces 3 and 6.","13478","1","20379","6","","-1","9/9/2025 7:39:22 AM","17.3","7","15","","3"
"9/12/2025 4:47:09 PM","","Castillo, Sherry","3CM MITERED","5","REGAL ARABESCATO GOLD","quartz","PH 2: BSP AND WINDOW SILL","Castillo-1226 Saddle Club Drive","see email for details -change edge profile to flat, remove added sales notes","14357","1","20614","","","-1","9/10/2025 8:24:49 AM","15.5","6","15","","2"
"9/11/2025 4:19:13 PM","","Waller Building Company, LLC","FLAT","5","SARATOGA LEATHERED","QZ","STUDY","1205 Wilderness","please change material to ""Marble Grey Honed 3cm""","14321","7","20413","1","","-1","9/10/2025 10:50:16 AM","22.5","9","6","","1"
"9/11/2025 3:48:57 PM","","Miars Construction","FLAT HONED","5","TAJ MAHAL HONED","QZ","KITCHEN PERIMETER","5304 Western Hills","Bocci's are singles instead of doubles","13899","1","20516","","","-1","9/10/2025 2:07:22 PM","143","5","6","","3"
"9/11/2025 10:16:30 AM","","Waller Building Company, LLC","MITER TO 2-1/4","5","TAJ MAHAL","QZ","KITCHEN ISLAND","1205 WILDERNESS","""make the miters 1/4 bigger and add 1/4"" rabbit to miter so reveal is 1/4""","14314","7","20413","2","","-1","9/10/2025 2:30:09 PM","48.3","9","6","/1205Wilderness_DD-Model-3_1.pdf","1"
"9/11/2025 4:12:12 PM","","Waller Building Company, LLC","MITER to 2-1/4","4","Cavallion Bouchard Finish","Travertine","Living Room, Dining Room","1205 Wilderness","change material to 3cm Taj Mahal Quartzite - match drop detail on island (make the miters 1/4 bigger and then rabbit out the bottom to get 1/4"" reveal)","14310","7","20413","4","","-1","9/10/2025 2:34:56 PM","36","9","6","/Screenshot 2025-09-10 143436.jpg","1"
"9/11/2025 10:58:14 AM","","","","","","","","","please create detail view on the pencil- client said they wanted the pencil detail to match what they did in bath 1 at 4605 strass (job","14317","7","20413","15","","-1","9/10/2025 3:08:34 PM","27.6","","6","","1"
"9/11/2025 3:25:10 PM","","Crabtree Design Build","FLAT","5","TAJ MAHAL","QZ","RANGE WALL BACKSPLASH","5416 SPRING PRESERVE TRAIL","JOSH: please help attempt a better layout than Markos","14393","1","20399","3","","-1","9/10/2025 10:49:12 PM","42.8","5","6","","3"
"9/22/2025 1:04:34 PM","","ENVE BUILDERS","1 1/2","4","DI ROUGE HONED","MS","POWDER, OFFICE","4207 WATERS EDGE COVE","Change edge profile on drawing to match fab form. Also, are we providing substrate?","14415","1","20567","3","","-1","9/19/2025 9:52:36 AM","47.1","7","12","","3"
"9/23/2025 9:00:43 AM","","Shoberg Homes","","","","","EMILY","302 INWOOD","Were there outlets templated? I don't see them in the template photos. From the builder: There are two outlets on this wall. The outlets are 2’ from each side and 3” above the countertop.","14421","1","20333","2","🤚 - HOLD - NO OUTLETS WERE TEMPLATED, MAY NEED RETEMPLATE","-1","9/19/2025 10:22:42 AM","49.8","","6","","1"
"9/23/2025 10:01:43 AM","","Waller Building Company, LLC","FLAT","4","Arabescato Corchia","MS","PRIMARY BATH SHOWER ACCESSORIES","1205 Wilderness","change depth on pcs 2-6 to 4.75"" and change oh to 3/4"" (plz change install note as well as green text). please remove sales notes","14216","1","20413","6","","-1","9/19/2025 2:47:54 PM","6","9","6","","1"
"9/22/2025 5:07:30 PM","","Waller Building Company, LLC","FLAT","4","ARABESCATO CORCHIA","MS","Primary Bath  Vanity","1205 Wilderness","change overhang on pencil cap to 3/8"". add shop note to polish top","14317","7","20413","15","","-1","9/19/2025 2:51:46 PM","27.6","9","6","","1"
"10/3/2025 9:25:59 AM","","Vitek McIver Homes","3","3","MARMORIO","DK","ODK GRILL AREA","2517 HARTFORD RD","Can the joints be placed where the customer marked up the attachment?","14346","1","20563","12","🤚 HOLD - UNABLE TO OPEN ATTACHED FILE FOR JOINT LOCATIONS","-1","9/19/2025 3:05:06 PM","44.4","7","6","/joint location","1"
"9/22/2025 4:26:16 PM","","Vitek McIver Homes","14","5","SNOWFALL","GS","POWDER","345 PECAN GROVE DRIVE","Please add 1 3/4"" shelf to top of backsplash","14104","1","20408","","","-1","9/19/2025 3:47:58 PM","13","7","15","","1"
"9/22/2025 4:44:01 PM","","Tatanka Group","FLAT","5","FRESH CONCRETE","CS","KITCHEN/ISLAND/PANTRY/MA BA/GUEST BA 1/GUEST BA 2/POWDER/LAUNDRY","1122 Cherry Springs Rd","REMOVE 28","14342","1","20542","28","","-1","9/19/2025 4:38:36 PM","230","6","15","/REV REQ BY BUILDER 20542 - KITCHEN,ISLAND,PANTRY,MA BA,GUEST BA 1,GUEST BA 2,POWDER,LAUNDRY REV2.pdf","3"
"9/23/2025 1:17:38 PM","","Vinson Radke Homes","FLAT POLISH","5","BLIZZARD","CS","BATH1 VANITY, BATH 2 VANITY","801 W JOHANNA ST","Needs to share layout with fab ID 14338","13478","1","20379","6","","-1","9/22/2025 9:22:32 AM","17.3","7","6","","3"
"9/23/2025 1:17:46 PM","","Vinson Radke Homes","FLAT POLISH","5","BLIZZARD","CS","BATH 2 NICHE TOP AND BOTTOM","801 W Johanna St","Needs to share layout with fab ID 13478","14338","1","20379","2","","-1","9/22/2025 9:22:55 AM","3.8","7","6","","3"
"9/23/2025 1:21:29 PM","","Studio Steinbomer","FLAT POLISH","5","CLASSIC CALACATTA","SS","VANITY","10426 Cayuse Cove (2025)","make sink cutout 4"" from front. He will modify cabinet.","14417","1","20674","1","","-1","9/22/2025 4:53:39 PM","13.7","5","6","","1"
"9/24/2025 3:23:57 PM","","Ignite Outdoor Kitchens","FLAT","5","BLACK PEARL","GS","OUTDOOR KITCHEN","4213 Ruby Eleanor Drive","see file for 3 changes","14399","1","20660","2","","-1","9/23/2025 9:56:07 AM","43.6","5","6","/Customer changes 20660 - OUTDOOR KITCHEN-BLOCK (1).pdf","1"
"9/25/2025 10:48:23 AM","","Rauser Construction","MITER","4","CALACATTA MONET HONED","MS","POWDER, OFFICE BATH","3805 Balcones Drive","change drawing","14207","1","20455","12","","-1","9/23/2025 10:29:50 AM","38.5","5","6","/BAL Submittal 034-Rev 1 revise drawing & layout Countertops_250917 - AS Revise and Resubmit 2025-09-22 (1).pdf","1"
"9/25/2025 11:35:23 AM","","Wyeth Custom Homes","FLAT HONED","5","EMPERADOR DARK HONED","MS","WINE LOUNGE TOPS","705 COUNTY RD 360","pull sink as far forward as possible. X's on small tops should be walls.","13413","1","20350","5","","-1","9/23/2025 11:28:39 AM","80.6","5","6","","1"
"9/25/2025 2:30:52 PM","","Shoberg Homes","","","","","EMILY","302 INWOOD","Change outlets per attached file.","14421","1","20333","2","","-1","9/23/2025 1:49:49 PM","49.8","","6","/EMILYS OFFICE COUNTER FHSBSP (MUST INSTALL B4 COUNTER) - REV 1 (sj redline).pdf","1"
"9/25/2025 2:47:54 PM","","Starling Development","1 1/2","3","DOMOOS","DK","POWDER ROOM, ISLAND, AND BEDROOM 2 DESK","1117 Gillespie Place","Island: Change the back overhang from 10 1/8"" to 12"". Decrease overhang on the face, left, and right sides from 1 1/2"" to 1 1/4"".Powder and Desk: Decrease overhang from 1 1/2"" to 1 1/4"".","14398","1","20661","3","","-1","9/23/2025 2:26:48 PM","59.2","15","6","","1"
"9/25/2025 11:53:56 AM","","Shoberg Homes","MITERED","4","CALACATTA MANHATTAN HONED","MS","SHOWER SEAT","302 INWOOD","change light channel per attached file.","14142","1","20333","5","","-1","9/23/2025 3:43:05 PM","16.4","5","6","/20333 - SHOWER SEAT mark up.pdf","1"
"9/25/2025 11:20:34 AM","","Shoberg Homes","MITERED","5","OCEAN ELEGANCE","QZ","POOL ROOM BAR","302 INWOOD","redo layout using remnants.","14121","1","20333","9","","-1","9/23/2025 3:49:30 PM","32.9","5","6","","3"
"10/30/2025 3:25:24 PM","","Jauregui Architect Builders","2","5","ETERNAL SERENA","SS","EXTERIOR BATH","266 Club Ranch Ct - SS Et. Serena - Dog Kennel, Security, Garden Room, Ext Bath","Please use 332663","14596","1","19960","2","","-1","10/28/2025 3:22:53 PM","11.6","7","6","","2"
"10/29/2025 8:19:18 AM","","Schreiber, Sharron","flat","5","pure white","cs","vanity","Schreiber-3008 Fontana Drive","single faucet hole","14624","7","20737","1","","-1","10/28/2025 3:24:29 PM","8.59","5","6","","2"
"10/31/2025 10:55:43 AM","","Sally Lopez Design","BEVEL","5","ARABESCATO VAGLI","STRATUS QUARTZ","VANITIES","10212 Spicewood Mesa Drive","The client would like the shelf to be reduced from 2"" to 1 3/4""","14601","1","20732","6","","-1","10/29/2025 11:52:02 AM","25.95","15","6","","1"
"10/30/2025 3:47:29 PM","","Camelot Custom Homes","FLAT HONED","5","NEGRESCO HONED","GS","OUTDOOR KITCHEN","2507 Exposition","slab is really 45.25"", on layout make pc 2 run horizontally under pc 3. had some grain flow","14609","1","20733","3","","-1","10/29/2025 4:13:12 PM","28","5","6","","2"
"10/30/2025 3:31:50 PM","","RisherMartin","FLAT","5","TAJ MAHAL HONED","QZ","KITCHEN PERIMETER","3611 Ripple Creek (2025)","minor changes per Gabes temp verification 10/29","14364","1","20655","5","","-1","10/29/2025 4:52:53 PM","86.8","5","6","","1"
"10/30/2025 2:58:51 PM","","Goodman, Kim","FLAT","5","NIGHTFALL HONED","PENTAL QUARTZ","KITCHEN","Goodman- 4416 Sam Bass Road","Please add cooktop dimensions so the client can see the setback and the distance from the wall to the back of the cutout.","14613","1","20729","11","","-1","10/30/2025 8:33:58 AM","113.8","15","6","","1"
"10/30/2025 1:51:57 PM","","Braune Construction","DEMI BULLNOSE","5","GADWALL-HAND SELECT","GS","KITCHEN PERIMETER/PENINSULA/MASTER BA/HALF BA/ISLAND","1716 CR 930","check vessel sink specs and see email sent for correction","14588","1","20715","13","🐸🐸🐸MEASURE SINK IN OFFICE FOR THIS ONE","-1","10/30/2025 9:11:10 AM","88.1","6","6","/orson.png","2"
"10/31/2025 4:06:40 PM","","ALPHA GRANITE SHOWROOM","FLAT POLISH","4","NORDIC WHITE ONYX ITEMS","ONYX","NORDIC WHITE ONYX ITEMS","2025 SHOWROOM ITEMS","Please change this to 2 cutting boards instead of 1 cutting board and 1 lazy susan","14527","2","20337","2","","-1","10/30/2025 10:28:23 AM","3.2","7","15","","1"
"10/31/2025 1:55:02 PM","","ALPHA GRANITE SHOWROOM","FLAT HONED","4","CALACATTA MONET","MS","CALACATTA MONET ITEMS","2025 SHOWROOM ITEMS","Will 2 more boards fit on slab ID 333904? If so, please add them.","14525","2","20337","4","","-1","10/30/2025 10:31:43 AM","6.3","7","15","","3"
"11/10/2025 8:26:15 AM","","Vitek McIver Homes","FLAT HONED","5","PETRA ESTREMOZ","STRATUS TERRAZZO","DOWNSTAIRS LAUNDRY, UPSTAIRS LAUNDRY","345 PECAN GROVE DRIVE","Needs slabsmith once slabs are photoed","14107","1","20408","8","","-1","10/30/2025 12:14:34 PM","68.8","7","12","","1"
"12/17/2025 3:42:55 PM","","Mae Levitan","miter/flat","5","ijen blue leathered","QZ","POWDER VANITY W/ INTEGRATED SINK","Levitan-4308 Deepwoods Drive","please revise so sink basin is as large as possible with moved metal brackets. please change and update slabsmith as well.","14682","1","20449","12","","-1","12/11/2025 9:49:17 AM","12","9","6","/DEEPWOODS metal.jpg","1"
"12/17/2025 3:41:22 PM","","FSB Custom Homes, LLC","FLAT HONED","5","CALACATTA GOLD HONED","MS","KITCHEN PERIMETER WINDOW WALL RANGE PIECE","3602 Murillo Circle","Draw piece at 48 1/8"" x 7 1/2"" - installers will need to trim to fit on site","14537","1","19918","","","-1","12/11/2025 9:57:09 AM","1","7","6","","2"
"12/19/2025 1:23:40 PM","","Tschida, Joe","FLAT HONED","5","SARATOGA HONED","SOAPSTONE","KITCHEN PERIMETER, BATHROOM VANITY","Tschida-7605 Crossmeadow Drive","SEE ATTACHED: CHANGE DIMS TO STRIKEDOUT DIMS, DELETE / REMOVE SCRIBING, REMOVE SALES NOTE 2 AND 4, CHANGE SALES NOTE 5. TO ""KRAUS BROUGHT TO AG ON 12/12/25"", DIMENSION SPACE BEHIND SINK CUTOUT IN KITCHEN","14754","1","20774","4","","-1","12/12/2025 9:26:30 AM","48.4","9","6","/7605 Crossmeadow Drive REDLINE.pdf","1"
"12/17/2025 1:34:57 PM","","Rauser Construction","FLAT HONED","4","HONED VIOLEG 1974","TERRAZZO","BATH 1 SHOWER JAMBS, WALL CAP, WALL CAP FRONT, CURB","3805 Balcones Drive","revise joint locations on pc made up of pcs 7","14217","1","20455","8","""revise joint locations on pc made up of pcs 7 & 8. Use longer remnant piece so that seam can be closest to the top of the jamb as possible. ""","-1","12/12/2025 2:47:39 PM","6.5","5","6","","1"
"12/15/2025 1:58:46 PM","","FSB Custom Homes, LLC","COVE DUPONT HONED","5","CALACATTA GOLD HONED","MS","CUSTOMER REDO : KITCHEN ISLAND PCS 1","3602 Murillo Circle","Please dimension the locations of the pop up outlets","14599","4","19918","1","","-1","12/15/2025 11:52:56 AM","39.6","7","15","","3"
"12/17/2025 10:33:16 AM","","R Builders","FLAT","5","ETHEREAL","STRATUS QUARTZ","KITCHEN ISLAND, KITCHEN PERIMETER","2904 Hatley Drive","please add downdraft cutout with notes to cut this and the cooktop on site.","14656","1","20746","4","","-1","12/15/2025 12:22:35 PM","91.9","9","6","","2"
"12/15/2025 2:35:49 PM","","FSB Custom Homes, LLC","","","","","BATH 1, LYNN","258 West Ranch Road","Lynn's Bath vanity needs a 6"" backsplash on the back only, and remove the scribe. What will the gaps be if scribing is removed on Bath 1 vanity?","14676","1","20482","3","","-1","12/15/2025 1:08:35 PM","24.3","","15","","1"
"12/18/2025 11:55:14 AM","","FSB Custom Homes, LLC","COVE DUPONT HONED","5","CALACATTA GOLD HONED","MS","CUSTOMER REDO : KITCHEN ISLAND PCS 1","3602 Murillo Circle","Outlets to be 22"" from both sides.Change overall width of island from 95-3/16"" to 95-1/4"".","14599","4","19918","1","","-1","12/15/2025 3:48:13 PM","39.6","7","6","","1"
"12/17/2025 10:24:43 AM","","Lipscomb, David","FLAT","5","MIAMI WHITE","SS","MASTER AND GUEST BA","Lipscomb-909 Lake Drive","see email please-for changes per h/o","14591","1","20723","8","","-1","12/15/2025 3:50:30 PM","31.8","6","6","","1"
"12/18/2025 1:29:13 PM","","Burniston, Kathryn","2","5","BRAZILLIAN THASSOS","MARBLE","MASTER BATH","BURNISTON - 2983 BANDERA HWY","PLEASE MOVE PIECES TO THE MORE PATTERNED AREA-CONFIRM RED AREAS CAN BE RESURFACED","14774","1","20742","2","","-1","12/15/2025 5:12:06 PM","32.8","6","6","","2"
"12/17/2025 4:32:30 PM","","Shoberg Homes","MITERED","5","OCEAN ELEGANCE","QZ","POOL ROOM BAR","302 INWOOD","Change per discussion with Denis and Gabe","14121","1","20333","9","","-1","12/15/2025 5:28:20 PM","32.9","5","15","","3"
"12/19/2025 10:54:22 AM","","Grayson Rosato","FLAT HONED","5","cloudburst concrete","CS","KITCHEN PERIMETER W/ SPLASH, WET BAR","Rosato-1903 West 40th Street","change bar sink to new sink listed in MW (Nantucket Sinks Fireclay Bar Sink 9.25""x18.25); add glass rinser and airswitch at bar and airswitch at kitchen. files are uploaded for placement in MW","14786","8","20783","8","","-1","12/16/2025 2:31:18 PM","57.5","9","6","/BAR and kitchen ORIENTATION drawings in mw.jpg","1"
"12/18/2025 1:01:01 PM","","Shoberg Homes","","","","","EMILY","302 INWOOD","Change edge back to 3cm Flat Edge per client","14116","1","20333","1","","-1","12/16/2025 3:08:37 PM","12.9","","6","","1"
"12/31/2025 8:14:20 AM","","Waller Building Company, LLC","FLAT","5","TAJ MAHAL","QZ","KITCHEN ISLAND, KITCHEN PERIMETER, SINK SIDE FHBSP W LEDGE","7703 LONG POINT DRIVE","please revise full height backsplash on sink side wall- add side splash with detail to match range side splash. see MW for more photos","13617","1","20417","11","No longer needed","-1","12/17/2025 12:48:12 PM","107.3","9","6","/side splash in kitchen.pdf","1"
"1/20/2026 10:24:17 AM","","CCR Garage","FLAT","4","ABSOLUTE BLACK","GS","kitchen/ba 1/ba2/powder/laundry","8708 Hwy 83","block and the layout need to show material to be leathered, please TYVM","14895","7","20728","7","","-1","1/20/2026 9:23:56 AM","89.4","6","6","","2"
"1/20/2026 12:47:35 PM","","Camelot Custom Homes","4 3/4","5","BIANCO CARRARA","MS","PRIMARY VANITY","2507 EXPOSITION","Splash detail wrong. 3cm cap is labeled the wrong thickness so it makes the height of the backslash wrong. Add note to cut 2 standard outlets on pcs 4","14741","1","20733","9","Splash detail wrong. 3cm cap is labeled the wrong thickness so it makes the height of the backslash wrong. Add note to cut 2 standard outlets on pcs 4 & 6 on site.","-1","1/20/2026 10:27:13 AM","30.1","5","6","","3"
"1/20/2026 2:21:47 PM","","Vitek McIver Homes","2 1/2","3","MARMORIO","DK","ODK SINK AREA","2517 Hartford Road","Please revise the overhang to be 1-3/4""","14652","1","20563","7","","-1","1/20/2026 11:27:45 AM","37.5","7","6","","1"
"1/20/2026 4:37:40 PM","","Ana Navarro Ovitt","FLAT HONED","5","BLACK HONED","SOAPSTONE","FIREPLACE FACE","Ovitt-7605 Long Point Drive","remove note about milling, client will have all 3cm everywhere","14824","1","20520","4","","-1","1/20/2026 3:01:17 PM","12","9","6","","1"
"1/23/2026 9:41:42 AM","","Beacon Construction","","","","","WOMEN","464 Boca Chica Street","change the material name to ""SS Ethereal Noctis Suede""","14923","1","20711","2","","-1","1/21/2026 11:38:23 AM","33.7","","12","","2"
"1/25/2026 7:47:39 AM","","Taylor, Billy and Rhonda","1  3/8","2","AWAKE"," DEKTON","KITCHEN","Taylor-621 Rock Creek Loop","please see attached -review joints and mitered edge for better match","14915","1","20821","7","","-1","1/21/2026 12:06:07 PM","57.5","6","12","/joint 1 .jpg","2"
"2/1/2026 4:47:13 PM","","Jauregui Architect Builders","FLAT POLISH","5","TIFFANY EMERALD","QZ","FAMILY ROOM FIREPLACE","266 Club Ranch Ct - Tiffany Emerald - Family Room Fireplace","Please revise drawing to reflect seam locations on attached elevation","14785","1","19958","16","","-1","1/21/2026 2:28:56 PM","244.3","7","12","/FRFP layout.png","2"
"2/6/2026 10:46:43 AM","","Jauregui Architect Builders","FLAT POLISH","4","ATHOS WHITE","MS","BATH 4 WALL BELOW VANITY","266 Club Ranch Ct - Athos White - Bath 3/4/5/Pool Bath Vanities/Walls/Ceilings","Remove shower back wall from the drawing","13639","1","19950","91","🤚 HOLD MRK 1/23/26, I SENT AN EMAIL ABOUT THIS AREA THAT NEEDS REVISION IS NOT DRAFTED","-1","1/21/2026 2:47:05 PM","13.2","7","12","","2"
"1/25/2026 10:50:54 AM","","BuildCo","FLAT","5","AURORA","OPAL QUARTZ","KITCHEN","4009 North Hills Drive","see Gabe's new template file from 1/21","14890","1","20793","","","-1","1/21/2026 4:23:38 PM","106.5","5","12","","4"
"3/11/2026 4:01:53 PM","","Stewart and Company","","","","","BATH 3 (PIPPA LOU","2700 Island Ledge Cv","Move the piece to a corner of the slab even if it doesn't have any veins. We have to save as much material as possible for future phases.","15089","2","20585","","","-1","3/11/2026 2:45:34 PM","1","","15","","3"
"3/12/2026 9:25:48 AM","","Texas Construction Company","","","","","SANDI","907 Terrace Mountain Drive","Reduce depth of all countertops by 1/8""","14273","1","20562","3","","-1","3/12/2026 7:17:56 AM","29.4","","15","","1"
"3/12/2026 9:42:17 AM","","Texas Construction Company","FLAT HONED","5","ABSOLUTE BLACK LEATHERED","GS","BAR (ALSO CALLED KITCHEN BAR)","907 Terrace Mountain Drive","Reduce countertop depth to 29 7/16""","14280","1","20562","1","","-1","3/12/2026 7:18:18 AM","13.1","7","15","","1"
"3/12/2026 1:30:55 PM","","Spitz, Gabriel","FLAT POLISH","5","CALACATTA GOLD (USE POLISHED SIDE OF SLABS)","MS","KITCHEN PERIMETER AND COFFEE BAR COUNTERTOPS","Spitz-1200 Hawks Canyon Circle","Add backsplash to drawing and layout","14970","1","20786","3","","-1","3/12/2026 7:49:48 AM","35.9","7","15","","1"
"3/16/2026 1:58:35 PM","","Spitz, Gabriel","FLAT POLISH","5","CALACATTA GOLD (USE POLISHED SIDE OF SLABS)","MS","KITCHEN PERIMETER AND COFFEE BAR COUNTERTOPS","Spitz-1200 Hawks Canyon Circle","The backsplash will require joints (CM templated this and they don't add the joint locations)","14970","1","20786","3","","-1","3/12/2026 1:32:04 PM","35.9","7","15","","2"
"3/13/2026 9:09:27 AM","","Enabler LLC","1 1/2","4","WHITE","QUARTZ","VANITY","Enabler - 1117 Salina St.","Change layout per discussion b/t Tracy","15096","8","20886","","","-1","3/12/2026 2:45:27 PM","8","5","15","","3"
"3/13/2026 9:18:37 AM","","Patten, Elaine","FLAT","5","SKY WHITE HONED","MS","VANITY","Patten-4010 Long Champ Drive 21","Please remove the note that mentions the faucet. Faucet info has been added to MW since 3/4","15027","7","20862","","","-1","3/12/2026 5:08:00 PM","15.6","15","15","","3"
"3/16/2026 2:12:36 PM","","Meridian Custom Homes","FLAT","5","MIAMI WHITE","SS","UTILITY - LOWER AND UPPER COUNTERTOPS","4907 Strass Drive","reduce right side overhang to be 3/4"" so it matches front overhang","15068","1","20876","2","","-1","3/13/2026 12:07:46 PM","26.6","5","15","","1"
"3/17/2026 9:17:08 AM","","Kelly, Susie","FLAT","5","CHARCOAL SOAPSTONE SUEDE","SS","KITCHEN","Kelly-2402 Sutherland Street","Please remove the embedded metal and notes from the drawing. Per Denis.","15108","1","20887","3","","-1","3/16/2026 9:04:19 AM","56.5","15","12","","2"
"3/17/2026 9:35:13 AM","","ALEXANDRA AUTHIER","FLAT HONED","5","BIANCO CARRARA HONED","MS","BATHROOM VANITY","Authier-3505 West Avenue","change to mill splash to 5/8"", move faucet and sink forward by 1/4"", match radius on splash close to clients sketch","14703","1","20755","","ERICK DWG","-1","3/16/2026 10:00:32 AM","9","9","15","/alex authier.png","1"
"3/17/2026 2:53:17 PM","","Texas Construction Company","1 1/2","3","STRIATA","CAESARSTONE PORCELAIN","PRIMARY HIS VANITY","907 Terrace Mountain Drive","Revise per 3/13 retemplate","14949","1","20562","","MARKOS DWG","-1","3/16/2026 11:01:01 AM","17","7","15","","2"
"3/17/2026 9:35:54 AM","","R Builders","SMALL OGEE","5","BIRCHWOOD","METROQUARTZ","UTILITY/LAUNDRY","9121 CAMELBACK DR","REMOVE PC 2 OF 5","13463","1","19968","5","MARKOS DWG","-1","3/16/2026 4:02:51 PM","69.3","9","","","2"
"3/17/2026 10:34:13 AM","","R Builders","CUSTOM","5","calacatta michelangelo","QZ","GUEST BATH 2 (BENCH TOP- VANITY)","9121 Camelback Dr","CHANGE 40"" DIMENSION TO 37"" ; CHANGE EDGE ON SHOWER BENCH (PC 9 OF 9) TO 1/2 BULLNOSE, NOTE FOR INSTALL TO ALIGN SPLASH WITH START OF SMALL OGEE","12061","1","19968","9","JOSHUA DWG - SORRY HIT ENTER BEFORE IT WAS READY- CHANGE 40"" DIMENSION TO 37"" ON PC 8 OF 9!!!!","-1","3/16/2026 4:05:07 PM","29","9","15","","1"
"3/18/2026 10:00:38 AM","","R Builders","DUPONT","5","Calacatta MICHELANGELO","MS","THEATRE POWDER (POWDER 2)","9121 Camelback Dr","REDUCE PC 2 OF 2 BY DIMENSION OF DUPONT (SEE HERE FOR REFERENCE) ONLY DO THIS FOR OPEN END, WALL SIDE REMAINS THE SAME","12064","1","19968","","MARKOS DWG","-1","3/16/2026 4:09:47 PM","6.81","9","12","/Alpha-Granite-65.jpg","2"
"5/12/2026 4:31:05 PM","","R Builders","SMALL OGEE honed","5","MYKONOS ag to hone","QZ","ODK W/ PASS THRU, POOL BUFFET","9121 Camelback Dr","REMOVE HOLES FOR FAUCET AND AIR SWITCH, ADD INSTALL NOTE TO DRILL FAUCET AND AIR SWITCH ON SITE. CHANGE TO MITERED SEAMS AT CORNERS","13121","1","19968","","MB 5/6- CUSTOMER APPROVED BUTTERFLY JOINTS PLEASE PROCEED! WAITING FOR CUSTOMER TO APPROVE BUTTERFLY JOINTS","-1","3/16/2026 4:11:10 PM","122.5","9","15","","1"
"3/18/2026 8:29:17 AM","","Oliver, Clara","FLAT HONED","4","CLOUDBURST CONCRETE","CS","VANITY","Oliver-6409 Farmdale Lane (2026)","remove outlet cut from drawing","15038","1","20851","3","MARKOS- Also add note to cut outlet on site","-1","3/17/2026 9:31:04 AM","19.7","5","12","","1"
"3/15/2025 3:56:07 PM","","Alex Cahue Construction","1/4","4","NORWEIGAN ROSE","MS","SHOWER NICHE SURROUND","5605 Lakeview Drive","customer changing edge profile to flat - please revise to flat edge","13415","2","20361","5","","-1","1/27/2025 4:44:27 PM","2.2","9","6","","1"
"3/15/2025 3:56:07 PM","","Vick Homes","FLAT HONED","5","BLACK HONED","SOAPSTONE","KITCHEN, LAUNDRY, PANTRY","3102 Fleece Flower Cv","Customer would like to add a left side splash in the laundry.","12820","1","20198","17","","-1","1/29/2025 8:54:36 AM","113.2","7","6","","1"
"3/15/2025 3:56:07 PM","","Austin Turnkey Services, Inc.","6CM BUTT JOINTED EDGE (BEVEL OVER FLAT)","5","TAJ MAHAL","QZ","KITCHEN PERIMETER, KITCHEN ISLAND","3148 ABOVE STRATFORD PL","Add air switch hole (see faucet info in MW). Add bevel edge at sink cutouts. Builder wants to confirm there is enough room for the lams to be 2 1/4"" deep (he thinks that will make the overhang way too large).","13301","1","20297","5","","-1","1/29/2025 9:07:59 AM","117.7","7","6","","1"
"3/15/2025 3:56:07 PM","","FSB Custom Homes, LLC","3CM MITERED","6","HAMPTON WHITE HONED","MS","B3 TUBDECK/SHOWERNICHE, B4 TUBDECK/SHOWERNICHE, THRESHOL, B5 TUBDECK/SHOWERNICHE","3703 MEADOWBANK DR","The tub lamination pieces are not on the DXF/slabsmith layout.","13252","1","20186","25","","-1","1/29/2025 2:13:07 PM","91.5","7","6","","3"
"3/15/2025 3:56:07 PM","","FSB Custom Homes, LLC","3CM MITERED","6","HAMPTON WHITE HONED","MS","B3 TUBDECK/SHOWERNICHE, B4 TUBDECK/SHOWERNICHE, THRESHOL, B5 TUBDECK/SHOWERNICHE","3703 MEADOWBANK DR","Please add Bath 3 threshold and Bath 5 threshold to drawing. Templated but not on original fab form.","13252","1","20186","28","","-1","1/30/2025 3:15:55 PM","96","7","6","","2"
"3/15/2025 3:56:07 PM","","Ignite Outdoor Kitchens","1 13/16","3","MICRON","DEKTON","OUTDOOR KITCHEN","4900 Old Bee Cave Rd","Vent testing piece needed and then needs to be added accordingly","13227","1","20314","","","-1","1/30/2025 4:42:48 PM","98","5","15","","1"
"3/15/2025 3:56:07 PM","","Classic Constructors","FLAT HONED","5","WINTERBOURNE MATTE","CAMBRIA","PREP KITCHEN, PANTRY, PRIMARY BATH MAIN VANITY, PRIMARY BATH HER VANITY","5123 Indigo Spires Way","3. PRIMARY BATH HER VANITY (RE TEMPLATE): 6.5 SQFTA. CAD:1. THIS PIECE WAS TEMPLATED AND A NEW FILE WAS UPLOADED TO MW","12149","1","19932","18","","-1","1/31/2025 9:36:07 AM","178","7","6","","1"
"3/15/2025 3:56:07 PM","","Classic Constructors","FLAT POLISH","5","TAJ MAHAL","QZ","BAR COUNTERTOPS","5123 Indigo Spires Way","The countertops need to be laid out with the backsplash that has already been installed to ensure a good vein match.","13334","1","19932","2","Countertops added to backsplash Slabsmith layout.","-1","2/3/2025 8:48:21 AM","25","7","15","","3"
"3/15/2025 3:56:07 PM","","Waller Building Company, LLC","FLAT","4","CALACATTA VAGLI TO BE HONED","MS","KITCHEN PERI COUNTER SPLASH,KITCHEN ISLAND,POOL BATH VANITY SHOWER SHELF MOCK UP","4605 STRASS DR","please revise slabsmith to customer's comments in the attached.","13376","2","20197","","","-1","2/3/2025 11:22:16 AM","100","9","6","/Vagli Slabs - ELL Comments.pdf","1"
"3/15/2025 3:56:07 PM","","VICK HOMES","FLAT POLISH","5","CRYSTAL ACQUA","QZ","PRIMARY BATH VANITY/MIRROR FRAME, TUB BACKSPLASH","3102 Fleece Flower Cv","Please lay out the tub backsplash pieces with the tub deck (already cut and installed)","12911","1","20198","9","","-1","2/3/2025 11:43:23 AM","51.2","7","15","",""
"3/15/2025 3:56:07 PM","","ALPHA GRANITE SHOWROOM","FLAT POLISH","4","Acquamare","QZ","ACQUAMARE ITEMS","2025 Showroom Items","Please add the cutouts on the board (1 of 7 - I'll upload an example) and a note for the shop to glue the hardware to the bottom of the lazy susans (5-7 of 7)","13439","2","20337","7","","-1","2/4/2025 10:43:45 AM","11.6","7","6","/19770 - AMAZONITE CRISTALLO ITEMS-SCT APPROVED.pdf","5"
"3/15/2025 3:56:07 PM","","ALPHA GRANITE SHOWROOM","FLAT POLISH","4","CALACATTA GOLD BORGHINI","MS","CALACATTA GOLD BORGHINI ITEMS","2025 Showroom Items","Please add the cutouts on the board (1-4 of 7 - I'll upload an example)","13445","2","20337","7","","-1","2/4/2025 10:44:40 AM","11.3","7","6","/19770 - AMAZONITE CRISTALLO ITEMS-SCT APPROVED_1.pdf","5"
"3/15/2025 3:56:07 PM","","ALPHA GRANITE SHOWROOM","FLAT POLISH","4","CALACATTA MONET","MS","CALACATTA MONET ITEMS","2025 SHOWROOM ITEMS","Please add a note for the shop to glue the hardware to the bottom of the lazy susans (1-2 of 2)","13446","2","20337","2","","-1","2/4/2025 10:45:16 AM","3.6","7","6","","5"
"3/15/2025 3:56:07 PM","","ALPHA GRANITE SHOWROOM","FLAT POLISH","4","CALACATTA VAGLI","MS","CALACATTA VAGLI ITEMS","2025 SHOWROOM ITEMS","Please add the cutouts on the board (1-2 of 2 - I'll upload an example)","13447","2","20337","2","","-1","2/4/2025 10:45:54 AM","2.4","7","6","/19770 - AMAZONITE CRISTALLO ITEMS-SCT APPROVED_2.pdf","5"
"5/19/2026 9:47:58 AM","","Stewart and Company","FLAT HONED","5","RHINO WHITE HONED","MS","KITCHEN COUNTERTOPS, FHBS, CEILING.","2700 Island Ledge Cv","Revise per attachment","15093","1","20585","12","WEDNESDAY","-1","5/14/2026 7:16:12 AM","135.5","7","15","/20585 - KITCHEN COUNTERTOPS, FHBS, CEILING-1 - REDLINES.pdf","1"
"5/20/2026 9:52:14 AM","","J9 Homes","FLAT","5","Calacatta Cremo","MS","KITCHEN PERIMETER W/ 5","4205 Bennedict Lane","please revise to add shelf- look at template dimensions from template on 4/29","15276","1","20943","4","","-1","5/14/2026 9:09:17 AM","65.6","9","15","","2"
"5/20/2026 9:09:38 AM","","J9 Homes","FLAT","5","BIANCO CARRARA ** AG TO HONE **","MS","GIRLS BATH SHOWER ACCESSORIES","4205 Bennedict Lane","please add the primary shower niche to this shop drawing and remove from slabsmith layout for calcatta cremo","15274","1","20943","","","-1","5/14/2026 9:13:59 AM","11.05","9","15","","1"
"5/19/2026 1:43:32 PM","","","","","","","","","please add a joint centered on the sink and faucet holes. please ensure there is a note to drill holes on site- these are NOT to be drilled in the shop! please upload and copy slabsmith","14897","1","20799","2","","-1","5/14/2026 9:16:49 AM","22.8","","15","/20799.jpg","2"
"6/19/2026 4:02:32 PM","","J9 Homes","FLAT","5","CALACATTA CREMO","MS","PRIMARY BATH VANITY","4205 Bennedict Lane","please cross reference template file from Gabe's template 4/30","15280","1","20943","5","NOT ON HOLD -- SEE EMAILS. REQUESTED ON 5/20- MB ON HOLD - NOT TEMPLATE FILES","-1","5/14/2026 9:21:13 AM","29.2","9","15","","1"
"5/20/2026 10:27:54 AM","","Tatanka Group","FLAT","5","BLACK PEARL, LEATHERED FINISH","GS","WET BAR,LAUNDRY,MASTER,POWDER, SCULLERY","6610 FM 1120","Scullery sink and faucet look off- is this correct? Laundry- Add 2"" backsplash and sidesplash on both sides remove scribing details at laundry.","15362","1","20982","25","","-1","5/14/2026 10:45:30 AM","113","6","15","","1"
"5/20/2026 10:04:09 AM","","Lindsay Grant","WATERFALL","5","WHITE EVE","QZ","KITCHEN PERIMETER, KITCHEN ISLAND","Grant-2101 Antone Street","please move air switch to be in line with the left corner of the sink like the attached photo","14820","1","20950","4","TUESDAY","-1","5/14/2026 10:59:28 AM","70.7","9","","/20950.jpg","1"
"5/19/2026 11:59:37 AM","","Texas Construction Company","SMALL OGEE HONED","4","CALACATTA VIOLA ANTICO HONED","MS","PRIMARY TUB DECK","2308 Townes Lane","1/4"" overhang on the front of the tub and a 1/8"" overhang on the right edge (shower side)","15307","1","20782","1","","-1","5/14/2026 11:08:31 AM","30.2","7","15","","1"
"6/19/2026 8:50:54 AM","","Stewart and Company","OGEE HONED","5","CALACATTA GOLD HONED","MS","PRIMARY SHOWER NICHE","2700 Island Ledge Cv","Edge should be ogee, not small ogee","15252","1","20585","","","-1","6/15/2026 8:08:46 AM","1","7","6","","3"
"6/15/2026 3:20:28 PM","","Meridian Custom Homes","FLAT HONED","4","SARDINIA HONED","MS","KITCHEN SINK ISLAND, KITCHEN PERIMETER, FHBSP","3504 BARTON POINT DRIVE","Multiple issues with slabsmith layout see email sent 6/15","15454","1","21010","7","","-1","6/15/2026 2:55:45 PM","99.61","5","12","","3"
"6/23/2026 11:48:55 AM","","Jauregui Architect Builders","2","4","FANTASY MACAUBAS","QZ","OFFICE, HALL 2 BREAKFAST BAR","266 Club Ranch Ct - Fantasy Macaubas - Office, Hall 2 Breakfast Bar","Change the joint location between pieces 2 and 4 to be lined up with the joint between pieces 3 and 5. See Katy with questions.","14839","1","20971","","CAN JOINTS BE CENTERED OVER THE KNEE SPACES?","-1","6/16/2026 11:46:43 AM","89.5","7","15","","1"
"6/19/2026 6:01:52 AM","","Maddie Sanders","FLAT","5","SARATOGA SILVER","GS","KITCHEN PERIMETER   ISLAND","612 Arrowood Place","customer added air switch- place 8"" to the left of the faucet (Insinkerator Sinktop Switch (STS-00SN))","15493","1","21020","4","","-1","6/17/2026 3:17:27 PM","58.4","9","12","","1"
"6/22/2026 3:33:31 PM","","Kellett Norris Custom Contracting","FLAT","4","VIVID WHITE","CS","VANITY, KITCHEN ISLAND, KITCHEN PERIMETER","5005 Shoalwood Avenue","From outside edge on overhang side the pop ups will be 14.5 inches in and 3.5 inches over to the center and vanity splash is 6"" tall with 3"" scallop corners","15297","8","20946","6","","-1","6/17/2026 4:19:32 PM","59.8","5","6","","1"
"6/19/2026 6:33:35 AM","","Meridian Custom Homes","FLAT HONED","5","CREMA MARFIL HONED","MS","GIRLS BATH","3504 BARTON POINT DRIVE","4 inch splashes on back and right side was not on template but needed ALSO center sink in whole vanity which can be done according to photo of the cabinet","15452","1","21010","1","","-1","6/17/2026 4:31:57 PM","7.4","5","12","","4"
"6/19/2026 6:16:40 AM","","Meridian Custom Homes","FLAT HONED","5","NEGRESCO HONED","GS","GAMEROOM","3504 BARTON POINT DRIVE","Rotate sink 90 degrees and change to single hole faucet","15453","1","21010","1","","-1","6/17/2026 4:33:46 PM","9.9","5","12","","2"
"7/2/2026 12:55:40 PM","","Jauregui Architect Builders","FLAT HONED","5","EMERALD LUNDHS LEATHERED","GS","GREAT ROOM FIREPLACE HEARTH","266 Club Ranch Ct - Lavezzi - Great Room Fireplace","Remove the joint from where it is and add 2 joints, one at each end of the firebox opening","15146","1","20972","8","","-1","6/30/2026 1:53:35 PM","29","7","6","","1"
"7/8/2026 9:35:01 AM","","Townline Development","N/A","6","STEEL","STEEL","METAL WORK FOR KITCHEN BACKSPLASH SHELF","3813 Avenue H","see email sent on morning of 7/2","14459","2","20305","2","","-1","7/2/2026 9:34:16 AM","1","9","6","","1"
"7/6/2026 3:07:04 PM","","Stewart and Company","","","","","BATH 3 (PIPPA LOU","2700 Island Ledge Cv","Niche should overhang tile by 1/8"", not 1/4""","15089","1","20585","","","-1","7/2/2026 2:35:46 PM","1","","15","","1"
"7/6/2026 3:40:31 PM","","Muncie Construction","FLAT","5","REGAL ARABESCATO GOLD","STRATUS QUARTZ","KITCHEN/FHBS/ISLAND/POWDER/GUEST/PRIMARY","1415 Hwy 39 - Main House (2026)","please see spec sheet-downdraft is in the center of range not behind. remove shaving bsp to 2cm andleave as 3cm-it should fit.","15506","1","21019","","","-1","7/6/2026 8:26:53 AM","159.45","6","15","/downdraft jennair cooktop .png","2"
"7/6/2026 4:48:41 PM","","Ignite Outdoor Kitchens","FLAT","5","BLACK PEARL","GS","OUTDOOR KITCHEN","801 Cedar Park Drive","see attachment bc notches etc are wrong","15580","1","21038","11","","-1","7/6/2026 8:42:58 AM","32.8","5","15","/email for corrections.png","3"
"7/10/2026 11:27:24 AM","","DiSimone, Tony","DOUBLE QUARTER ROUND","5","SANDALUS LEATHERED","QZ","WINE ROOM, GAMEROOM BAR","DiSimone -24422 W Hwy 71","see file for outdoor bar area changes","14795","1","20784","12","","-1","7/9/2026 9:51:36 AM","125.2","5","6","/Outdoor Bar changes.png","1"
"7/13/2026 8:35:42 AM","","Jauregui Architect Builders","2","4","FANTASY MACAUBAS","QZ","OFFICE, HALL 2 BREAKFAST BAR","266 Club Ranch Ct - Fantasy Macaubas - Office, Hall 2 Breakfast Bar","Customer wants to change joint locations to maximize the length of the slab. Please revise the drawing and DXF (see attached) and I will work on the slabsmith layout.","14839","1","20971","","🤚 - SENT CLARIFICATION EMAIL TO CUSTOMER","-1","7/9/2026 10:51:06 AM","89.5","7","6","/office joints.png","1"
"7/13/2026 8:57:25 AM","","Muskin Company, The","FLAT HONED","5","FRESH CONCRETE","CS","LAUNDRY CT, MUD CT, GUEST BATH VANITY, PRIMARY VANITY AND SPLASH","6604 Mesa Drive","Guest vanity is missing from drawing but is on template file on pg 14","15562","1","21006","","also, they want the MUD room to get added to the Kitchen etd drawing. I've done a new SS layout theyve approved so when adding to layout use TR version to modify.  Primary Vanity splash needs to be 2cm","-1","7/9/2026 2:29:30 PM","41.6","5","6","","1"
"8/26/2026 2:26:48 PM","","Pinnacle Modern","MITER","3","BASALT GREY","NEOLITH","GUEST 1, HYDRATION CENTER","1306 Rockcliff Road","Length for the bench is 40"" (Per builder. Please add a note). Niche has to be assembled on site (length will have to be modified). Please remove the note that says to be built in the shop.","15639","7","21027","10","","-1","8/25/2026 2:10:36 PM","37","15","6","","1"
"8/26/2026 1:55:39 PM","","Pinnacle Modern","MITER","5","TAHITI","QZ","PRIMARY VANITY, W.C. NICHE | GUEST 3 VANITY, BENCH, NICHE","1306 Rockcliff Road","Missing WC Niche","15544","7","21027","15","","-1","8/25/2026 2:56:45 PM","56.3","15","6","","1"
"8/26/2026 2:20:09 PM","","Pinnacle Modern","MITER","3","STRATA ARGENTUM","NEOLITH","FAMILY ROOM TV BENCH","1306 Rockcliff Road","Length and height are approved. Please adjust the top width to match the 14 5/8” rough framing (see photos). Gabe does not need to remeasure; I verified this across the entire bench. Once revised, we will approve the drawings.","15535","7","21027","5","","-1","8/25/2026 3:42:17 PM","32.5","15","6","","1"
"8/28/2026 9:48:30 AM","","Pinnacle Modern","MITER","5","TAHITI","QZ","PRIMARY VANITY, W.C. NICHE | GUEST 3 VANITY, BENCH, NICHE","1306 Rockcliff Road","Please change Bath 3 vanity set back from 5 1/4"" to 4""","15544","7","21027","15","","-1","8/26/2026 3:28:43 PM","56.3","15","6","","1"
"8/27/2026 4:38:49 PM","","Pinnacle Modern","MITER","3","BASALT GREY","NEOLITH","GUEST 1, HYDRATION CENTER","1306 Rockcliff Road","The note still says that the niche is to be glued in the shop. Niche needs to be assembled on site since the length will have to be adjusted.","15639","7","21027","10","ALSO ADD CAPS TO ENDS OF TOP & BOTTOM PIECES AT OVERHANG PAST WALL","-1","8/26/2026 3:31:48 PM","37","15","6","","3"
"8/31/2026 11:49:43 AM","","Warriner Construction, LLC","FLAT","5","MIAMI WHITE","SS","KITCHEN PERIMETER, ISLAND, PANTRY, COAT CLOSET, FITNESS/CABANA BATH","1415 W. 10th St. (2025)","See MW for new cooktop model number and it is flushmout","15047","1","20638","22","","-1","8/27/2026 10:05:28 AM","212","5","6","","1"
"9/1/2026 12:12:47 PM","","RisherMartin","","","REGAL D","STRATUS QUARTZ","SANDY BATH (BATH 3) SHOWER BENCH AND NICHE","5010 Amarra Drive","change niche per attached  file","15637","1","20592","7","","-1","8/27/2026 4:24:09 PM","20.9","","6","/20592 - SANDY BATH (BATH 3) SHOWER BENCH AND NICHE - RM Comments.pdf","1"
"3/15/2025 3:56:07 PM","","Fletco Construction","","","","","MEN","201 Fort McKavitt St - Mason Courthouse","notes on block drawing regarding trash hole needs to be removed. trash hole information is in MW under the sink info- please edit drawingto reflect 5"" polished trash hole thanks","12754","1","20192","6","","-1","11/12/2024 3:25:50 PM","39.7","","6","","5"
"3/15/2025 3:56:07 PM","","FIA Homes","MITER","5","LEATHERED RIVER BLUE","MS","PRIMARY BATH","7001 Oak Shores","From BrunoOscar wants the channel for the shower bench to be opened (under it) 4” from the front edge all across the piece (left to right)we have a sample of the light strip","12815","1","20112","8","","-1","11/13/2024 9:11:06 AM","57.7","5","6","","1"
"3/15/2025 3:56:07 PM","","FIA Homes","FLAT HONED","4","RUGGED CONCRETE","CS","CUSTOMER FAB ONLY CASITA BATH SHELF","2112 PARAMOUNT","Please create a dxf for this one. I will put on the same layout as the Family Room Cap","12961","2","20173","1","DXF CREATED :)","-1","11/13/2024 10:24:20 AM","0.2","5","6","","5"
"3/15/2025 3:56:07 PM","","SAGIV","","","","","","","Please add a seam in the middle of 1B of 7 and 2B of 7. I had to add dynamic seams in the slabsmith to get it to fit","12918","1","20224","7","","-1","11/13/2024 11:22:15 AM","71.8","","6","","5"
"8/27/2025 10:49:41 AM","","Sebastian Construction Group","MITER","5","wakanda","QZ","KITCHEN ISLAND: PRIMARY STN-12A","3005 WESTLAKE DR","see email","14017","1","20432","19","","-1","8/22/2025 3:56:32 PM","120.3","9","15","","1"
"9/9/2025 9:56:07 AM","","Rauser Construction","FLAT HONED","4","HONED VIOLEG 1974","TERRAZZO","BATH 1 VANITY","3805 Balcones Drive","Change per attached file","14208","1","20455","1","","-1","8/25/2025 10:30:07 AM","6.5","5","6","/Bath 1 vanity changes.png","1"
"9/9/2025 9:56:16 AM","","Rauser Construction","FLAT HONED","4","HONED BOT 15 1974","TERRAZZO","BATH 2 VANITY","3805 Balcones Drive","change per attached file","14218","1","20455","1","","-1","8/25/2025 10:31:21 AM","13.3","5","6","/Bath 2 vanity changes.png","1"
"9/11/2025 2:31:43 PM","","Rauser Construction","MITER","4","CALACATTA MONET HONED","MS","POWDER, OFFICE BATH","3805 Balcones Drive","Change both per attached file","14207","1","20455","12","🔥🔥🔥 see email off hold. - HOLD 8/26 - CLARIFICATION REQUESTED, UNSURE OF WHAT AN ASYMMETRICAL OGEE IS.","-1","8/25/2025 10:35:40 AM","38.5","5","6","/Powder & Office changes.pdf","1"
"8/26/2025 4:55:35 PM","","Lakeline Homes","FLAT POLISH","5","LUX AURUM","PENTAL QUARTZ","KITCHEN","4126 Sequoia Trail","Revise layout so island ONLY is on l-shape","14291","1","20641","3","","-1","8/25/2025 12:31:26 PM","42.8","5","6","","3"
"8/26/2025 4:10:55 PM","","FSB Custom Homes, LLC","SMALL OGEE","5","CALACATTA GOLD HONED","MS","MUDROOM","3602 Murillo Circle","The installer will need to modify 2 areas of the countertop after install in order for the builder to mortise in 2 strike plates. Please add an install note for this.","12475","1","19918","4","","-1","8/25/2025 1:05:55 PM","26","7","6","","1"
"8/26/2025 4:03:12 PM","","FSB Custom Homes, LLC","FLAT HONED","5","CALACATTA GOLD HONED","MS","KITCHEN ISLAND, REMAINDER OF KITCHEN PERIMETER","3602 Murillo Circle","Please answer questions per attached document.","11903","1","19918","2","","-1","8/25/2025 1:20:01 PM","79.2","7","6","/19918 - KITCHEN ISLAND-BLOCK - FSB Rev. 1 - 8.25.25.pdf","3"
"8/26/2025 4:13:53 PM","","FSB Custom Homes, LLC","FLAT HONED","5","PLATINUM LEATHERED","QZ","BAR","3602 Murillo Circle","Please answer questions/revise per uploaded doc.","12673","1","19918","","no doc uploaded, marked complete so could be resubmitted with all necessary info.","-1","8/25/2025 1:27:17 PM","24.5","7","6","","1"
"8/27/2025 10:38:05 AM","","Vitek McIver Homes","1 3/4","4","CALACATTA LASA HONED","MS","PRIMARY BATH VANITY","345 PECAN GROVE DRIVE","333101 has already been cut. Please use 334284.","14105","1","20408","1","","-1","8/25/2025 2:49:24 PM","19.5","7","6","","3"
"8/29/2025 12:01:44 PM","","Vitek McIver Homes","1 3/4","4","CALACATTA CIOLA VAGLI HONED","MS","KITCHEN, DROP STATION","345 Pecan Grove Drive","Drop Station is being templated on 8/27. Please add to drawing and SS layout. Also, please move kitchen island to 333106 so veining on perimeter countertops and backsplash flow in same direction.","14102","1","20408","9","","-1","8/26/2025 4:47:15 PM","110.4","7","15","","3"
"8/27/2025 4:11:34 PM","","Task Building LLC","FLAT","6","MIAMI WHITE","SS","MUD ROOM","502 Fulton Street","CAN WE ADD BACKSPLASH AND 1 SIDESPLASH PLEASE? tHANK YOU jOSH!!!!! :-)","14329","7","20507","3","","-1","8/27/2025 1:50:42 PM","8.3","6","6","","2"
"8/29/2025 12:05:11 PM","","Sebastian Construction Group","MITER   FLAT","5","ABSOLUTE BLACK","GS","KITCHEN ISLAND: APRON   RUNNER STN-12B","3005 Westlake Drive","revision per meeting today: please adjust to measurements in markups and determine profile of runnels with minimal radius","14016","1","20432","5","","-1","8/27/2025 3:36:40 PM","12","9","6","/20432 - KITCHEN ISLAND PRIMARY STN 12A REV1- BLOCK - RC REVIEWED - 26AUG25.pdf","1"
"8/29/2025 12:05:19 PM","","Sebastian Construction Group","MITER","5","wakanda","QZ","KITCHEN ISLAND: PRIMARY STN-12A","3005 WESTLAKE DR","create revision as per meeting today; change to 63-1/2"" from 63-3/8"", note that finished dim of knee wall depth is 18"" not 20"" (pcs 6   7 of 19)","14017","1","20432","19","","-1","8/27/2025 3:39:22 PM","120.3","9","6","/20432 - KITCHEN ISLAND PRIMARY STN 12A REV1- BLOCK - RC REVIEWED - 26AUG25_1.pdf","1"
"8/28/2025 9:55:34 AM","","Vinson Radke Homes","MITERED","2","SANDIK","DK","POOL WALL","801 W Johanna St","Please show dimensions of light cutouts, as well as dimensions of light cutout placements","14285","1","20379","17","","-1","8/28/2025 5:54:55 AM","287","7","6","","3"
"8/28/2025 9:40:27 AM","","FSB Custom Homes, LLC","FLAT HONED","5","PLATINUM LEATHERED","QZ","BAR","3602 Murillo Circle","See attachment","12673","1","19918","","","-1","8/28/2025 6:08:51 AM","24.5","7","6","/19918 - BAR-BLOCK - FSB Rev. 1 - 8.25.25.pdf","3"
"3/15/2025 3:56:07 PM","","FIA Homes","FLAT POLISH","4","IRONSBRIDGE","CAMBRIA","BREAKFAST NOOK, KITCHEN PERIMETER","2112 Paramount","add missing kitchen top to the left of the sink top","12723","1","20173","8","ADDED BLOCK AND DXF FOR PC","-1","11/20/2024 11:06:52 AM","111.4","5","6","","3"
"3/15/2025 3:56:07 PM","","Vinson Radke Homes","FLAT HONED","5","BELGUIN BLUE","LIMESTONE","MUDROOM COUNTERTOP","1104 Maufrais St.","Remove Bath 2 from the layout","12975","1","20244","1","MUDROOM COUNTER LAYOUT CREATED AND IN S DRIVE :)","-1","11/20/2024 12:38:44 PM","12","7","6","","3"
"3/15/2025 3:56:07 PM","","Vinson Radke Homes","CUSTOM","4","CALACATTA VIOLA (TO BE HONED BY AG)","MS","GUEST BATH","1104 Maufrais St.","Is this possible for the custom edge?1. Move the ""scoop"" up towards the top of the counter. Preferably 3/8"" from the top. 2. Decrease the scoop size/height (currently at 1 9/16""). Can this be approx 1""? 3. Decrease the bullnose to 1/2"" at the bottom.","12972","1","20244","7","BULLNOSE COULD NOT  BE CHAGNED, TIED TO STONE THICKNESS","-1","11/20/2024 3:22:32 PM","10.6","7","6","","1"
"3/15/2025 3:56:07 PM","","RisherMartin","4CM BULLNOSE","4","LEATHERED DARK FUSION","QZ","BAR ISLAND HIGH BAR","433 CORTONA COVE (2024)","Make 1"" Radius at short edge of countertop as noted on marked up drawing.","13048","1","20256","2","","-1","11/20/2024 6:01:20 PM","24","5","6","/Designer Revisions 20256 - BAR ISLAND HIGH BAR-BLOCK.pdf","1"
"3/15/2025 3:56:07 PM","","Rishermartin","Flat","4","Belgian blue honed","Qz","GOLF SIMULATOR","433 cortona cove 2024","Please change edge to 1 1/2"" Miter. Gabe approved and said to add subdecking.","13104","1","20256","1","REVISION COMPLETE, DXF CREATED BUT NO PHOTOS OF MATERIAL","-1","11/20/2024 6:12:55 PM","3.4","5","6","","1"
"3/15/2025 3:56:07 PM","","FIA Homes","FLAT HONED","4","ELLA MATTE","CAMBRIA","PRIMARY HAMPER. BATH 3 HAMPER TOP, LAUN, OFFICE","2112 Paramount","NEW LAUNDRY SINK: model info for sink - SR2318-12-16MW has been updated","13014","1","20173","6","REVISION COMPLETE !","-1","11/21/2024 4:52:19 PM","52.4","5","6","","1"
"3/15/2025 3:56:07 PM","","Machen, Jyoti","FLAT POLISH","4","ORGANIC WHITE","CS","VANITY","Machen-8215 Talbot Lane (2024)","Use this material:CS Organic White 3cm SHAVE TO 2CM!!!327035 NON Left Hand 33*52/28*28 B13","12945","1","20238","3","","-1","11/21/2024 6:00:13 PM","9","5","6","","2"
"3/15/2025 3:56:07 PM","","Vinson Radke Homes","CUSTOM","4","CALACATTA VIOLA (TO BE HONED BY AG)","MS","GUEST BATH","1104 Maufrais St.","Customer would like to remove the bullnose at the bottom (I'm so sorry)","12972","1","20244","7","SLABSMITH UPDATED","-1","11/22/2024 9:38:25 AM","10.6","7","6","","1"
"10/7/2025 2:32:13 PM","","RisherMartin","MITER","1","LIEM DARK POLISHED AND MATTE","PORCELANOSE PORCELAIN","PRIMARY SHOWER SEAT","3312 BEE CAVE","change drwg","14168","1","20300","5","","-1","10/6/2025 3:52:13 PM","16","5","6","/20300 - PRIMARY SHOWER SEAT MARK UP","1"
"11/3/2025 9:06:26 AM","","Burnette Builders","FLAT","5","IJEN BLUE LEATHERED","QZ","KITCHEN PERIMETER   FHBSP","1665 Brushy Ridge Trail","remove stone from countertop down behind range- place seams on splash at shelving","14330","1","20001","9","","-1","10/7/2025 8:51:33 AM","153","9","6","/delete 1665 brushy ridge.png","1"
"10/10/2025 3:54:53 PM","","FSB Custom Homes, LLC","COVE DUPONT HONED","5","CALACATTA GOLD HONED","MS","KITCHEN PERIMETER AT WINDOW WALL","3602 Murillo Circle","MOVE PC 2 OF 4 ONTO NEW FAB FORM BUT LEAVE GREY FOR REFERENCE (LIKE WHAT WE DID IN THE ATTACHED) - ADD SHOP NOTE: NO OVERCUTS   SAVE ALL LEFTOVER PCS, ""PC 2 OF 4 SHOWN FOR REFERENCE ONLY""","13801","1","19918","4","","-1","10/7/2025 1:25:38 PM","43.4","7","15","/EXAMPLE.png","2"
"10/10/2025 3:16:28 PM","","Chambers, Amanda","FLAT POLISH","4","BLANCO MAPLE","SS","LAUNDRY","408 Bear Paw Run","Grommet-move to 29.5"" pc on center from left wall. 2.5"" on center from back wall","14097","1","20594","1","","-1","10/7/2025 6:06:10 PM","16.4","7","15","/Requested grommet change.png","1"
"10/13/2025 12:17:03 PM","","Chambers, Amanda","FLAT POLISH","4","CALACATTA VIOLA","MS","COUNTERTOPS","1603 Woodlawn Blvd. B","Grommet holes should be 2 1/2"". Please also dimension the locations of the grommet holes.","14177","1","20617","3","","-1","10/9/2025 2:23:34 PM","7.9","7","15","","3"
"10/10/2025 4:17:26 PM","","ALPHA GRANITE SHOWROOM","FLAT POLISH","4","SILVER WAVE","MS","SILVER WAVE ITEMS","2025 SHOWROOM ITEMS","Please add 1 more lazy susan since it will fit on the layout.","14500","2","20337","3","","-1","10/9/2025 2:30:06 PM","4.3","7","15","","2"
"10/10/2025 4:05:06 PM","","FSB Custom Homes, LLC","SPECIAL COVE","5","PLATINUM LEATHERED","QZ","BAR","3602 Murillo Circle","remove the 3/4"" x 3/4"" notches on the side splashes","12673","1","19918","","","-1","10/9/2025 4:01:01 PM","24.5","7","15","","3"
"10/14/2025 3:52:00 PM","","Vitek McIver Homes","2 1/2","3","MARMORIO","DK","ODK GRILL AREA","2517 HARTFORD RD","Please change mitered edge to 2 1/2""","14346","1","20563","12","","-1","10/10/2025 11:29:55 AM","44.4","7","6","","1"
"10/28/2025 10:34:36 AM","","Rauser Construction","MITERED","4","CALACATTA LINCOLN (HONED BY ALPHA)","MS","PRIMTUB,BENCH,VT,CLOSET,JAMBSet GT BTH 1/2 WALL","3805 Balcones Drive","10/23 temp for new bs on primary","14214","1","20455","15","","-1","10/24/2025 4:21:57 PM","71.6","5","6","","1"
"10/29/2025 5:22:46 PM","","Cornelius, Diane","FULL BULLNOSE","5","linen cream","SS","MASTER BATH VANITIES AND TUB DECK,.SUROUND/WINDOW SILLS","Cornelius-3988 Junction Hwy","NEW COLOR MSI-Q ARUCA WHITE 3CM 136/75-REMOVE TUB DECK JOINT","14495","1","20148","16","","-1","10/27/2025 8:45:10 AM","84.9","6","12","","1"
"10/29/2025 5:32:54 PM","","Camelot Custom Homes","WATERFALL","4","CALACATTA CARRARA","MS","KITCHEN PERIMETER, ISLAND","1813 RIVERVIEW","change edge to Flat, change color to honed","14557","1","20412","5","","-1","10/27/2025 10:17:29 AM","54.1","5","12","","1"
"10/27/2025 2:29:31 PM","","Ignite Outdoor Kitchens","2","3","CRYSTAL ICE","INFINITY PORCELAIN","OUTDOOR KITCHEN  A (DOWNSTAIRS)","400 Farley Trail","can't have center seam at grill. Make it a stripped in piece.","12575","1","20149","","","-1","10/27/2025 11:13:32 AM","125.5","5","15","","3"
"10/30/2025 12:10:05 PM","","Vitek McIver Homes","FLAT HONED","5","PETRA ESTREMOZ","STRATUS TERRAZZO","DOWNSTAIRS LAUNDRY, UPSTAIRS LAUNDRY","345 PECAN GROVE DRIVE","Revise per 10/27 template","14107","1","20408","8","","-1","10/27/2025 2:34:49 PM","68.8","7","12","","1"
"10/30/2025 2:28:12 PM","","Vitek McIver Homes","1 3/4","4","CALACATTA LASA HONED","MS","PRIMARY BATH VANITY","345 PECAN GROVE DRIVE","Revise per 10/27 template, and add Primary Shower Walls to layout","14105","1","20408","3","","-1","10/27/2025 2:35:23 PM","19.5","7","6","","1"
"11/14/2025 11:48:08 AM","","Vitek McIver Homes","FLAT HONED","5","TAJ MAHAL LEATHERED","QZ","B2 NICHE, B3 NICHE, B4 NICHE, B5 NICHE","345 PECAN GROVE DRIVE","Revise per 10/27 template","14343","1","20408","20","retemplate completed on 11-6 OFF HOLD PROCEED AND SEE EMAIL 🤚 - NOT RE-TEMPLATED YET.","-1","10/27/2025 2:35:59 PM","13.6","7","6","","1"
"10/30/2025 9:35:06 AM","","Ignite Outdoor Kitchens","FLAT","4","MALIBU","DEKTON","ODK","15813 Grumbles Lane","Per grill manufacturer there needs to be 3 vent slits on each set, not two.","14564","1","20721","5","TR: FURTHER CORRECTION:  Notches are 1 9/16” each and a total of 35 5/8”","-1","10/27/2025 5:02:43 PM","51.8","5","6","","3"
"11/21/2025 11:18:11 AM","","Muncie Construction","FLAT","5","NEGRESCO HONED-STOCK","GS","CASITA 1 KITCHENETTE","1598 Hwy 39","designer revision- remove FHBS- sorry and thank you!","14661","1","20749","2","","-1","11/18/2025 4:45:38 PM","20.3","6","6","","1"
"11/21/2025 11:35:20 AM","","Haegelin, Scott","FLAT","5","ATHOS GOLD","GIRLS BATH","GIRLS BATH","Haegelin-4200 Woodway Drive (2025)","Customer change: Make setback 4 3/8"" instead of 3 7/8""","14481","1","20694","1","","-1","11/19/2025 9:53:17 AM","10.7","5","6","","1"
"11/21/2025 11:25:09 AM","","Haegelin, Scott","FLAT HONED","5","CHARCOAL SOAPSTONE SUEDE","SS","BOYS BATH","Haegelin-4200 Woodway Drive (2025)","Customer change: make sink setback 5"" instead of 4""","14480","1","20694","5","","-1","11/19/2025 9:55:33 AM","9.8","5","6","","1"
"11/21/2025 1:22:36 PM","","Lisa Parker Interiors","FLAT","4","BIANCO CARRARA DUAL FINISH","MS","SHOWER CURB, SHOWER BENCH","6201 River Place Boulevard Unit 4 - Fab Only","please change curb measurement to 6""","14712","2","20766","2","","-1","11/19/2025 1:26:20 PM","5.8","9","6","/CURB CHANGE.jpg","1"
"11/21/2025 1:57:08 PM","","The Svendsson Brothers, LLC","FLAT","4","PEARL JASMINE","SS","WINDOWSILLS","4300 Nitschke Street - Fab Only","please correct pc 3 of 5 - should be 5-3/4""","14723","2","20767","5","","-1","11/20/2025 7:38:02 AM","6.1","9","6","/Screenshot 2025-11-14 165756.jpg","3"
"11/21/2025 9:38:47 AM","","Gonzales, Jessica","2","4","CALACATTA VAGLI","MS","KITCHEN WITH FHBSP","Gonzales-4928 Bruco Lane","remove scribes(revise linear footage) and change sqft per our convo","14618","1","20740","10","","-1","11/20/2025 3:12:11 PM","134.2","15","6","","1"
"11/24/2025 12:02:12 PM","","Ignite Outdoor Kitchens","2","3","BASALTINO SLATE LEATHERED","STRATUS PORCELAIN","OUTDOOR KITCHEN B (UPSTAIRS)","400 Farley Trail","Detail at splash is incorrect.","12576","1","20149","10","","-1","11/24/2025 10:39:26 AM","72.6","5","12","","3"
"11/25/2025 9:15:18 AM","","White, Daryl","SMALL OGEE AND FLAT EDGE","5","TAJ CELINE MATTE","STRATUS QUARTZ","KITCHEN ISLAND","White-4408 Long Champ Drive 28","Please remove the note that says (confirm the edge profile)","14733","1","20754","2","","-1","11/24/2025 2:14:41 PM","42.1","15","6","","2"
"11/25/2025 9:15:32 AM","","White, Daryl","SMALL OGEE","5","TAJ CELINE MATTE","STRATUS QUARTZ","KITCHEN PERIMETER","White-4408 Long Champ Drive 28","Please remove the note that says (confirm the edge profile)","14734","1","20754","3","","-1","11/24/2025 2:15:09 PM","35.8","15","6","","2"
"11/25/2025 8:42:00 AM","","Sky West Builders","FLAT","4","MIAMI WHITE","SS","BATH 1","1104 ELM ST","Customer dimension changes. see file","14659","2","20748","4","","-1","11/24/2025 4:21:29 PM","7.64","5","6","/REVIEW - 20748 - BATH 1 & BATH 2 THRESHOLD CAPS & BATH 2 SHOWER SEAT-BLOCK (1).pdf","1"
"11/25/2025 9:03:32 AM","","Sky West Builders","FLAT","5","EMPYREAN","STRATUS QUARTZ","KITCHEN, BATH 1 VANITY","1104 Elm Street","Remove faucet holes","14660","8","20748","11",": Remove faucet holes from drawing & add note to drill on site. Make Pc 3 at 5"" deep instad of 4 3/4"". On the layout: Cut dogear pc 2 directly next to pc 1 as this material does have veining. They need to line up perfectly.","-1","11/24/2025 4:26:59 PM","61.7","5","6","","1"
"11/25/2025 9:21:11 AM","","Pankonien Group, The","FLAT","5","CALACATTA CREMO HONED","MS","KITCHEN ISLAND, PERIMETER, FULL HEIGHT SPLASH","8800 Mendocino Drive","Air switch missing. it was supposed to be there 8"" center to the right","14636","1","20734","8","","-1","11/25/2025 9:10:45 AM","97.1","5","6","","3"
"11/26/2025 12:43:15 PM","","Pankonien Group, The","FLAT","5","CALACATTA CREMO HONED","MS","KITCHEN ISLAND, PERIMETER, FULL HEIGHT SPLASH","8800 Mendocino Drive","Complete with window wall dimensions","14636","1","20734","12","","-1","11/25/2025 10:18:52 AM","110.7","5","6","","3"
"1/12/2026 3:30:48 PM","","Rauser Construction","SMALL OGEE","5","DARK EMPERADOR HONED","MS","HIS CLOSET, HIS VANITY","1706 Windsor Road","Per Gabe change: Cabinet is 60""x 30"" with 5 3/4"" R corners. make o/h 3/8"" all sides","14536","1","20691","","IGNORE NOTES SUBMITTED IN REVISION: New CORRECT information is: Cabinet is 56.5"" x 30"" with 5.25"" Radius. Overhang is 3/8"" all around","-1","11/25/2025 11:08:38 AM","46.5","5","6","","1"
"12/1/2025 4:39:35 PM","","Vitek McIver Homes","FLAT","5","TAJ MAHAL","QZ","KITCHEN PERIMETER AND COFFEE BAR","2517 HARTFORD RD","Please split the Coffee Bar onto a separate drawing. Kitchen will move forward first.","14651","7","20563","8","PLEASE ALSO REMOVE THE COFFEE BAR FHBS","-1","11/25/2025 1:29:51 PM","81.4","7","6","","1"
"12/1/2025 2:47:52 PM","","","","","","","","","REVISE SHOP NOTE","14330","1","20001","9"," - - REVISE SHOP NOTE 1- MILL SPLASH PCS 4 AND 5 TO 3/4"" ; MILL SPLASH PCS 6, 7, AND 8 TO 1"". REMOVE PAGE 3 (SLABSMITH LAYOUT)","-1","11/25/2025 3:00:57 PM","153","","6","","1"
"1/20/2026 10:15:24 AM","","Vitek McIver Homes","2 1/2","3","MARMORIO","DK","ODK SINK AREA","2517 Hartford Road","See attachment","14652","1","20563","7","","-1","1/8/2026 1:24:23 PM","37.5","7","6","/Screenshot 2026-01-08 132346.png","1"
"1/8/2026 4:41:50 PM","","Shoberg Homes","3CM FLAT","5","CHARCOAL HONED","LIMESTONE","POWDER 1","302 Inwood","faucet holes are wrong. see link. https://www.thg-paris.com/france/en/collection/icon-x-titanium/6590","14120","1","20333","","","-1","1/8/2026 2:19:30 PM","21.5","5","6","","3"
"1/9/2026 4:46:13 PM","","Beckworth Design Build","FLAT HONED","4","CALACATTA BORGHINI HONED","MS","BATH 4 TUB/FRONT/LEFT/RIGHT, VANITY WALL, SIDE VANITY WALL, CLOSET ENTRY WALL","6 Sundown Parkway","We need to use the material more efficiently since the vanity is a future phase (see attachment for approximate drawing, although over material may be needed for specialty edges)","14300","1","20633","","","-1","1/8/2026 2:23:07 PM","107.85","7","6","/bath 4 vanity.png","3"
"1/14/2026 9:08:04 AM","","Beckworth Design Build","2","4","SARDINIA HONED","MS","BATH 3 VANITY","6 Sundown Parkway","The corners of the integrated sink are supposed to be curved. See attachment.","14299","1","20633","13","off hold","-1","1/9/2026 7:05:42 AM","22.4","7","6","/bath 3 sink.png","1"
"1/12/2026 11:51:14 AM","","Waller Building Company, LLC","FLAT","5","MIAMI WHITE","SS","SHOWER ACCESSORIES: BATH 2, BATH 3, GUEST BATH, PRIMARY BATH","8953 Appaloosa Run","revise pc 4 of 7 to ""Guest Bath Bench""   add Bath 3 Window Sill","14862","2","20477","","","-1","1/9/2026 12:43:20 PM","1","9","6","/App-Bath3Sill.png","1"
"1/13/2026 3:17:29 PM","","J9 Homes","","","","","BUTLER","405 Canyon Rim","please revise shop drawing so joint location matches match approved slabsmith layout","14401","1","20671","2","","-1","1/9/2026 1:26:39 PM","24","","6","/approved butlers pantry_slabs.jpg","1"
"1/12/2026 11:28:08 AM","","Shoberg Homes","","","","","BED 4 (BLYTHE","302 INWOOD","shade out splashes on drwg","14062","1","20333","2","We have to cut and install the desk first then remeasure for the backsplashes.  I made a new fab form for the splashes. The desk drawing needs to still show the backsplashes but have them grayed out and also please still show the placeholders on the Slabs","-1","1/9/2026 4:07:40 PM","19.6","","6","","1"
"2/11/2026 3:48:45 PM","","Jauregui Architect Builders","FLAT POLISH","4","ATHOS WHITE","MS","BATH 3 WALL BELOW VANITY","266 Club Ranch Ct - Athos White - Bath 3/4/5/Pool Bath Vanities/Walls/Ceilings","Please add to layout with the rest of bath 3","13637","1","19950","1","","-1","2/11/2026 11:10:07 AM","8.9","7","6","","1"
"2/11/2026 4:12:35 PM","","Texas Construction Company","FLAT POLISH","5","OPAL WHITE","MS","MASTER BATH VANITY","510 E. 39th Street","Remove the shower curb and shelf from the drawing. Make CAD layout (does not need slabsmith).","14971","8","20845","2","","-1","2/11/2026 11:23:51 AM","20.2","7","15","","1"
"2/11/2026 4:16:20 PM","","Beckworth Design Build","FLAT HONED","4","CALACATTA BORGHINI HONED","MS","BATH 4 TUB/FRONT/LEFT/RIGHT, VANITY WALL, SIDE VANITY WALL, CLOSET ENTRY WALL","6 Sundown Parkway","Layout needs to include other walls (they were not retemplated), not just the tub area","14300","1","20633","","","-1","2/11/2026 3:00:11 PM","107.85","7","6","","3"
"2/12/2026 2:27:22 PM","","Tolliver, Tess","FLAT","5","RAW CONCRETE","CS","GUEST BATH MODIFICATION","Tolliver-993 Hwy 39","ADD 3"" BSP/SIDESP TO MODIFIED PC 1 OF 1-3JOINTS NEEDED-GLUED IN SHOP","15010","1","20704","","","-1","2/12/2026 9:26:16 AM","1","6","6","/TESS TOLLIVER-GUEST BATH MODIFICATION REQUEST .jpg","1"
"2/12/2026 3:14:57 PM","","Nury","","","","","","","please remove supports-customer to supply his own","14916","8","20820","1","","-1","2/12/2026 2:57:50 PM","23.5","","6","","1"
"2/12/2026 4:28:28 PM","","Nury","","","","","","","sent email with PDF guide from Gabe to reflect 1x4 supports -not sure how the block drawing should be revised","14916","8","20820","1","","-1","2/12/2026 3:20:17 PM","23.5","","6","","1"
"2/12/2026 4:28:13 PM","","Miars Construction","FLAT HONED","5","SWAN LEATHERED","QZ","KIT ISLAND, PERIM/FHBSP @RANGE WALL, HALL  BAR/FHBSP, MASTER CLOS","1605 Cliffside Drive","Use layout in Slabsmith labeled CAD TRACY at the end. 335173","14927","1","20664","14","Use Slabsmith layout labeled CAD TRACY.  Slabs 335173 & 335171 were just rephotographed bc they looked to different at the main range wall splash for the architect to approve","-1","2/12/2026 3:35:11 PM","149.3","5","6","","2"
"2/13/2026 9:49:36 AM","","Shoberg Homes","2","4","CALACATTA MONET HONED","MS","POWDER 2","302 Inwood","Try to generate a better Slabsmith layout","14119","1","20333","","","-1","2/12/2026 4:28:56 PM","9.5","5","6","","2"
"2/13/2026 3:51:44 PM","","Beckworth Design Build","2","4","FIOR DI BOSCO HONED","MS","LAUNDRY (utility)","6 Sundown Parkway","Builder is questioning sink cutout size. Please see attached.","14304","1","20633","8","","-1","2/13/2026 8:55:38 AM","42.5","7","15","/6SD-LAUNDRY C.TOP w GG corrections noted.pdf","1"
"3/17/2026 3:06:10 PM","","Texas Construction Company","","","","","SANDI","907 Terrace Mountain Drive","Please confirm that the previous revision (reduce countertop size by 1/8"") was reducing the overhang","14273","1","20562","3","","-1","3/17/2026 11:53:56 AM","29.4","","15","","2"
"3/19/2026 11:38:11 AM","","Tsai, Jessica","FLAT","5","AURORA","OPAL QUARTZ","DESK","Tsai - 4800 Pecan Chase","Do layout on 335156 NON 91x34","14547","1","20708","1","","-1","3/18/2026 1:10:12 PM","17.6","5","12","","2"
"3/19/2026 12:09:33 PM","","R Builders","DUPONT","5","Calacatta MICHELANGELO","MS","THEATRE POWDER (POWDER 2)","9121 Camelback Dr","SEE REVISION FROM DENIS","12064","1","19968","","","-1","3/18/2026 1:58:29 PM","6.81","9","","","2"
"3/23/2026 8:36:44 AM","","Blue Horse Building","FLAT HONED","5","VIA LACTEA LEATHERED","GS","BUTLER PANTRY, MUD TOP, GYM BATH, DOG ROOM","1260 Mesa Ranch Road","Add dog wash templated 3/9","15100","1","20683","8","ON HOLD MRK 3/19/26 : NO DOG WASH PICTURE","-1","3/18/2026 4:10:23 PM","81.6","5","12","","2"
"3/20/2026 4:11:15 AM","","R Builders","DUPONT","5","Platino Dark Premium Leathered Finish","QZ","THEATER VESTIBULE, THEATER BAR","9121 CAMELBACK DR","for markos","13464","1","19968","8","","-1","3/19/2026 12:13:21 PM","41","9","12","","1"
"3/24/2026 11:29:20 AM","","Jauregui Architect Builders","FLAT POLISH","5","TIFFANY EMERALD","QZ","FAMILY ROOM FIREPLACE","266 Club Ranch Ct - Tiffany Emerald - Family Room Fireplace","Revise per retemplate from 3/17","14785","1","19958","16","","-1","3/19/2026 2:07:04 PM","244.3","7","15","","4"
"3/25/2026 8:31:03 AM","","Texas Construction Company","","","","","KEITH","907 Terrace Mountain Drive","Reduce far end length from 54"" to 34""","14268","1","20562","3","","-1","3/20/2026 2:53:50 PM","27.5","","6","","1"
"3/26/2026 11:27:31 AM","","Stehling, Vern","FLAT","5","TAJ MAHAL","QUARTZITE","KITCHEN/MASTER BA/GUEST BATH","115 Dakota Run","CAN WE IMPROVE THE JOINT MATCH AREA? ALSO THE OVERBAR SHOWS VERTICAL IN LAYOUT AND IT SHOULD BE HORIZONTAL -SEE ATTACHED THANKS!","15138","8","20890","10","ON HOLD MIGHT NEED TO REPHOTO THE SLABS - MOVE SINK UP 1/2"" TO MAKE ROOM FOR FAUCET - JCM","-1","3/23/2026 12:20:51 PM","76.7","6","12","/REV REQ SS LAYOUT- KITCHEN-.jpg","3"
"3/25/2026 8:46:44 AM","","Meridian Custom Homes","FLAT","5","ETHEREAL","STRATUS QUARTZ","ISLAND, KITCHEN PERIMETER AND FHBSP, PANTRY, BATH 2","4907 STRASS DRIVE","Make revisions to range area per attached file.","15070","1","20876","14","","-1","3/23/2026 4:57:14 PM","113.9","5","6","/CHANGES TO RANGE AREA.pdf","1"
"3/26/2026 6:05:29 AM","","Blue Horse Building","","","","","ESTEE","1260 Mesa Ranch Road","Needs Slabsmith layout.","15133","1","20683","12","","-1","3/24/2026 10:25:50 AM","35.7","","12","","2"
"3/24/2026 3:02:51 PM","","Blue Horse Building","OGEE","4","CREMO DELICATO HONED","MS","PRIMARY VANITIES","1260 Mesa Ranch Road","Edge changed to flat honed","15104","1","20683","","","-1","3/24/2026 11:44:14 AM","28.9","5","15","","1"
"3/26/2026 6:43:38 AM","","R Builders","DUPONT","5","Calacatta MICHELANGELO","MS","THEATRE POWDER (POWDER 2)","9121 Camelback Dr","add side splash with dupont edge and same radius corner. set both backsplash and side splash inset from countertop edge by 3/4"" - please note this for installers instead of note 1. (see attached- i'm sorry)","12064","1","19968","3","","-1","3/25/2026 12:59:23 PM","7.5","9","12","/theater powder revision.jpg","4"
"3/26/2026 6:54:09 AM","","Farrar, Jill","FLAT","4","AURORA","OPAL QUARTZ","SHOWER THRESHOLD","Farrara-Fab Only Piece","please revise drawing to edit the 3-1/4"" to 3-3/4"" per h/o thanks!","15126","2","20904","","","-1","3/25/2026 2:55:53 PM","1","6","12","/farrar-rev req.pdf","1"
"4/1/2026 7:12:37 AM","","Blue Horse Building","FLAT HONED","5","VIA LACTEA LEATHERED","GS","BUTLER PANTRY, MUD TOP, GYM BATH, DOG ROOM","1260 Mesa Ranch Road","Add accessory holes at Butler pantry sink per attached file.","15100","1","20683","8","","-1","3/26/2026 8:54:24 AM","81.6","5","12","/Butlers Pantry hole drillings.png","1"
"3/26/2026 4:41:40 PM","","R Builders","CUSTOM/FLAT","5","BIRCHWOOD","METROQUARTZ","LAUNDRY SOAP LEDGE, PET CARE HYDRATION STATION, PET CARE CAT FOOD TOP","9121 Camelback Dr","please see new template from 3/25 and revise all three areas- client asked for small ogee on pet care food top and on pet care hydration station. if template says otherwise, please tell meg","14956","1","19968","","","-1","3/26/2026 10:38:54 AM","13","9","15","","1"
"3/27/2026 12:18:24 PM","","Dungan, Brian","WIDE BULLNOSE","5","BLUE LUCE PREMIUM LEATHERED","QUARTZITE","KITCHEN/FHBS/ISLAND/PANTRY/UTILITY","Dungan-747 Baker Lane","please reduce overhang on over bar (pc 17 and 25 of 25) and relabel pieces- looks like a miscount (17 of 24 and 24 of 25)  and remove joint- confirmed with Gabe","14995","1","20854","","","-1","3/26/2026 2:01:45 PM","223","6","15","","2"
"3/15/2025 3:56:07 PM","","ODONNEL JULIA","FLAT POLISH","5","MIAMI WHITE","SS","KITCHEN","ODONNEL 6002 OPEN RANGE TRAIL","Layout was not updated as well when window sill was removed from the drawing. Please also remove all notes on the drawing regarding the window sill and dishwasher clip.  They are not having us provide the clip.","13472","7","20372","3","","-1","2/14/2025 4:36:09 PM","32","5","6","","3"
"3/15/2025 3:56:07 PM","","RisherMartin","MITER","4","LEATHERED DARK FUSION","QZ","BAR SHELF","433 CORTONA COVE (2024)","Changing to be a 4 1/2"" tall backsplash by itself.  There will no more shelf with lighting channel.","13326","1","20256","1","","-1","2/17/2025 2:36:10 PM","2.1","5","6","","1"
"3/15/2025 3:56:07 PM","","RisherMartin","FLAT HONED","4","CALACATTA MONET HONED","MS","POWDER","3312 BEE CAVE","Rework Slabsmith layout per discussion in CAD office","13237","1","20300","","","-1","2/17/2025 2:43:54 PM","27","5","15","","3"
"3/15/2025 3:56:07 PM","","FSB Custom Homes, LLC","3CM MITERED","4","CALACATTA BLUETTE HONED","MS","NANNY SUITE MITERED CURB, NICHE, THRESHOLD","3703 Meadowbank Dr","Nanny Suite Threshold color is changing to Hampton White. It has a new fab form in MW. Please split it off this drawing and add it to the existing Hampton White slabsmith layout.","13432","1","20186","9","","-1","2/19/2025 12:42:22 PM","13.2","7","6","","1"
"3/15/2025 3:56:07 PM","","Rauser Construction","FLAT","5","OPAL WHITE HONED","MS","PRIMARY BATH TUB DECK, SP.LASH AND HALF WALL, SHOWER LEDGE, NICHE SHELVES","400 Barranca Circle","Customer is paying for a Slabsmith on these two slabs now.  They want to make sure that one of the ""grayish spots"" don't line up with a white part on the slab at the joints.","12956","1","20245","9","","-1","2/20/2025 11:28:50 AM","64.8","5","6","","1"
"3/15/2025 3:56:07 PM","","Buschang, Heidi","FLAT POLISH","4","MONUMENT WHITE","ONE QUARTZ","VANITIES","Buschang-3300 Summer Canyon Drive","Fix the layout so that backsplashes being cut next to the piece they go with","13477","1","20382","5","","-1","2/20/2025 12:00:58 PM","23.6","5","15","","3"
"3/15/2025 3:56:07 PM","","Wyeth Custom Homes","FLAT HONED","5","BRONZITE LEATHERED","QZ","MEDIA ISLAND, GAMEROOM  WALL TOP","705 County Rd 360","Please fix slabsmith to avoid the big ugly spot the is showing up at the front left of the sink cutout","13405","1","20350","","","-1","2/20/2025 12:33:46 PM","44.5","5","15","","3"
"3/15/2025 3:56:07 PM","","Sepulveda Associates Architects","FLAT POLISH","4","CARRARA MARMI","MSI Q QUARTZ","Tabletop (Fab Only)","Tabletop (Fab Only)","Customer is changing to full bullnose edge","13501","2","20396","1","","-1","2/20/2025 12:37:46 PM","15","7","15","","3"
"3/15/2025 3:56:07 PM","","RisherMartin","1 1/2","4","AMADEUS","VICOSTONE","PRIMARY VANITIES","3312 Bee Cave","Faucet spread is incorrect","13455","1","20300","22","","-1","2/20/2025 1:18:29 PM","104.9","5","6","","3"
"3/15/2025 3:56:07 PM","","RisherMartin","FLAT HONED","4","CALACATTA MONET HONED","MS","POWDER","3312 BEE CAVE","I need the side view showing the wall mount faucet and where the water will hit in the sink.Also, remove the sales notes about needing the faucet specs","13237","1","20300","4","","-1","2/20/2025 1:42:08 PM","31.5","5","6","","5"
"3/15/2025 3:56:07 PM","","Straight","","","","","GIRL","3005 Sparkling Brook Drive","The faucet holes are not on the drawing","12714","1","20175","8","","-1","2/20/2025 1:56:44 PM","18.1","","6","","1"
"3/15/2025 3:56:07 PM","","Straight","FLAT POLISH","5","DA VINCI","QZ","POWDER (HALL BATH)","3005 Sparkling Brook Drive","Please make slabsmith layout","12716","1","20175","4","","-1","2/20/2025 2:05:35 PM","9.5","5","6","","1"
"3/15/2025 3:56:07 PM","","Sepulveda Associates Architects","FULL BULLNOSE","4","CARRARA MARMI","MSI Q QUARTZ","Tabletop (Fab Only)","Tabletop (Fab Only)","The shop drawing still says flat polish edge","13501","2","20396","1","","-1","2/21/2025 7:23:35 AM","15","7","15","","3"
"3/15/2025 3:56:07 PM","","FSB Custom Homes, LLC","FLAT","5","MONT BLANC","QZ","1ST FLOOR GUEST BATH, LAUNDRY","3602 Murillo Circle","Please use one of the allocated remnants where possible, then the full slab where needed.","12471","1","19918","7","","-1","2/21/2025 9:06:58 AM","40.4","7","15","","3"
"3/15/2025 3:56:07 PM","","FSB Custom Homes, LLC","FLAT","5","MONT BLANC","QZ","1ST FLOOR GUEST BATH, LAUNDRY","3602 Murillo Circle","Please conserve material - move countertops closer to edge of slabs to leave largest remnant possible","12471","1","19918","7","","-1","2/21/2025 10:02:15 AM","40.4","7","15","","3"
"3/15/2025 3:56:07 PM","","David Wilkes Builders","SMALL OGEE POLISHED","5","CRYSTAL LUCE","QZ","KITCHEN","210 LAVACA ST 3502","Customer would like a different vein match option at the seam at the sink. Please keep the island where it is on the layout called ""Kitchen (Katy).""","13198","1","20280","5","","-1","2/21/2025 1:52:08 PM","93.8","7","15","","3"
"5/18/2026 1:33:40 PM","","Jauregui Architect Builders","FLAT POLISH","4","ATHOS WHITE","MS","HER WATER CLOSET","266 Club Ranch Ct - Athos White - Master Bath Vanities/Walls/Ceilings","I need a layout for this area without His Water Closet","15339","1","19949","","MONDAY","-1","5/14/2026 11:31:51 AM","214.43","7","15","","2"
"5/15/2026 8:40:41 AM","","The Stone Collection","FLAT","4","CHIVAS BLUE LEATHERED","QZ","PORTALS","TSC Showroom","See my slabsmith layout from 5-14 and remove the 5th portal from the drawing. We are going to get 3 different slabs for this portal (it will be a second phase so it doesn't hold up the other 4 portals).","15358","7","20944","25","complete","-1","5/14/2026 11:51:12 AM","709.6","7","12","","2"
"5/19/2026 11:13:01 AM","","RisherMartin","FLAT HONED","4","RAW CONCRETE","CS","BATH 205","1719 Hallam Drive","Add another shelf and make all three shelves 16"" x 6""","15329","1","20719","3","TUESDAY","-1","5/14/2026 12:44:07 PM","5.1","5","15","","1"
"5/18/2026 3:44:33 PM","","Jauregui Architect Builders","FLAT","4","ATHOS WHITE","MS","HIS VANITY CEILING (RETEMPLATE)","266 Club Ranch Ct - Athos White - Master Bath, B3, B4/B5 Vanities (see notes)","Revise per Gabe's 5/13 template","13201","4","19949","1","MONDAY","-1","5/14/2026 2:16:09 PM","18.6","7","15","","1"
"5/18/2026 3:44:43 PM","","Jauregui Architect Builders","FLAT","4","ATHOS WHITE","MS","HER VANITY CEILING (RETEMPLATE)","266 Club Ranch Ct - Athos White - Master Bath, B3, B4/B5 Vanities (see notes)","Revise per Gabe's 5/13 template","13202","4","19949","1","MONDAY","-1","5/14/2026 2:16:19 PM","18.6","7","15","","1"
"5/18/2026 11:24:27 AM","","Jauregui Architect Builders","FLAT","4","ATHOS WHITE","MS","HIS WATER CLOSET","266 Club Ranch Ct - Athos White - Master Bath, B3, B4/B5 Vanities (see notes)","Do not run stone to floor on window wall. There will be a cabinet. See attachment and see Keziah with any questions.","13090","1","19949","8","MONDAY","-1","5/14/2026 2:19:05 PM","185.71","7","15","/his water closet cabinet.png","1"
"5/20/2026 2:50:00 PM","","Jauregui Architect Builders","FLAT HONED","5","LAVEZZI","QZ","GREAT ROOM FIREPLACE","266 Club Ranch Ct - Lavezzi - Great Room Fireplace","Remove joints per Denis' email on 5/15. Make note on the drawing of the 1/16"" grount joints.","15145","1","19951","","","-1","5/15/2026 12:30:28 PM","263.7","7","15","","2"
"5/21/2026 4:35:14 AM","","Bob Post","FLAT","5","WHITE ICE","GS","KITCHEN","Post-1304 Spivey Road","plz remove window pcs, change edge around window, remove notes regarding window pcs","15192","1","20920","9","","-1","5/18/2026 10:40:37 AM","69.9","9","12","/revision.jpg","1"
"5/22/2026 2:09:48 PM","","Stewart and Company","FLAT HONED","5","CALACATTA GOLD HONED","MS","PRIMARY BATH VANITIES/SHOWER BENCH/ENTRY SURROUND","2700 Island Ledge Cv","Add shower entry surround per Gabe's 5/18 template","14980","1","20585","9","","-1","5/18/2026 11:19:08 AM","43.6","7","6","","1"
"5/20/2026 4:18:26 PM","","Jauregui Architect Builders","2","5","TAJ MAHAL","QZ","KITCHEN PERIMETER, SPLASH, ISLAND","266 Club Ranch Ct - Taj Mahal - Kitchen, Pantry","Please add a seam at the center of the sink, and move the other 2 seams as necessary (or eliminate one of them if possible).","14869","7","19947","","","-1","5/18/2026 3:11:32 PM","316.66","7","6","","1"
"5/21/2026 4:23:55 AM","","Stewart and Company","FLAT HONED","4","BIANCO LASA (TO BE HONED BY ALPHA)","MS","DINING ROOM FIREPLACE SURROUND AND HEARTH","2700 ISLAND LEDGE CV","Add joints on fireplace surround","15384","1","20585","2","","-1","5/19/2026 8:10:09 AM","15.4","7","12","","3"
"5/21/2026 4:23:48 AM","","Stewart and Company","FLAT HONED","4","CALACATTA LINCOLN HONED","MS","GREAT ROOM FIREPLACE SURROUND AND HEARTH","2700 ISLAND LEDGE CV","Add joints on fireplace surround","15383","1","20585","2","","-1","5/19/2026 8:10:25 AM","17.4","7","12","","3"
"5/22/2026 10:37:52 AM","","Franklin Alan","MITERED","4","GUATEMALA GREEN","MS","RESTROOM, ADA RESTROOM","4902 Burnet Road - FVF Law Office","Material is actually 3cm so we need to change dimensions and overhangs etc to accommodate","14350","1","20652","5","","-1","5/20/2026 10:02:19 AM","35.1","5","6","","2"
"5/22/2026 2:35:45 PM","","Jauregui Architect Builders","FLAT","4","ATHOS WHITE","MS","HIS WATER CLOSET","266 Club Ranch Ct - Athos White - Master Bath, B3, B4/B5 Vanities (see notes)","Make the dimension above the future cabinet 7 1/2"" instead of 6 1/16""","13090","1","19949","8","","-1","5/21/2026 9:05:46 AM","185.71","7","15","","1"
"5/21/2026 12:46:15 PM","","","","","","","","","PLEASE CORRECT SINK TO 1/8"" NEGATIVE REVEAL AS NOTED IN SALES NOTE","14820","1","20950","4","negative reveal = overhang","-1","5/21/2026 11:37:07 AM","70.7","","6","/Screenshot 2026-05-21 113655.jpg","2"
"7/23/2026 9:14:24 AM","","Gupta, Ashish","FLAT HONED","5","RUGGED CONCRETE","CS","LOWER HOUSE KITCHEN, UPPER HOUSE KITCHEN, UPPER HOUSE LIVING BAR","503 E. Annie Street","Reduce peninsula overhang to 3/8"" and add joints at L-shaped pieces so everything fits on the full slab","15166","1","20764","","","-1","7/21/2026 2:47:01 PM","94.51","7","15","","2"
"7/27/2026 10:20:09 AM","","Jauregui Architect Builders","FLAT POLISH","4","ATHOS WHITE","MS","HIS AND HER VANITY SPLASHES, HER VANITY SURROUND, HIS AND HERS MIRROR SURROUNDS","266 Club Ranch Ct - Athos White - Master Bath Vanities/Walls/Ceilings","Please revise joint locations per email","15623","1","19949","19","","-1","7/22/2026 8:12:26 AM","100","7","6","","1"
"7/23/2026 11:44:34 AM","","Shuken, Tami","CUSTOM","4","CORCHIA EXTRA -HAND SELECT - HONED BY AG","MARBLE","PRIMARY VANITIES","Shuken-6721 Middle Creek Rd (Primary Vanities 2026)","PLEASE SEE ATTAHED INSPO PIC-REVISE TO GIVE CHAIR RAIL DETAIL","15376","1","20986","18","","-1","7/22/2026 11:05:58 AM","42.6","6","15","/INSPO PIC 1.png","2"
"7/23/2026 1:52:08 PM","","Jauregui Architect Builders","FLAT POLISH WHERE EXPOSED","5","TAJ MAHAL","QZ","KITCHEN FHBS","266 Club Ranch Ct - Taj Mahal - Kitchen, Pantry, Family Room Wine Bar","Add the rest of the backsplash to the drawing and layout","15630","1","19947","23","","-1","7/22/2026 1:13:36 PM","173.1","7","6","","2"
"7/23/2026 10:00:11 AM","","Pinnacle Modern","MITER","3","NERO MARQUINA","PORCELAIN","GUEST BATH 4","1306 Rockcliff Road","Please delete the bench from the block. The bench needs to be re-templated, but we will proceed with fabricating the vanity.","15538","1","21027","4","","-1","7/23/2026 8:53:21 AM","22.7","15","15","","2"
"7/24/2026 10:25:19 AM","","Peachtree Custom Homes","FLAT HONED","5","ABSOLUTE BLACK HONED","GS","VANITY, CURB, BAR","Peachtree - 2901 Willowbridge Circle","bar sink faucet hole should be single hole","15664","7","21058","8","","-1","7/24/2026 10:14:07 AM","26.5","5","6","","3"
"7/30/2026 3:03:56 PM","","Shuken, Tami","CUSTOM","4","CORCHIA EXTRA -HAND SELECT - HONED BY AG","MARBLE","PRIMARY VANITIES","Shuken-6721 Middle Creek Rd (Primary Vanities 2026)","bottom right detail where it shows the 1 7/8 spacing from the front of the bullnose to the apron,reduce it to .75"" see email   can you bring the apron forward to narrow the gap?","15376","1","20986","18","","-1","7/24/2026 1:39:13 PM","42.6","6","15","","1"
"","","The Stone Collection","FLAT","5","CRYSTALLO LAKE","QZ","WELCOME CENTER TOE KICK  (ISLAND BACK PANEL)","TSC Showroom","Please see if it will fit with two long pcs approx 126 long and then one shorter pc at approx 45 long","15752","1","20944","3","🤚 HOLD - 9/9 - EVEN WITH 3 JOINT AND 126"" APPROX, THE PIECES ARE TOO WIDE THAT IS NOT POSSIBLE TO FIT TWO PIECES INTO ONE SLAB","0","9/8/2026 5:04:20 PM","80.5","5","12","","1"
"9/11/2026 9:28:29 AM","","Warriner Construction, LLC","FLAT","4","MIAMI WHITE","SS","GUEST BATH 024 (BASEMENT), ANTE POWDER VANITY AND ADDED DOOR TRIM and OFFICE 216","1415 W. 10th St. (2025)","made new fab form to make office 3cm and also draft Prayer 210 in 3cm on this same new form","15819","7","20638","5","Also add note to drill 2"" standard surface mount grommets in office on site","-1","9/9/2026 3:13:43 PM","13","5","6","","1"
"9/15/2026 9:48:34 AM","","DiSimone, Tony","DOUBLE QUARTER ROUND","5","SANDALUS LEATHERED","QZ","WINE ROOM FHBSP","DiSimone -24422 W Hwy 71","See TR email re new idea to make remaining material work sent on Wed Sept 9","15560","1","20784","3","","-1","9/9/2026 5:28:01 PM","12","5","12","","2"
"9/14/2026 3:41:04 PM","","Hannah Corwin Interior Design","MITER","4","EMERALD","QUARTZITE","POWDER","2600 E. 13th Street","edge detail dimension on miter is wrong and no dimension called out on miter front edge depth","15821","1","21002","","","-1","9/10/2026 8:21:34 AM","11","5","6","","3"
"9/10/2026 10:13:18 AM","","DiSimone, Tony","DOUBLE QUARTER ROUND","5","TAJ MAHAL LEATHERED","QZ","KIT PERIM","DiSimone -24422 W Hwy 71","Pc 6 needs a horizontal seam somewhere not a vertical seam and PC 15 needs seams on either side of the range piece to get it to fit.","14800","1","20784","21","","-1","9/10/2026 8:25:51 AM","240.6","5","12","","1"
"9/10/2026 12:02:18 PM","","JT Tull Custom Homes","FLAT","5","COLONIAL WHITE","GS","BATH 3","Henderson- 187 East Lacey Oak Pkwy","bsp and sidesplash is missing -please refer to the drawings attached in mw or old file for reference.","15831","8","18207","3","","-1","9/10/2026 11:17:33 AM","7.9","6","12","","3"
"9/11/2026 8:38:37 AM","","DiSimone, Tony","DOUBLE QUARTER ROUND","5","TAJ MAHAL LEATHERED","QZ","KIT PERIM","DiSimone -24422 W Hwy 71","see email to Markos sent sept 10 with additional changes needed","14800","1","20784","19","","-1","9/10/2026 12:19:32 PM","240.6","5","12","","1"
"8/29/2025 2:43:10 PM","","Lavaca Building Company","FLAT HONED","4","CALACATTA LAVEZZI LEATHERED","QZ","KITCHEN ISLAND, PERIMETER","4521 Eagle Feather","new island template 8/25. input sink info on perimeter","14178","1","20550","11","","-1","8/29/2025 1:17:04 PM","117.1","5","6","","1"
"8/29/2025 3:23:17 PM","","Realty Restoration","FLAT POLISH","4","TEMPLETON","CAMBRIA","CASITA BATH","304 Briarwood Trail","Shower curb should have a mitered piece on the inside as well.","14323","1","20645","5","","-1","8/29/2025 1:52:51 PM","33.5","7","15","","3"
"8/29/2025 2:44:10 PM","","Realty Restoration","FLAT HONED","5","ARCILLA RED SUEDE","SS","CASITA KITCHENETTE","304 Briarwood Trail","Remove scribe on countertop - builder says tile will cover the gap.","14324","1","20645","3","","-1","8/29/2025 1:53:29 PM","29.9","7","15","","3"
"9/2/2025 8:36:08 AM","","Vinson Radke Homes","MITERED","2","SANDIK","DK","POOL WALL","801 W Johanna St","Builder would like a dimension off the adjacent joint for each cutout to make sure it is symmetrical. Please also provide a height dimension from the same reference point.","14285","1","20379","17","","-1","8/29/2025 1:57:04 PM","287","7","6","","1"
"9/2/2025 12:03:03 PM","","Nelson Rockwood Homes, LLC","DOUBLE BULLNOSE (STACKED)","4","kenya brown","MS","POWDER ROOM","5516 Laceback Terrace","PLEASE ADD SIDE SPLASHES ON BOTH LEFT AND RIGHT HAND SIDES. PLEASE UPDATE THE SLABSMITH ACCORDINGLY","14308","1","20558","11","","-1","9/2/2025 9:28:03 AM","34.2","15","6","","1"
"9/2/2025 1:43:23 PM","","","","","","","","","please revise to remove sales note","14016","1","20432","5","","-1","9/2/2025 10:18:18 AM","12","","6","/Kitchen Island Answers.pdf","1"
"9/3/2025 2:27:12 PM","","Straight","FLAT HONED","4","CLEARSKIES","CS","OUTDOOR KITCHEN BACKSPLASHES","1408 Circle Ridge","Move pc 2 to the fab form for 3cm pieces. should be green egg splashes only","14344","1","20630","4","","-1","9/2/2025 4:17:46 PM","13.5","5","6","","3"
"9/3/2025 2:27:23 PM","","Straight","FLAT HONED","5","CLEARSKIES","CS","OUTDOOR KITCHEN","1408 Circle Ridge","Move the green egg base from the 2cm pieces drawing to this drawing.","14345","1","20630","5","","-1","9/2/2025 4:18:48 PM","28.5","5","6","","3"
"9/3/2025 2:31:32 PM","","Vinson Radke Homes","MITERED","2","SANDIK","DK","POOL WALL","801 W Johanna St","Need dimension from the nearest adjacent joint to the center of the cutout for the light fixture. Need dimension from top of coping to the center of the cutout for the light fixture. I see a 3"" discrepancy in height on the left side. Why is this?","14285","1","20379","17","","-1","9/3/2025 11:31:55 AM","287","7","6","","1"
"9/3/2025 2:45:49 PM","","Lavaca Building Company","FLAT HONED","4","CALACATTA LAVEZZI LEATHERED","QZ","KITCHEN ISLAND, PERIMETER","4521 Eagle Feather","island: move the 3 faucet holes to the left","14178","1","20550","11","","-1","9/3/2025 12:40:38 PM","117.1","5","6","","1"
"9/4/2025 9:19:07 AM","","Vitek McIver Homes","FLAT HONED","5","PETRA ESTREMOZ","STRATUS TERRAZZO","DOWNSTAIRS LAUNDRY, UPSTAIRS LAUNDRY","345 PECAN GROVE DRIVE","Please revise per email sent on 9/4 at 8:00am","14107","1","20408","8","","-1","9/4/2025 7:59:57 AM","68.8","7","6","","3"
"9/4/2025 5:03:59 PM","","Tatanka Group","FLAT","5","FRESH CONCRETE","CS","KITCHEN/ISLAND/PANTRY/MA BA/GUEST BA 1/GUEST BA 2/POWDER/LAUNDRY","1122 Cherry Springs Rd","ADD R/O 8"" LEFT OF FAUCET @ KITCHEN. MOVE SEAMS @KITCHEN","14342","1","20542","","","-1","9/4/2025 11:24:51 AM","220.5","6","15","","1"
"9/8/2025 3:00:55 PM","","FSB Custom Homes, LLC","FLAT HONED","5","CALACATTA GOLD HONED","MS","KITCHEN ISLAND, REMAINDER OF KITCHEN PERIMETER","3602 Murillo Circle","-Disposal button, left side when facing sink, center of button, 4"" edge of sink cut out to center of hole-Instant hot, right side when facing sink, center of button, 4"" edge of sink cut out to center of hold","11903","1","19918","2","","-1","9/4/2025 4:15:05 PM","79.2","7","15","","3"
"9/8/2025 3:21:04 PM","","FSB Custom Homes, LLC","FLAT HONED","5","PLATINUM LEATHERED","QZ","BAR","3602 Murillo Circle","Revise per attachment","12673","1","19918","","","-1","9/4/2025 4:17:05 PM","24.5","7","15","/19918 - BAR - REV 1 - FSB - 8.29.25.pdf","1"
"9/8/2025 11:28:51 AM","","Lavaca Building Company","FLAT HONED","4","CALACATTA LAVEZZI LEATHERED","QZ","KITCHEN ISLAND, PERIMETER","4521 Eagle Feather","see file for faucet hole locations","14178","1","20550","11","🔥🔥🔥","-1","9/5/2025 8:12:17 AM","117.1","5","6","/Faucet hole locations.png","1"
"9/8/2025 10:26:12 AM","","Tatanka Group","FLAT","5","FRESH CONCRETE","CS","KITCHEN/ISLAND/PANTRY/MA BA/GUEST BA 1/GUEST BA 2/POWDER/LAUNDRY","1122 Cherry Springs Rd","R/O HOLE IS ON WRONG SIDE-SHOULD BE ON LEFT","14342","1","20542","","","-1","9/5/2025 9:49:32 AM","220.5","6","15","","3"
"3/15/2025 3:56:07 PM","","Risher Martin","Custom edge","4","Arabescato corchia honed","Ms","Powder","433 CORTONA COVE 2024","change and verify per architect mark up file.  I will handle the Slabsmith layout changes.","13103","1","20256","6","","-1","12/3/2024 9:38:44 AM","16","5","6","/20256 - POWDER -  REV 1-BLOCK_KESG-Comments.pdf","1"
"3/15/2025 3:56:07 PM","","FIA Homes","3","5","CIELO LEATHERED","QZ","ISLAND","7001 Oak Shores","Please finish revision based on Bruno new file","12811","1","20112","9","","-1","12/3/2024 4:21:51 PM","94.5","5","6","","1"
"3/15/2025 3:56:07 PM","","Koch Construction","FLAT","4"," PURE WHITE","CS","STUDIO BATH JAM AND NICHE","1108 W. 9th","Change to CS Pure White 3cm. Not sure if any dimensions will need to change because of this?  Slab 332114 allocated for these pieces. can only use half the slab!!!!","12974","1","20090","7","","-1","12/4/2024 10:34:40 AM","11.1","5","6","","1"
"3/15/2025 3:56:07 PM","","Vinson Radke Homes","4CM OGEE OVER FULL BULLNOSE","4","CALACATTA CORCHIA","MS","KITCHEN ISLAND","1104 Maufrais St.","Change edge profile to ogee over flat please","13128","1","20244","1","","-1","12/4/2024 12:02:20 PM","35.8","7","6","","1"
"3/15/2025 3:56:07 PM","","Walton, Bob","FLAT","5","TBD","GS","OUTDOOR KITCHEN","Walton-234 Salt Grass Trail","CHANGE MATERIAL TO GS BLACK PEARL 3CM","13134","1","20292","8","","-1","12/4/2024 2:49:07 PM","96","6","6","","1"
"3/15/2025 3:56:07 PM","","","","","","","","","Please revise drawing with new sink model","12975","1","20244","1","","-1","12/4/2024 3:23:19 PM","12","","6","","1"
"3/15/2025 3:56:07 PM","","Baxter Builders Group","FLAT","4","MATRIX 3D FINISH","GS","MASTER BATHROOM FIREPLACE","Baxter Builders Group - 12021 Selma Hughes Park Rd.","Needs to be slabsmithed after slabs are phototed","12612","1","20158","17","","-1","12/4/2024 3:24:07 PM","113.8","7","6","","1"
"3/15/2025 3:56:07 PM","","Ko, Jane","FLAT HONED","4","AERIS","DEKTON","PRIMARY CLOSET","Ko - 3511 Banton Rd.","please remove scribing","13169","1","20150","2","","-1","12/5/2024 11:10:39 AM","14.5","7","6","","1"
"3/15/2025 3:56:07 PM","","David Wilkes Builders","FLAT","5","BLACK MIST HONED (THIS HAS BEEN LEATHERED)","GS","SHOW KITCHEN (108) PIECE 11 OF 11 REMAKE","1750 COUNTRY RD 107N","Please use drawing in MW for new dimensions.","13167","4","20279","2","","-1","12/5/2024 12:07:26 PM","2.6","7","6","","1"
"3/15/2025 3:56:07 PM","","McCoy, Brandy","FLAT","5","ASTORIA PREMIUM","GS","ISLAND","McCoy-1224 Lois St","NEED DXF FILE","13171","1","20091","1","DXF CREATED :)","-1","12/5/2024 12:30:47 PM","10","6","6","","1"
"3/15/2025 3:56:07 PM","","Vinson Radke Homes","4CM OGEE OVER FLAT","4","CALACATTA CORCHIA","MS","KITCHEN ISLAND","1104 Maufrais St.","From the builder re: the stacked edge. ""Can we remove the eased edge at the top of the bottom stack piece so the top and bottom pieces align and there is no step?""","13128","1","20244","1","","-1","12/5/2024 1:25:03 PM","35.8","7","6","","1"
"3/15/2025 3:56:07 PM","","Hilltown Building Co.","SMALL OGEE","5","FANTASY LUX","QZ","POWDER","2519 Winsted Lane","Please show the scallop detail on the backsplash piece. Today if possible since I'll be out next week (sorry).","13116","1","20196","2","","-1","12/6/2024 8:36:32 AM","5.8","7","6","","3"
"3/15/2025 3:56:07 PM","","FIA Homes","FLAT HONED","5","CIELO LEATHERED","QZ","HEARTH, LEVEL 1 BAR, BREAKFAST NOOK, KITCHEN PERIMETER","7001 Oak Shores","The template files for the kitchen FHBSP and breakfast nook have been revised, and a new template file has been uploaded to MW.","12810","1","20112","20","","-1","12/6/2024 9:19:02 AM","111","5","6","","1"
"3/15/2025 3:56:07 PM","","Classic Constructors","2","5","KITCHEN ISLAND","QZ","KITCHEN ISLAND","5123 Indigo Spires Way","THE DRAWING SENT TO THE BUILDER NEEDS TO CHANGE SINCE THE DIMENSION ANNOTATION IS NOT CORRECT - BRUNO DID TEMPLATE VERIFICATION ON 12/5.","13177","1","19932","2","","-1","12/6/2024 9:36:28 AM","78","7","6","","3"
"3/15/2025 3:56:07 PM","","Walton, Bob","FLAT","5","BLACK PEARL","GS","OUTDOOR KITCHEN","Walton-234 Salt Grass Trail","wrong stone on layout-block is correct","13134","1","20292","8","","-1","12/6/2024 3:18:54 PM","96","6","6","","3"
"3/15/2025 3:56:07 PM","","FSB Custom Homes, LLC","FLAT POLISH","5","BIANCO CARRERA","MS","GUEST SHOWER CURB, NICHE","3602 Murillo Circle","Please see attached revisions from Will Katz""Notated continuous jamb legs; puck light to be justified forward to account for inset tile; outside curb piece height increase""","12676","1","19918","10","","-1","12/9/2024 5:39:16 PM","6","7","6","/19918 - GUEST SHOWER CURB, NICHE - FSB REVISIONS - 12.9.24.pdf","1"
"3/15/2025 3:56:07 PM","","Hilltown Building Co.","SMALL OGEE","5","FANTASY LUX","QZ","POWDER","2519 Winsted Lane","Customer sent in design for backsplash- uploaded to MW and will upload here as well.","13116","1","20196","2","","-1","12/10/2024 9:09:07 AM","5.8","7","6","/Powder Backsplash Scallop.png","1"
"3/15/2025 3:56:07 PM","","FIA Homes","3","5","CIELO LEATHERED","QZ","ISLAND","7001 Oak Shores","Bruno","12811","1","20112","9","","-1","12/10/2024 3:27:23 PM","94.5","5","6","","1"
"10/30/2025 4:34:09 PM","","Rejuve Group","FLAT HONED","5","OLYMPIAN WHITE TO BE HONED","MS","KITCHEN","2010 Alegria Rd.","Move joint on backsplash and shelf to where blue line is on attached drawing","14263","1","20636","10","","-1","10/30/2025 12:47:54 PM","77.3","7","6","/thumbnail_image.png","1"
"10/30/2025 3:52:32 PM","","FSB Custom Homes, LLC","2","4","COTE D AZUR (TO BE HONED BY ALPHA)","MS","PRIMARY SINK VANITIES","3703 MEADOWBANK DR","I don't see a slabsmith layout for just this drawing. It should not be on the one with the shower walls, as those are already installed. You can use any of the Cote D Azur 2cm that is allocated to the job.","13275","1","20186","7","","-1","10/30/2025 12:52:35 PM","67.8","7","12","","3"
"10/30/2025 3:11:48 PM","","Ignite Outdoor Kitchens","2","3","CRYSTAL ICE","INFINITY PORCELAIN","OUTDOOR KITCHEN  A (DOWNSTAIRS)","400 Farley Trail","Grill with the notch width at 9/16” each and a total cutout width of  36 1/8” (including both notches) and are overhangs set at 1 inch?","12575","1","20149","","🔥🔥🔥 ERICK PLEASE CHECK THIS ONE","-1","10/30/2025 1:21:22 PM","125.5","5","15","","3"
"11/3/2025 11:09:58 AM","","Classic Constructors","FLAT HONED","5","WEYBOURNE MATTE","CAMBRIA","VANITY","5123 Indigo Spires Way - WELLNESS LOUNGE","Overhang should be 3/4"". Builder says the cabinet depth is 25"", so total depth should be 25 3/4"".","14573","1","20651","","","-1","10/31/2025 7:44:57 AM","27.5","7","15","","1"
"11/3/2025 2:47:26 PM","","Ana Navarro Ovitt","FLAT","5","BLACK HONED","SOAPSTONE","LAUNDRY","Ovitt-7605 Long Point Drive","REV BSPLASH EDGE ONLY TO COVE   MILL SPLASH TO 2CM- INCLUDE NOTE: CLIENT TO MODIFY FRONT OF CABINET BY 13/16"" TO ACCOMODATE SINK","13878","1","20520","2","","-1","10/31/2025 11:38:44 AM","14.8","9","6","","1"
"10/31/2025 4:16:54 PM","","Ignite Outdoor Kitchens","2","3","CRYSTAL ICE","INFINITY PORCELAIN","OUTDOOR KITCHEN  A (DOWNSTAIRS)","400 Farley Trail","add center faucet hole and air switch hole 10"" to the right of the faucet","12575","1","20149","","","-1","10/31/2025 1:52:32 PM","125.5","5","15","","3"
"11/3/2025 10:39:44 AM","","Braune Construction","half BULLNOSE","5","GADWALL-HAND SELECT","GS","KITCHEN PERIMETER/PENINSULA/MASTER BA/HALF BA/ISLAND","1716 CR 930","please see email- may we please get a fast turn around on this one?","14588","1","20715","13","","-1","10/31/2025 4:35:42 PM","88.1","6","6","/FOR REVIEW  20715 - KITCHEN PERIMETER PENINSULA MASTER HALF BATH - REV 1 (002).pdf","1"
"11/3/2025 11:19:06 AM","","Michael Schmoker","FLAT","4","MIAMI WHITE","SS","PRIMARY VANITY, GUEST VANITY","Schmoker-2509 Hernandez Street - FAB ONLY","change pc 1of 6 center line to the faucet/sink @ 16 inches from the left. pc 1","14562","2","20717","2","","-1","11/3/2025 11:01:56 AM","14.4","9","6","","1"
"11/5/2025 10:42:44 AM","","Michael Schmoker","FLAT","4","MIAMI WHITE","SS","PRIMARY VANITY, GUEST VANITY","Schmoker-2509 Hernandez Street - FAB ONLY","revision was cut off: ADD 1"" OH - 45 x 21 1/4”","14562","2","20717","2","","-1","11/3/2025 3:11:48 PM","14.4","9","6","/1.jpg","1"
"11/5/2025 1:32:50 PM","","ENVE BUILDERS","FLAT HONED","5","MILAN BLACK","QZ","ODK","4207 WATERS EDGE COVE","Remove scribing from back wall. Customer is installing thick backsplash tile.","14430","1","20567","5","","-1","11/4/2025 12:56:55 PM","18","7","6","","1"
"11/5/2025 4:32:00 PM","","Michal, Renea","FLAT","5","AVIGNON","STRATUS QUARTZ","KITCHEN W FHBS,KITCHEN W FHBS,pass thru @ kitchen sink, wall cap @ living room","Michal-434 Fitch Street","PC 7 IS THE PASS THRU PC 6 IS WALLCAP @LIVING RM PLEASE CORRECT-THERE IS NO KITCHEN BAR TOP -SEE CPG","14648","1","20706","7","","-1","11/4/2025 2:08:51 PM","62.7","6","6","","3"
"11/6/2025 8:45:31 AM","","Vinson Radke Homes","1 1/2","3","STRATA ARGENTUM REIVERWASHED","NEOLITH","PRIMARY VANITY","801 W JOHANNA ST","Change sink widths to 17""","13481","1","20379","","","-1","11/5/2025 8:28:47 AM","30.2","7","6","","2"
"11/6/2025 3:47:05 PM","","Rauser Construction","stacked bullnose","4","SAINT-TROPEZ (HONED BY ALPHA)","MS","HER CLOSET","1706 Windsor Road","see attachment for outlet location","14605","1","20691","","","-1","11/5/2025 11:25:03 AM","10","5","6","/Her closet outlet location markup.pdf","1"
"11/10/2025 11:31:29 AM","","Burnette Builders","MITERED","5","LAGUNA","QZ","LIVING ROOM FIREPLACE","1665 Brushy Ridge Trail"," revise the entire drawing to allow for a 3/16” gap between the stone and the wall surface that is being wrapped. per denis email","14029","1","20001","23","🔥🔥🔥","-1","11/6/2025 4:20:31 PM","51.1","9","6","","3"
"11/10/2025 11:58:46 AM","","Pankonien Group, The","FLAT HONED","5","BIANCO CARRARA HONED","MS","PRIMARY, GUEST BATH","8800 Mendocino Drive","Primary half wall missing from drawing.  temp file 10/28","14638","1","20734","12","🔥🔥🔥","-1","11/7/2025 1:45:52 PM","37.4","5","6","","3"
"12/30/2025 8:13:07 AM","","David Wilkes Builders","FLAT POLISH","5","OXFORD WHITE","STRATUS QUARTZ","BATH 2 SHOWER ENTRY SURROUND/SHOWER SEAT/SHOWER NICHE SURROUND","504 Cedar Park Dr.","Combine 2 layouts (see attachment)","14716","1","20490","11","No longer needed","-1","12/23/2025 10:09:24 AM","18.9","7","6","/layouts_1.png","2"
"12/24/2025 9:09:19 AM","","Tschida, Joe","FLAT HONED","5","SARATOGA HONED","SOAPSTONE","KITCHEN PERIMETER, BATHROOM VANITY","Tschida-7605 Crossmeadow Drive","please change OH (at left side of pc 4 of 4) to 3/4"" / please change dimension on 119-15/16"" to 120"" on pc 1 of 4, please change dimension on 25-1/16"" to 25"" on pc 2 of 4.","14754","1","20774","4","","-1","12/23/2025 4:13:06 PM","48.4","9","6","","1"
"12/24/2025 10:04:45 AM","","David Smith Builders","SMALL OGEE","5","BIANCO CARRARA HONED","MS","KITCHEN, LAUNDRY, BAR,  PLAYROOM VANITY,  KIDS VANITIES, GUEST VANITY","4200 Avenue H","Need to add note about the metal in the laundry, remove some scribing, and modify the guest bath. I will be available to go over the changes.","14756","1","20751","15","","-1","12/23/2025 5:00:56 PM","121.4","15","15","","1"
"12/30/2025 3:31:47 PM","","Vitek McIver Homes","OGEE","5","CREMO DELICATO HONED","MS","BUFFET TOP","2517 Hartford Road","Please revise edge profile (see attachment)","14787","1","20563","1","","-1","12/30/2025 9:42:10 AM","11.7","7","6","/buffet top edge profile.jpg","1"
"12/30/2025 2:54:44 PM","","Vitek McIver Homes","FLAT","5","TAJ MAHAL","QZ","KITCHEN PERIMETER, KITCHEN ISLAND, COFFEE BAR","2517 HARTFORD RD","Revise per re-template","14651","7","20563","12","","-1","12/30/2025 10:18:19 AM","134.7","7","6","","1"
"1/5/2026 9:23:07 AM","","Waller Building Company, LLC","FLAT","5","TAJ MAHAL","QZ","KITCHEN ISLAND, KITCHEN PERIMETER, SINK SIDE FHBSP W LEDGE","7703 LONG POINT DRIVE","add side splash with curve in kitchen, entire kitchen to be flat edge, change range fhbsp details to match attached. - still to be templated, but client wants to see the design layed out on the slabs.","13617","1","20417","10","🤚 HOLD - WAITING ON RETEMPLATE","-1","12/31/2025 11:00:51 AM","85.6","9","6","/IMG_3696.jpeg","1"
"1/5/2026 2:26:21 PM","","Rauser Construction","FLAT HONED","5","TAHITI LEATHERED","QZ","KITCHEN PERIM","3805 Balcones Drive","New drawing file from Gabe 12/29","14215","1","20455","14","","-1","12/31/2025 1:38:42 PM","195.2","5","6","","1"
"1/13/2026 9:13:30 AM","","Vitek McIver Homes","FLAT","5","TAJ MAHAL","QZ","KITCHEN PERIMETER, KITCHEN ISLAND, COFFEE BAR","2517 HARTFORD RD","Outlets at kitchen sink should be double prado (outlets are in CAD office)","14651","7","20563","11","","-1","1/12/2026 8:53:10 AM","131.1","7","6","","1"
"1/13/2026 3:27:41 PM","","FSB Custom Homes, LLC","FLAT HONED","5","INFINITY BLACK HONED","QZ","KITCHEN ISLAND, BAR HALL","258 West Ranch Road","Builder thinks that there is no overhang accounted for on the kitchen island - please double check","14678","1","20482","5","","-1","1/12/2026 9:10:29 AM","74.3","7","6","","1"
"1/14/2026 11:15:22 AM","","Mae Levitan","miter/flat","5","ijen blue leathered","QZ","POWDER VANITY W/ INTEGRATED SINK","Levitan-4308 Deepwoods Drive","change to ramp style integrated sink basin with maximum sink basin width (15"") and custom drain to be ordered by AG. please rework slabsmith","14682","1","20449","13","","-1","1/12/2026 2:43:20 PM","13","9","6","","1"
"1/14/2026 2:35:00 PM","","Waller Building Company, LLC","FLAT","5","TAJ MAHAL","QZ","KITCHEN FULL HEIGHT BACKSPLASH BEHIND RANGE, SIDE SPLASH @ SINK WALL","7703 LONG POINT DRIVE","add missing side splash, correct backsplash design details, gray out pcs 1 and 3 as they are reference only and have been fabricated.","13620","1","20417","2","","-1","1/13/2026 9:18:57 AM","19.7","9","6","/splash back range.jpg","3"
"1/13/2026 3:46:26 PM","","Vitek McIver Homes","FLAT","5","TAJ MAHAL","QZ","KITCHEN PERIMETER, KITCHEN ISLAND, COFFEE BAR","2517 HARTFORD RD","Change Coffee Bar backsplash height to 22"" with install note that it may need to be trimmed on site","14651","7","20563","11","","-1","1/13/2026 12:51:27 PM","131.1","7","6","","1"
"1/15/2026 10:30:43 AM","","Beckworth Design Build","FLAT HONED","4","CALACATTA BORGHINI HONED","MS","BATH 4 TUB/FRONT/LEFT/RIGHT, VANITY WALL, SIDE VANITY WALL, CLOSET ENTRY WALL","6 Sundown Parkway","Please modify niche per the attachment. Builder will enlarge opening to accommodate new size.","14300","1","20633","","off HOLD  - NO ATTACHMENT","-1","1/13/2026 1:03:45 PM","107.85","7","6","","1"
"1/15/2026 11:48:25 AM","","FSB Custom Homes, LLC","FLAT HONED","5","INFINITY BLACK HONED","QZ","KITCHEN ISLAND, BAR HALL","258 West Ranch Road","Add 14"" seating overhang at island","14678","1","20482","5","","-1","1/14/2026 10:19:49 AM","84","7","6","","1"
"1/15/2026 4:17:23 PM","","FSB Custom Homes, LLC","FLAT HONED","5","MYKONOS (TO BE HONED BY ALPHA)","QZ","KITCHEN PERIMETER W/ FHBS, PANTRY","258 West Ranch Road","Change joints and rework slabsmith layout (see attachment). I know we typically don't do joints like this, but the veining will probably look much better this way.","14679","1","20482","18","","-1","1/14/2026 2:05:31 PM","174.9","7","6","/joint request.png","2"
"1/15/2026 8:48:28 AM","","Vitek McIver Homes","FLAT POLISH","5","SNOWFALL","GS","OUTDOOR KITCHEN","345 Pecan Grove Drive","Denis is entering the revision. Client is requesting the overhang to be 1/2"".","14103","1","20408","1","","-1","1/14/2026 9:58:15 PM","98.1","7","","","1"
"1/19/2026 9:08:16 AM","","Lakeline Homes","FULL BULLNOSE","5","WHITE SPRING","GS","OUTDOOR KITCHEN","207 BELLA CIMA DRIVE - ODK","14""x14"" cutting board needs to be added to drawing","14914","1","20818","3","","-1","1/15/2026 8:34:57 AM","23.2","5","15","","3"
"1/19/2026 8:16:56 AM","","Fretwell, Kathy","1 1/2","3","OPERA","DK","KITCHEN COUNTERTOP","Fretwell- 4610 Sinclair Avenue","Please add the dimensions and location for the pop-up (drop-in) outlet cutout, as well as the dimensions and location for the sink cutout (sink is here).","14871","1","20804","","","-1","1/15/2026 9:08:54 AM","62","15","15","","3"
"1/16/2026 3:50:23 PM","","Beckworth Design Build","2 1/2","5","PIETRA CARDOSO","MS","WET BAR","6 Sundown Parkway","Please revise per attachment","14305","1","20633","10","","-1","1/15/2026 10:13:05 AM","87.8","7","15","/6SD-WET BAR, Alpha Shop Drwg + GG notes & apprvl.pdf","3"
"1/15/2026 1:17:32 PM","","FSB Custom Homes, LLC","FLAT HONED","5","INFINITY BLACK HONED","QZ","KITCHEN ISLAND, BAR HALL","258 West Ranch Road","please add metal supports as noted in email (4 supports needed at 36"" each)","14678","1","20482","5","","-1","1/15/2026 1:12:03 PM","84","7","6","","3"
"1/16/2026 1:38:35 PM","","Vitek McIver Homes","FLAT POLISH","5","SNOWFALL","GS","OUTDOOR KITCHEN","345 Pecan Grove Drive","Amy just called me and has changed her mind. Can you please change the OH detail to be 1"" all around.","14103","1","20408","1","","-1","1/15/2026 2:32:45 PM","98.1","7","6","","1"
"1/16/2026 12:49:00 PM","","Taylor, Billy and Rhonda","1-11/16","2","AWAKE"," DEKTON","KITCHEN","Taylor-621 Rock Creek Loop","Please correct stone thickness on block drwng. i think it needs a decimal in front","14915","1","20821","7","","-1","1/16/2026 8:51:50 AM","57.5","6","12","","2"
"4/1/2026 7:28:23 AM","","ALPHA GRANITE SHOWROOM","FLAT HONED","4","PAONAZZO HONED ITEMS","MS","PAONAZZO HONED ITEMS","2026 SHOWROOM ITEMS","This needs slabsmith to avoid some bad areas (pieces are already photoed - just needs a DXF)","15182","2","20855","12","MARKOS DWG","-1","3/27/2026 10:05:48 AM","21","7","12","","2"
"4/1/2026 7:41:01 AM","","ALPHA GRANITE SHOWROOM","FLAT POLISH","4","CALACATTA IBLANOIR","MS","CALACATTA IBLANOIR ITEMS","2026 SHOWROOM ITEMS","Add 1 or 2 more serving boards (whatever fits on the layout)","15185","2","20855","6","MARKOS DWG","-1","3/27/2026 10:08:30 AM","10.4","7","12","","2"
"3/27/2026 4:02:18 PM","","Pannell, Jennifer","FLAT","5","FANTASY BLUE SATIN","MS","VANITY","Pannell-8212 Dark Ridge Cove","Wrong material. Need slabsmith","15055","1","20868","","","-1","3/27/2026 10:19:19 AM","11","15","15","","3"
"3/30/2026 10:02:34 AM","","Lake Group Builders","FLAT","5","CALACATTA GOLD HONED","MS","PRIMARY BATH SHOWER CURB","4 Michele Circle","please correct size","15147","1","20085","1","","-1","3/27/2026 3:26:54 PM","0.9","9","15","/shower curb for primary bath.jpg","3"
"3/30/2026 10:36:20 AM","","Specialty Builders","FLAT POLISH","5","SERENE CARRARA","STRATUS QUARTZ","VANITY 1, VANITY 2","6803 Edinburg Cove","see file to add sills","15151","8","20861","","","-1","3/27/2026 4:14:42 PM","30","5","15","/Window Sills.png","1"
"4/7/2026 11:14:21 AM","","Blue Horse Building","6","4","Calacatta Monet Honed","MS","POWDER","1260 Mesa Ranch Road","adjust slabsmith layout. sink wall pieces do not flow with countertop.","15102","1","20683","","ERICKS SLABSMITH","-1","3/30/2026 1:31:55 PM","18.41","5","15","","3"
"4/1/2026 7:54:09 AM","","Stehling, Vern","FLAT","5","TAJ MAHAL","QUARTZITE","KITCHEN/MASTER BA/GUEST BATH","115 Dakota Run","h/o req to move bathroom vanity to a different area on slab- didn't like the sidesplash match- see attached","15138","8","20890","10","","-1","3/30/2026 1:59:39 PM","76.7","6","12","/revision request 3-30-26 KITCHEN MASTER BATH GUEST BATH #1 (MRK)_slabs.pdf","1"
"3/31/2026 3:22:04 PM","","Dungan, Brian","WIDE BULLNOSE","5","BLUE LUCE PREMIUM LEATHERED","QUARTZITE","KITCHEN/FHBS/ISLAND/PANTRY/UTILITY","Dungan-747 Baker Lane","eeeek! create a 2nd option for h/o to choose from on ss layout- using all 7 slabs, but reserving for phase 2","14995","1","20854","","","-1","3/30/2026 3:07:49 PM","223","6","15","","2"
"3/15/2025 3:56:07 PM","","Baxter Builders Group","FLAT","4","MATRIX 3D FINISH","GS","MASTER BATHROOM FIREPLACE","Baxter Builders Group - 12021 Selma Hughes Park Rd.","Please remove the note about the pattern running vertically or horizontally. The striations will definitely run vertically as on the slabsmith.","12612","1","20158","17","","-1","1/8/2025 2:16:20 PM","113.8","7","6","","5"
"3/15/2025 3:56:07 PM","","FIA Homes","FLAT HONED","5","CIELO LEATHERED","QZ","HEARTH, LEVEL 1 BAR, BREAKFAST NOOK, KITCHEN PERIMETER","7001 Oak Shores","Wrong sink model put in drawing by Markos.  Please change to the correct model which is a Blanco 441768","12810","1","20112","20","NOTE TEST, SSLACK ME IF THIS WORKS PLEASE!","-1","1/8/2025 2:57:52 PM","111","5","6","","3"
"3/15/2025 3:56:07 PM","","FSB Custom Homes, LLC","FLAT HONED","4","COTE D AZUR (TO BE HONED BY ALPHA)","MS","PRIMARY SHOWER WALLS/NICHES/CURBS","3703 MEADOWBANK DR","The vanities will be in a future phase, so we can't use all 7 slabs for the walls. Please revise the layout saving material.","13274","1","20186","29","removed prelim pieecs that were making this look like it used more slabs than it does","-1","1/9/2025 8:56:29 AM","138.4","7","6","","5"
"3/15/2025 3:56:07 PM","","FIA Homes","MITER","4","LIME DELIGHT","SS","BATH 3","7001 Oak Shores","Remove front and back miters.  Going to be top curb cap pieces only.","13272","1","20112","4","","-1","1/9/2025 9:12:12 AM","5.9","5","6","","1"
"3/15/2025 3:56:07 PM","","Kelley, Jane","FLAT POLISH","5","BERWYN","CAMBRIA","BAR TOP","Kelley-18212 Mammoth Cave Blvd","Please remove the joint - the new remnant I allocated is large enough for the piece without a joint.","13325","1","20335","1","","-1","1/10/2025 9:24:52 AM","11","7","6","","5"
"3/15/2025 3:56:07 PM","","NEIDEL, JEFF","FLAT POLISH","5","STEEL GREY ICE FINISH","GS","OUTDOOR KITCHEN","NEIDEL - 4517 DIAMANTE DR","Color needs to be corrected to Steel Grey Ice Finish (not Polish) and edge profile corrected.","13066","1","20277","3","","-1","1/10/2025 12:07:01 PM","19.5","7","6","","5"
"3/15/2025 3:56:07 PM","","Muncie Construction","FLAT","5","LUCE ORO","PENTAL QUARTZ","MASTER BA/HER CLOSET DRESSING TABLE/GUEST BATH VANITY","1 Calle Del Sol","MASTER BATH VANITY IS MISSING THE BACKSPLASH AND SIDE SPLASH ON BOTH- PLEASE REVISE BLOCK AND LAYOUT DRAWING","13286","1","20321","6","","-1","1/13/2025 10:09:34 AM","49.3","6","6","","4"
"3/15/2025 3:56:07 PM","","FIA Homes","FLAT HONED","5","CIELO LEATHERED","QZ","HEARTH, LEVEL 1 BAR, BREAKFAST NOOK, KITCHEN PERIMETER","7001 Oak Shores","Please see new files from Bruno. See email from Christine.","12810","1","20112","20","","-1","1/13/2025 3:19:37 PM","111","5","6","","1"
"3/15/2025 3:56:07 PM","","ALPHA GRANITE SHOWROOM","FLAT POLISH","5","ATMOS GOLD","PQ","ATMOS GOLD SLAB","Pental Quartz Panels (2024)","I need a layout for this - only the block was emailed. I can't find anything in the S drive.","13350","1","19668","","KATY - SLACK CHRIS IF YOU SEE THIS NOTE - THIS IS A TEST 1-15","-1","1/14/2025 7:15:26 AM","1","7","6","","3"
"3/15/2025 3:56:07 PM","","Muncie Construction","FLAT","5","TAJ MAHAL LEATHERED","QUARTZITE","ISLAND","1 CALLE DEL SOL","sending revision for ss layout to adjust seam on pieces 5 and 4 at kitchen perimeter","13324","1","20321","2","","-1","1/15/2025 9:30:44 AM","74.1","6","6","","2"
"3/15/2025 3:56:07 PM","","Muncie Construction","FLAT","5","TAJ MAHAL LEATHERED","QUARTZITE","KITCHEN PERIMETER/PANTRY","1 Calle Del Sol","adjust seam at kitchen perimeter pieces 5 and 4-seam created in/on ss layout for reference","13319","1","20321","5","","-1","1/15/2025 9:31:58 AM","62.3","6","6","","2"
"3/15/2025 3:56:07 PM","","Classic Constructors","FLAT HONED","5","TAJ MAHAL LEATHERED","QZ","KITCHEN PERIMETER","5123 Indigo Spires Way","Please remove the backsplash from the drawing. This will be split into phases.","12321","1","19932","5","","-1","1/15/2025 3:16:47 PM","78","7","6","","1"
"3/15/2025 3:56:07 PM","","","","","","","","","Please add sink model","13263","1","20320","1","","-1","1/15/2025 3:30:20 PM","11.5","","6","","3"
"3/15/2025 3:56:07 PM","","","","","","","","","Please add sink model","13262","1","20320","6","","-1","1/15/2025 3:30:42 PM","64.8","","6","","3"
"3/15/2025 3:56:07 PM","","Austin Fieldworks, LLC","FLAT HONED","5","CAMDEN SUEDE","SS","KITCHEN, DRY BAR, BATH 2","4308 DUVAL ST","Please fix layout PDF","13262","1","20320","6","","-1","1/16/2025 7:00:40 AM","64.8","7","15","","3"
"3/15/2025 3:56:07 PM","","CHRISTIAN BIRD","FLAT","4","MARBLE VENDOME","MS","TABLE TOP","BIRD - 8708 CRESTWOOD CIRCLE CONSOLE TABLE","please correct waterjet linear ft","13156","1","20298","1","","-1","1/16/2025 9:20:54 AM","12.3","9","6","","3"
"3/15/2025 3:56:07 PM","","Koch Construction","FLAT POLISH","5","ALEXANDRITA","QZ","GUEST BATH 2 VANITY","1108 W. 9th","Architect changed shelf dimensions","12610","1","20090","3","","-1","1/16/2025 10:44:09 AM","5.8","5","6","/CARTER - 3800 - Guest Bath 2 Vanity Shower Shelves_2025-01-14_APPROVED as NOTED.pdf","1"
"4/22/2026 1:37:49 PM","","R Builders","CUSTOM/FLAT","5","BIRCHWOOD","METROQUARTZ","LAUNDRY SOAP LEDGE, PET CARE HYDRATION STATION, PET CARE CAT FOOD TOP","9121 Camelback Dr","PLZ CHANGE PCS 6, 7, 10, 11 OF 12 FROM 5"" TO 6""","14956","1","19968","","","-1","4/22/2026 10:55:53 AM","13","9","15","/9121 CAMELBACK .jpg","1"
"4/22/2026 11:43:04 AM","","R Builders","CUSTOM","5","calacatta michelangelo","QZ","GUEST BATH 2 (BENCH TOP- VANITY)","9121 Camelback Dr","please revise to add note to hone pc 9 of 9 (either cut backwards and use honed side of dual finish or hone the polished side)","12061","1","19968","9","","-1","4/22/2026 11:05:00 AM","29","9","15","/9121 CAMELBACK GB BENCH.jpg","1"
"4/27/2026 1:30:33 PM","","Dale, Daniela","1 1/2","3","ORIX","DK","KITCHEN","Dale- 1177 County Road 3371","Add another joint so everything fits on the slabs. Island mitered edge should be as templated (2""), and perimeter should be 1 1/2"".","14940","1","20805","4","","-1","4/22/2026 11:06:17 AM","41.4","7","12","","2"
"4/23/2026 11:38:27 AM","","Jauregui Architect Builders","2","5","TAJ MAHAL","QZ","KITCHEN PERIMETER, SPLASH, ISLAND","266 Club Ranch Ct - Taj Mahal - Kitchen, Pantry","Customer would like the island to be bookmatched","14869","7","19947","","","-1","4/22/2026 3:38:21 PM","316.66","7","15","","1"
"4/28/2026 10:15:37 AM","","Shoberg Homes","CUSTOM","4","CALACATTA MANHATTAN HONED","MS","PRIMARY VANITY","302 Inwood","customer change discuss with Denis also include cross section of sink per Denis","14110","1","20333","","4/24 see emailed file with edge drawing from Shoberg","-1","4/22/2026 4:37:40 PM","15.5","5","","","1"
"4/23/2026 10:51:01 AM","","Beckworth Design Build","FLAT HONED","4","CALACATTA MONET HONED","MS","BATH 2 BASEBOARDS","6 Sundown Parkway","Per Keziah: we can remove the joints on pieces 6, 7, 8, and 9. We can also remove the joint on piece 12 of 14; however, due to the size of the slab, a joint will still be required in that section","14821","1","20633","","","-1","4/23/2026 7:33:47 AM","32","7","15","","2"
"4/24/2026 4:13:36 PM","","Spitz, Gabriel","CUSTOM (SEE UPLOADED HAND SKETCH)","5","CALACATTA GOLD POLISHED","MS","KITCHEN ISLAND","Spitz-1200 Hawks Canyon Circle","Change edge profile to cove (see the Bar from job 19918 for reference)","15080","1","20786","1","[ERICK]","-1","4/23/2026 9:11:43 AM","57.91","7","6","","1"
"4/27/2026 11:55:09 AM","","Meridian Custom Homes","FLAT HONED","5","SARATOGA HONED","QZ","KITCHEN PERIM, ISLAND, PANTRY, POWDER","6001 Cary Drive","need to ss layout with island not using slab with yellow line","14931","1","20837","10","[ERICK] 4/23: also see file to remove some areas of scribing","-1","4/23/2026 11:29:16 AM","147.2","5","15","/CHANGE 20837 - KITCHEN PERIM, ISLAND, PANTRY, POWDER rev1..pdf","1"
"4/27/2026 2:57:59 PM","","Blue Horse Building","FLAT HONED","5","OLYMPIAN DANBY HONED","MS","KITCHEN PERIMETER","1260 Mesa Ranch Road","add back in full splash at sink wall use additional slab delivered April 2026 also  remove center seams above windows on splashes","15101","1","20683","","[ERICK]","-1","4/23/2026 1:49:58 PM","287.14","5","15","","2"
"4/27/2026 3:44:04 PM","","Blue Horse Building","FLAT","4","Cremo Delicato Honed","MS","PRIMARY MIRROR TRIM, LEDGE, SHOWER DOOR JAMBS AND TRIM","1260 Mesa Ranch Road","jamb templated flush with inside of trim change shower trim by 1/4"" to make detail like drawing","15103","1","20683","15","[ERICK] - also revise to combine with primary vanity _ bsp and mirros","-1","4/23/2026 2:13:07 PM","32.6","5","","/Jamb & trim detail_2.jpeg","1"
"4/27/2026 4:36:13 PM","","Camelot Custom Homes","MITER","4","SARDINIA HONED","MS","GUEST BATH VANITY","4509 Edgemont","Sink is now a Kohler 2214","14936","1","20800","1","","-1","4/24/2026 12:31:30 PM","11.8","5","15","","1"
"4/28/2026 8:03:22 AM","","Camelot Custom Homes","FLAT HONED","4","SARDINIA HONED","MS","WATER BAR","4509 Edgemont","update sink info to drain and see file for cutout locations also add guest bath trim pieces the file with the sizes is in the job in MW","14939","1","20800","2","","-1","4/24/2026 12:36:55 PM","18.6","5","12","/hole locations at wet bar.png","1"
"4/27/2026 4:26:01 PM","","Stewart and Company","FLAT HONED","5","NEGRESCO HONED","GS","ATTIC KITCHENETTE","2700 Island Ledge Cv","Please change 4 1/2"" sink setback, and put center of faucet hole 3"" from edge of sink cutout (show dimension on drawing)","15090","1","20585","2","","-1","4/24/2026 2:29:29 PM","22.8","7","15","","1"
"4/28/2026 5:40:07 AM","","Stewart and Company","4","5","TAJ MAHAL LEATHERED","QZ","PRIMARY BATH VANITY","1803 LAKESHORE DR","Add to the layout with the kitchen","15262","1","20616","1","","-1","4/27/2026 11:30:13 AM","18.7","7","12","","3"
"4/28/2026 5:40:14 AM","","Stewart and Company","FLAT HONED","5","TAJ MAHAL LEATHERED","QZ","PRIMARY BATH NICHE SHELF","1803 LAKESHORE DR","Add to the layout with the kitchen","15259","1","20616","1","","-1","4/27/2026 11:30:32 AM","1","7","12","","3"
"6/24/2026 4:25:56 PM","","","","","","","","","revise to dims in ""corrections"" file   follow Denis' comments in email: show overall depth dims of stone shelf, note bracket should be fastened against studs/blocking not sheet rock   holes in bracket to be countersunk using a","14459","2","20305","2","","-1","6/22/2026 10:42:20 AM","1","","6","","1"
"6/23/2026 2:10:34 PM","","Crowell Builders","FLAT HONED","5","THASSOS WHITE","MS","POWDER FLOATING COUNTERTOP","2301 Island Wood Road","add to slabsmith layout (master bedroom coffee, master/powder vanities); remove sales note 1, install notes 1","15500","1","20999","2","","-1","6/22/2026 5:50:55 PM","8.9","7","6","","2"
"6/24/2026 11:56:50 AM","","Castle Crafters","FLAT","5","EXPLOSION BLACK CRISTALLO","QZ","BAR COUNTER W/ SINGLE WATERFALL","4207 Cat Mountain Drive","Please refer to the revised fab forms for the updated information.","14692","1","20583","13","","-1","6/23/2026 9:12:13 AM","80.2","15","12","","4"
"6/24/2026 12:00:19 PM","","Castle Crafters","FLAT","5","DIAMOND BLACK LEATHERED","QZ","KITCHEN PERIMETER","4207 Cat Mountain Drive","Please refer to the revised fab forms for the updated information.","14694","1","20583","12","","-1","6/23/2026 9:12:30 AM","62.7","15","12","","1"
"6/23/2026 2:10:25 PM","","Crowell Builders","FLAT HONED","5","THASSOS","MS","MASTER VANITIES/SHOWER CURB, POWDER VANITY/SHOWER CURB","2301 Island Wood Road","Add jamb to drawing","15499","1","20999","20","","-1","6/23/2026 10:35:19 AM","65.2","7","6","","1"
"6/28/2026 5:26:38 PM","","Foursquare Builders, LLC","FLAT POLISH","5","SNOWFALL","GS","PRIMARY BATH TUB DECK, SHOWER NICHE, TUB NICHE","1910 Cypress Point W","Revise per attachment","15464","1","20503","10","","-1","6/23/2026 11:30:25 AM","38.1","7","6","/Bath Granite Rev 1 Foursquare  Comments 6-15-26.pdf","3"
"6/29/2026 10:14:41 AM","","Shoberg Homes","FLAT","4","CALACATTA VAGLI ORO HONED","MS","PRIMARY WAINSCOT, CHAIR RAILS, SHOWER WALLS","2775 Elder Hill Rd - Family House","SEE EMAIL FROM TRACY ON JUNE 23 WITH CHANGES ETC","15483","1","20572","","","-1","6/23/2026 4:32:27 PM","58.28","5","6","","3"
"6/24/2026 4:18:24 PM","","R Builders","","","","","SHANNON","9121 CAMELBACK DR","please add 3 flush mount grommet holes on pc 1 of 4- see attached for placement. grommets are in CAD office","13465","1","19968","4","🤚 - HOLD - UNCLEAR WHICH AREA OR PIECE THIS IS FOR","-1","6/23/2026 4:55:18 PM","49.5","","6","/GROMMET LOCATIONS.jpg","1"
"6/24/2026 3:02:30 PM","","DiSimone, Tony","DOUBLE QUARTER ROUND","5","CRYSTALLO HONED","QZ","POWDER","DiSimone -24422 W Hwy 71","use top part horizontally of slab 334992 and overhang changed to 3/8","14799","1","20784","2","","-1","6/23/2026 5:37:33 PM","8.9","5","6","","1"
"6/29/2026 9:44:33 AM","","Foursquare Builders, LLC","FLAT POLISH","5","CASHMERE TAJ","MSI-Q","GUEST BATH SHOWER BENCH/PONY WALL/JAMB/NICHE","1910 Cypress Point W","Revise per attachment (pg 6)","15461","1","20503","8","","-1","6/24/2026 7:14:27 AM","17.9","7","6","/Bath Granite Rev 1 Foursquare  Comments 6-15-26_1.pdf","1"
"6/24/2026 3:02:42 PM","","DiSimone, Tony","DOUBLE QUARTER ROUND","5","LEBLON LEATHERED","QZ","HIS OFFICE, DOWNSTAIRS GUEST","DiSimone -24422 W Hwy 71","make overhangs 3/8","14801","1","20784","5","","-1","6/24/2026 10:24:39 AM","55.3","5","6","","1"
"6/29/2026 1:19:42 PM","","Curran Construction","FLAT","5","BLACK PEARL *** HONED***","GS","SHOWER BATH VANITY, GUEST BATH VANITY","4015 Speedway 2","please change sink to Continental Ceramic Oval Undermount (Acorn) CH833","15414","1","21000","7","PLEASE REMOVE SHOWER PCS FROM LAYOUT TOO!!!! 6/25MB","-1","6/24/2026 10:25:07 AM","18.9","9","6","/chemcore_sink_specification_sheet-continental_acorn.pdf","1"
"6/29/2026 1:07:04 PM","","RisherMartin","MITER","4","ORGANIC WHITE","CS","BATH 204 CURB, NICHE SURROUND, BENCH TOP, FRONT AND SIDE","1719 Hallam Drive","Make one change per attached file from builder","15325","1","20719","11","","-1","6/24/2026 8:50:50 PM","23.4","5","6","/CUSTOMER REVISION 20719 - BATH 204 CURB, NICHE SURROUND, BENCH TOP, FRONT AND SIDE-1.pdf","1"
"6/29/2026 1:53:44 PM","","Curran Construction","FLAT","4","NERO MARQUINA","MS","FIREPLACE FACE   HEARTH","4015 Speedway 2","this is to be retemplated with different thicknesses- please wait for new template files","15411","1","21000","5","","-1","6/25/2026 1:38:20 PM","17.7","9","6","","1"
"6/29/2026 1:54:06 PM","","FIA HOMES","MITER","5","FUSION","QZ","PRIMARY VANITIES","1907 ARTHUR LANE","Sink changed. New model: Native Trails Cabrillo (Specs attached to MW)","14876","1","20816","12","","-1","6/25/2026 5:08:46 PM","40.6","5","6","","1"
"6/29/2026 2:30:58 PM","","DiSimone, Tony","MITER","3","NAVONA","PORCELANOSA PORCELAIN","GYM BEV BAR/CENTER","DiSimone -24422 W Hwy 71","please remove backsplash pieces per Makayla at Rachel Mast- remove sales note 1 and install note 1","15557","1","20784","3","","-1","6/26/2026 9:57:44 AM","37.9","5","6","","1"
"3/15/2025 3:56:07 PM","","FSB Custom Homes, LLC","FLAT","5","MONT BLANC","QZ","1ST FLOOR GUEST BATH, LAUNDRY","3602 Murillo Circle","The Laundry is missing a hole for the disposal switch. Another quick note on the Laundry: outlet cutout placement is to be centered in the height of the backsplash. FSB will adjust the height of the outlets to fit into the centered stone holes.","12471","1","19918","7","","-1","2/27/2025 7:00:39 AM","40.4","7","15","","3"
"3/15/2025 3:56:07 PM","","Golden Build Company","MITERED","5","COSMIC BLACK","GS","BATH 2","4204 Churchill Downs","change to new Jaclo drain","13383","1","20364","12","no revision needed, new drain is same size sa previous","-1","2/27/2025 9:00:11 AM","20.1","5","6","/814-_JACLO___Cut_Sheet drain for B2.pdf","1"
"3/15/2025 3:56:07 PM","","Wyeth Custom Homes","MITERED","4","CALACATTA CREMO HONED","MS","BATH 2 VANITY","705 County Rd 360","BATH 3 HAS A SHOWER CURB THAT DOES NOT APPEAR ON THE DRAWING. THE CURB WAS TEMPLATED. PLEASE ADD THE SHOWER CURB TO THE DRAWING","13403","1","20350","5","","-1","2/27/2025 2:14:01 PM","33.7","5","15","/20350 - BATH 2 VANITY & CLOSET MAKEUP TOP AND BATH 3 VANITY-BLOCK.pdf","3"
"3/15/2025 3:56:07 PM","","FSB Custom Homes, LLC","FLAT","5","MONT BLANC","QZ","1ST FLOOR GUEST BATH, LAUNDRY","3602 Murillo Circle","Per the previous revision request, outlet cutout placement is to be centered in the height of the backsplash. FSB will adjust the height of the outlets to fit into the centered stone holes.The outlet locations didn't change from the previous version.","12471","1","19918","7","Outlets are already centered on BSP height.","-1","2/27/2025 4:38:48 PM","40.4","7","15","","3"
"3/15/2025 3:56:07 PM","","","","","","","","","please remove pony wall cap face (pc 5 of 7) and sales notes for ""primary bath SALES","13531","1","20392","","Per slack, this rev was not needed :)","-1","2/28/2025 10:19:41 AM","17.5","","6","/Screenshot 2025-02-28 102030.jpg","5"
"3/15/2025 3:56:07 PM","","Golden Build Company","MITERED","5","COSMIC BLACK","GS","BATH 2","4204 Churchill Downs","Bath 2 SinkI want the drain to be located 7” off the backsplash. The plumber and I figured out how to make the Bottle Trap closer to the wall.","13383","1","20364","12","","-1","3/3/2025 10:14:47 AM","20.1","5","6","","1"
"3/15/2025 3:56:07 PM","","David Wilkes Builders","SMALL OGEE POLISHED","5","CRYSTAL LUCE","QZ","KITCHEN","210 LAVACA ST 3502","Customer would like a different joint location option than at the center of the sink. Please make backsplash joint match as well.","13198","1","20280","5","UNABLE TO COMPLETE, AVOIDING THE D/W WOULD MAKE THE PIECES TOO LARGE FOR THE ELEVATOR","-1","2/25/2025 3:44:18 PM","93.8","7","6","","1"
"3/15/2025 3:56:07 PM","","Moontower Design And Build","FLAT","5","ETHEREAL GLOW","SS","VANITY","5801 DUVAL","Please make revisions as noted on marked up drawing from customer","12719","1","20162","1","","-1","2/26/2025 7:29:25 AM","12.7","7","15","/mark ups from customer - vanity.jpg","3"
"9/15/2026 10:39:47 AM","","Camelot Custom Homes","FLAT","5","hermitage","CAMBRIA","KIT  PERIM, PANTRY,VENT, MUD, HALL, ENTRY, LR TOPS","5619 Reynolds Road","change vent pcs 2 3 and 4 to be 11 3/8 tall","15230","1","20931","13","","-1","9/11/2026 10:37:36 AM","110.1","5","6","","1"
"9/16/2026 11:48:21 AM","","Coats Homes","FLAT HONED","5","WHITE OPULENCE HONED","MS","DOWNSTAIRS LAUNDRY, BATH B VANITY, BATH A VANITY/TUB DECK, GUEST BATH VANITY","13009 Flowering Senna Bend","Remove outlet from Bath B as shown on attachment","15739","1","20859","","","-1","9/14/2026 3:24:36 PM","80","7","15","/bathb outlet.png","1"
"9/16/2026 1:41:50 PM","","The Stone Collection","","","","","MEN","TSC Showroom","Access panel should be on piece 13 of 17, not 17 of 17.","15598","1","20944","17","","-1","9/14/2026 3:37:43 PM","114","","15","","1"
"9/15/2026 4:54:23 PM","","","","","","","","","please move piece 1 of 3 to slab","15794","8","20989","3","","-1","9/15/2026 10:55:34 AM","24.2","","12","","1"
"9/16/2026 4:00:58 PM","","Shoberg Homes","FLAT HONED","5","BIANCO CORTE LEATHERED","CRESCENT QUARTZ","LAUNDRY, DOG STATION, POOL LIVING","500 Vale Street","Make changes and call out clarifications per attached file from architect","15688","1","21009","8","","-1","9/15/2026 12:25:07 PM","52.8","5","15","/APA REVIEW_21009 - LAUNDRY, DOG STATION, POOL LIVING-BLOCK.pdf","1"
"9/16/2026 11:20:16 AM","","Ignite Outdoor Kitchens","FLAT HONED","5","WHITE DALLAS (LEATHERED BY AG)","GS","OUTDOOR KITCHEN","488 LEANING ROCK RIDGE","Joints are  not in intended places per the drawing file see pages 3-6","15845","1","21070","10","","-1","9/15/2026 12:39:05 PM","69","5","15","/Drawings.pdf","3"
"9/16/2026 2:17:32 PM","","Hannah Corwin Interior Design","MITER","4","EMERALD","QUARTZITE","POWDER","2600 E. 13th Street","add mitered corner on backsplash","15821","1","21002","","","-1","9/15/2026 12:40:53 PM","11","5","15","","1"
"9/17/2026 2:44:40 PM","","The Stone Collection","","","","","MEN","TSC Showroom","Move the access panel back from piece 13 to piece 17 as it was before. The correct revision I need is for the trash can access to be on the left side of vanity (piece 2 instead of piece 5).","15598","1","20944","17","","-1","9/16/2026 1:45:54 PM","114","","6","","2"
"9/17/2026 2:53:56 PM","","Lake Group Builders","FLAT","5","CALACATTA GOLD","MS","PRIMARY DRESSER TOPS","4 Michele Circle","please remove radius - do edges need to be polished? these are going to be inset in a cabinet top","15869","2","20085","5","","-1","9/17/2026 8:20:21 AM","15.5","9","6","/IMG_1478.HEIC","1"
"4/10/2025 8:27:18 AM","","FSB Custom Homes, LLC","FLAT HONED","4","COTE D AZUR (TO BE HONED BY ALPHA)","MS","BACK PC FOR NANNY BATH SHOWER NICHE","3703 Meadowbank Dr","Place the niche back piece close to one of the corners to save as much material for the next phase, even if the vein match isn’t ideal.","13658","4","20186","","","-1","4/9/2025 10:59:52 AM","2.3","7","","","3"
"4/14/2025 11:28:24 AM","","Huddleston Custom Homes","FULL BULLNOSE","5","MIAMI VENA","SS","CABANA BATHROOM, CABANA KITCHENETTE","10801 FOUNDATION ROAD","please change sink in bathroom to Continental Ceramic Oval ""Bud"" CH883 (spec sheet in job folder)","13695","1","20445","6","","-1","4/11/2025 2:15:51 PM","27.8","9","6","","1"
"4/15/2025 2:41:53 PM","","FSB Custom Homes, LLC","FLAT","4","ABSOLUTE BLACK HONED","GS","DINING ROOM, LIVING ROOM, AND FAMILY ROOM FIREPLACE HEARTHS","3602 Murillo Circle","Please revise according to attached drawing","13471","1","19918","3","","-1","4/14/2025 7:38:28 AM","32","7","6","/19918 - HEARTHS DINING ROOM LIVING ROOM AND FAMILY ROOM FIREPLACE HEARTHS-BLOCK - FSB COMMENTS 4.11.25.pdf","1"
"4/15/2025 8:30:33 AM","","FSB Custom Homes, LLC","OGEE","5","CALACATTA ASPEN HONED","MS","MASTER VANITIES","3602 Murillo Circle","We can’t use 331093 as it’s already been cut. We’ll need to use the remnant 332595 as soon as it is photoed.","12474","1","19918","8","On Hold material not photo","-1","4/14/2025 9:14:46 AM","30.1","7","","",""
"4/14/2025 11:39:51 AM","","RedOven Property Solutions","2 1/8","4","MORPHEUS","DK","KITCHEN PERIMETER AND ISLAND","7833 West Rim Dr.","Please add air switch as indicated on the marked up drawing attached.","13537","1","20345","9","","-1","4/14/2025 10:26:32 AM","101.7","7","15","/20345 - KITCHEN PERIMETER AND ISLAND-BLOCK (1).pdf","3"
"4/14/2025 11:18:15 AM","","Austin Turnkey Services, Inc.","BEVEL HONED","5","FRESH CONCRETE","CS","VANITY, NICHE BOTTOMS","3509 Mount Barker Dr.","There is a note on the fab form for the overhang at the sink cutouts to be 1/8"". Please fix ASAP.","13700","1","20456","5","","-1","4/14/2025 11:02:13 AM","23.5","7","","",""
"4/15/2025 2:57:15 PM","","FSB Custom Homes, LLC","FLAT HONED","4","CALACATTA BLUETTE HONED","MS","BACK PC FOR NANNY BATH SHOWER NICHE","3703 Meadowbank Dr","Wrong color was on the fab form. Please update the drawing to match correct color updated in MW/caspio.","13658","4","20186","","no rev needed :)","-1","4/15/2025 12:24:20 PM","2.3","7","6","","5"
"4/15/2025 2:46:55 PM","","Lake Group Builders","FLAT","5","CALACATTA TOP POLISHED","MS","KITCHEN PERIMETER, KITCHEN FHBSP W/ SHELF","4 MICHELE CIRCLE","please note ""AG to Hone"" in material box and on notes for the shop. please edit the note labeled ""1."" to the shop to say ""Honed underside of the shelf""please edit edge profile to ""Flat Honed""","13305","1","20085","8","","-1","4/15/2025 1:01:07 PM","80","9","6","","2"
"4/17/2025 10:33:48 AM","","Buten, Jonathan","FLAT","5","MIA","PENTAL QUARTZ","PRIMARY BATH VANITIES","Buten-712 Furlong Drive","please put in the faucet information and remove any notes to drill on site. faucet is in MW but also attached here :)","13705","1","20450","11","","-1","4/15/2025 5:06:39 PM","31.7","9","6","/72517821_hansgrohe_product_specification.pdf","1"
"4/18/2025 3:12:38 PM","","Waller Building Company, LLC","FLAT","5","MIAMI WHITE","SS","BATH 106 (GUEST BATH) VANITY","1000 Payne Avenue","please edit the overhang to 3/4"" per conversation with Josh; please call out measurement from face of ctop to start of sink","13159","1","20299","1","","-1","4/17/2025 11:11:28 AM","9.4","9","6","","3"
"4/18/2025 3:23:38 PM","","Waller Building Company, LLC","FLAT","5","MIAMI WHITE","SS","PRIMARY BATH SHOWER JAMBS","1000 PAYNE AVENUE","change 1-13/16"" on pc 6 of 6 (right most jamb) to 1-1/16"";correct measurement at top of pc 5 of 6 to the difference between 8-1/4"" and 1-1/16"" (maybe 7-3/16"" but plz check);delete pc 2 of 6;update SF / EDGE LF to reflect the removal of the curb","13164","1","20299","5","","-1","4/17/2025 11:16:28 AM","21.9","9","6","/1000 payne - note on jambs primary.jpg","1"
"4/18/2025 3:15:57 PM","","Waller Building Company, LLC","FLAT","5","MIAMI WHITE","SS","BATH 106 (GUEST BATH) WINDOWSILL","1000 PAYNE AVENUE","please change length to 28"" and note ""cut to size on site per PM""","13160","1","20299","1","","-1","4/17/2025 12:20:29 PM","0.8","9","6","","1"
"4/21/2025 9:03:14 AM","","RenderATX","FLAT POLISH","4","Bianco drift","Cs","3-LEVEL COUNTERTOP","1007 North Hurst Creek Rd.","Customer is changing colors. Please update the drawing to show the correct color name. No slabsmith required, so need a CAD layout.","13720","1","20351","11","","-1","4/18/2025 4:34:13 PM","18.8","7","6","","1"
"6/2/2025 9:11:30 AM","","Martin G Rachford","BEVEL","5","MARENGO","SS","KITCHEN OVERBAR/ISLAND/KITCHEN FHBS @ PERIMETER/DRY BAR","206 Stone Ridge Drive","Please make this edit STAT! The sidesplash is missing on the left. please add sidesplash to block and layout-resubmit drawings ASAP","13908","1","20500","8","","-1","6/2/2025 8:37:37 AM","63.5","6","","","4"
"6/4/2025 3:16:19 PM","","Adler, Jeryll","FLAT POLISH","5","BLIZZARD","CS","DOG BOWL","Adler-Dog Bowl Fab only","Please add the radius dimensions of the cutouts (6"" and 7 3/4"")","13921","2","20536","2","KH: PLEASE ALSO CHANGE THE DISTANCE BETWEEN THE BOWLS TO 3 3/4""","-1","6/2/2025 11:03:05 AM","2.7","7","6","","1"
"6/4/2025 3:11:31 PM","","","","","","","","","tHE model","13893","1","20524","17","6/2 MF REQUESTED REVISED BLOCK AND LAYOUT- SINK MODEL# IS INCORRECT- SHOULD BE QU-712 NOT QU-713.","-1","6/2/2025 11:03:15 AM","107.1","","6","","3"
"6/4/2025 11:07:26 AM","","Marieke de Hoog","FLAT","5","MIAMI WHITE","SS","UTILITY w/ 4","Hoog-9529 Big View Drive","client wants both sinks to be flush instead of 1/8"" OH","13869","1","20489","3","","-1","6/2/2025 11:45:11 AM","9.9","9","6","/Screenshot 2025-06-02 114429.jpg","1"
"6/4/2025 11:07:20 AM","","Marieke de Hoog","","","","","KITCHEN PERIMETER TOP, ISLAND, BUTLER","Hoog-9529 Big View Drive","please make kitchen sink flush with countertop","13867","1","20489","4","","-1","6/2/2025 11:47:53 AM","76.2","","6","/Screenshot 2025-06-02 114429_1.jpg","1"
"6/5/2025 12:11:46 PM","","Phil Jackson Studio","FULL BULLNOSE","4","ABSOLUTE BLACK HONED","GS","SILL AND NICHE PIECES","10100 Woodstock Dr (2025) (FAB ONLY)","Add shop note per fab form: honed undersides of all pieces. Also, the short sides should be flat honed, not unfinished (in case that needs to be noted some way other than an X).","13945","2","20540","4","","-1","6/3/2025 6:58:04 AM","8","7","6","","3"
"6/5/2025 11:47:16 AM","","Shoberg Homes","FLAT HONED","4","SILVER TRAVERTINE HONED","TRAVERTINE","BATH 2, 3","2289 DRIFTWOOD RANCH DR","Please revise Slabsmith layout to accommodate future vanity tops not templated yet. See attached file.","13601","1","20164","15","","-1","6/3/2025 2:12:58 PM","172.9","5","6","/Approximate vanity sizes.PNG","2"
"6/4/2025 3:27:59 PM","","Shoberg Homes","FLAT HONED","4","PERLA VENATO LEATHERED","QZ","KITCHEN, PANTRY, ISLAND","1501 Rabb Rd","Please make a 2nd layout option with the seam at the center of the island instead of at the sink.","12055","1","19976","9","second slabsmith option created.","-1","6/3/2025 3:00:32 PM","131.2","5","6","","1"
"7/21/2025 1:27:13 PM","","FSB Custom Homes, LLC","MISC","4","TRAMBISERA HONED","MS","MASTER SHOWER WALL","3602 Murillo Circle","6/9 KH homeowner deciding if they're going to add details to the bench5/16 KH sent for approval - there will be lots of back and forth with the builder on this","13704","1","19918","34","","-1","6/25/2025 4:39:03 PM","88.5","7","6","","1"
"6/27/2025 3:20:41 PM","","Lavaca Building Company","FLAT HONED","5","BLACK HONED","SOAPSTONE","UPSTAIRS ADDITION BATH","4521 EAGLE FEATHER","for all shower pieces they want a 1/2"" overhang","13993","1","20550","8","","-1","6/26/2025 9:29:06 AM","21","5","6","","1"
"6/27/2025 11:24:41 AM","","FIA Homes","MITER","5","BRILLIANZA","CS","BATH 2, MUD 1, BATH 3, UPSTAIRS DRY BAR","1701 Brookhaven Drive","Change to CS Brillianza 3cm flat edge. Slab ID 333806. NO MITERED EDGE","13965","1","20135","8","","-1","6/26/2025 9:34:49 AM","36.7","5","6","","1"
"6/26/2025 2:23:18 PM","","Shoberg Homes","FLAT HONED","5","MINAS","SOAPSTONE","WET BAR","1501 Rabb Rd","Rotate slabsmith layout 180 degrees","12059","1","19976","1","","-1","6/26/2025 9:48:37 AM","18.2","5","6","","1"
"6/26/2025 5:53:15 PM","","FSB Custom Homes, LLC","2","4","COTE D AZUR (TO BE HONED BY ALPHA)","MS","PRIMARY SINK VANITIES","3703 MEADOWBANK DR","Faucet holes were not put on the drawing.","13275","1","20186","7","","-1","6/26/2025 10:41:31 AM","67.8","7","12","","3"
"6/27/2025 11:49:38 AM","","Caroline Pinkston","FLAT","4","ROJO ALICANTE","MS","DINING ROOM","Pinkston-4006 Rosedale Avenue","please change edge profile to OGEE","13979","1","20236","2","","-1","6/26/2025 10:58:54 AM","21.3","9","6","/ogee for pinkston.jpg","1"
"6/26/2025 4:34:29 PM","","FSB Custom Homes, LLC","2","5","BLUE ROMA HONED","QZ","BAR, BAR STORAGE","3703 Meadowbank Dr","Markos: as discussed move joint on long top","13251","1","20186","7","","-1","6/26/2025 11:51:53 AM","69","7","12","","3"
"6/27/2025 11:55:04 AM","","Wyeth Custom Homes","FLAT","5","SKY WHITE HONED","MS","OWNER SPA VANITIES","705 COUNTY RD 360","On layout:move bottom vanity so there is no dark spot in front of the sink","13495","1","20350","6","","-1","6/26/2025 5:51:06 PM","47.9","5","6","","3"
"6/30/2025 3:35:30 PM","","FIA Homes","FLAT HONED","5","BLACK PEARL (HONED BY ALPHA)","GS","PIANO BAR","1701 Brookhaven Drive","add fhbsp templated 6/26 by Gabe","13969","1","20135","1","✋ - REQUESTED FABFORMS COMBINED","-1","6/27/2025 8:30:39 AM","18.9","5","6","","2"
"6/27/2025 3:21:08 PM","","Shoberg Homes","FLAT HONED","5","MINAS","SOAPSTONE","WET BAR","1501 Rabb Rd","Rotate wet bar on layout back 180 degrees to original layout.","12059","1","19976","1","","-1","6/27/2025 12:24:17 PM","18.2","5","6","","1"
"8/29/2025 1:34:40 PM","","Vitek McIver Homes","1 3/4","4","CALACATTA LASA HONED","MS","PRIMARY BATH VANITY","345 PECAN GROVE DRIVE","Please revise per Gabe's 8/27 template (backsplash and shelf added)","14105","1","20408","1","","-1","8/28/2025 6:29:59 AM","19.5","7","15","","3"
"8/29/2025 2:32:52 PM","","DNA Builds LLC","FLAT","5","ATMOS GOLD","PQ","VANITY, BENCH TOP","DNA Builds - 3811 Arrow Wood Rd.","Bench does not have a waterfall edge - fab form says flat","14184","1","20612","6","","-1","8/28/2025 9:52:57 AM","14.4","7","15","","2"
"8/29/2025 12:42:06 PM","","FSB Custom Homes, LLC","COVE DUPONT HONED","5","CALACATTA GOLD HONED","MS","KITCHEN PERIMETER AT WINDOW WALL","3602 Murillo Circle","See attachment","13801","1","19918","4","","-1","8/28/2025 10:39:38 AM","43.4","7","15","/19918 - KITCHEN PERIMETER AT WINDOW WALL-BLOCK - FSB Rev. 1 - 8.25.25.pdf","3"
"9/9/2025 9:45:20 AM","","Waller Building Company, LLC","MITER TO 2-1/4","5","TAJ MAHAL","QZ","KITCHEN ISLAND","1205 WILDERNESS","will have template verification on 9/2- please review files then and compare. client wants the face of the miter to be flush with the cabinet end panel.","14314","7","20413","2","IS FOR THE PERIMETER. 🤚- HOLD 9/3 NO TEMPLATE FILE OR NOTES","-1","8/28/2025 11:48:59 AM","48.3","9","6","","1"
"9/9/2025 9:45:26 AM","","Waller Building Company, LLC","MITER TO 2-1/4","5","TAJ MAHAL","QZ","KITCHEN ISLAND","1205 WILDERNESS","will have template verification on 9/2- please review files then and compare. client wants the face of the miter to be flush with the cabinet end panel.","14314","7","20413","2","🤚- HOLD 9/3 NO TEMPLATE FILE OR NOTES","-1","8/28/2025 11:49:09 AM","48.3","9","6","/1205Wilderness_DD-Model-3.pdf","1"
"8/29/2025 2:12:38 PM","","Nelson Rockwood Homes, LLC","DOUBLE BULLNOSE (STACKED)","4","kenya brown","MS","POWDER ROOM","5516 Laceback Terrace","The client has decided to move forward with the 10 1/4"" backsplash (back only) that was originally quoted. Please add this to the block and update the photographic layout accordingly.","14308","1","20558","","","-1","8/28/2025 4:25:08 PM","8.38","15","15","","1"
"8/29/2025 4:07:56 PM","","Texas Construction Company","FLAT POLISH","5","PATAGONIA","QZ","KITCHEN ISLAND, KITCHEN FULL HEIGHT BACKSPLASH","907 Terrace Mountain Drive","Please redo slabsmith layout to maximize using middle parts of the slab (chunky areas) and minimize using sides of slab (grainy areas)","14269","1","20562","8","","-1","8/29/2025 11:04:51 AM","125.6","7","15","","3"
"3/15/2025 3:56:07 PM","","MOXI Construction","FLAT POLISH","5","MIAMI WHITE","SS","KITCHEN PERIMETER, KITCHEN ISLAND, BATH 2, BATH 3","1004 East 14th Street","please adjust to marked up shop drawing in the attached. pieces 1 of 7, 4 of 7 through 7 of 7","12952","1","20237","7","","-1","11/8/2024 9:04:36 AM","96.4","9","6","/KitchenPerimeter.AANotes.241103_1.pdf","1"
"3/15/2025 3:56:07 PM","","Jauregui Architect Builders","2","5","TAJ MAHAL","QZ","UTILITY","266 Club Ranch Ct - Taj Mahal - Utility","Please remove outlet cutouts in backsplash. From builder: We have under cabinet plug molds and don’t want/need outlets in the backsplash.","13052","1","19948","17","","-1","11/8/2024 3:53:14 PM","162.7","7","6","","1"
"3/15/2025 3:56:07 PM","","Jauregui Architect Builders","2","5","TAJ MAHAL","QZ","UTILITY","266 Club Ranch Ct - Taj Mahal - Utility","Can you remove even the grey-ed out outlet cutouts? They won’t approve the drawing with them on there at all.","13052","1","19948","17","","-1","11/12/2024 1:39:19 PM","162.7","7","6","","1"
"3/15/2025 3:56:07 PM","","Classic Constructors","FLAT HONED","5","WEYBOURNE MATTE","CAMBRIA","EXERCISE, EXERCISE BATH, UTILITY01, DOWNSTAIRS GUEST BATH SHOWER DOOR SURROUND","5123 Indigo Spires Way","Slab IDs 330676 and 330677 have already been cut. Please use 330678, 330679, and 331832 for the layout.","12818","1","19932","12","","-1","11/12/2024 1:39:50 PM","123.5","7","6","","5"
"3/15/2025 3:56:07 PM","","Bruce, Jordan and Teresa","FLAT POLISH","5","TERRA LUNA","MQ","MAIN BATH, GUEST BATH","Bruce-11804 Oak Haven","Need to use 328511 for layout","12275","1","20055","2","","-1","11/12/2024 2:26:33 PM","12.5","7","6","","3"
"3/15/2025 3:56:07 PM","","Muncie Construction","WATERFALL","5","GIALLO ORNAMENTAL","GS","POWDER BATH","475 Midway Rd","WRONG SINK AND FACUET","13068","1","20170","2","","-1","11/12/2024 2:29:58 PM","7.5","6","6","","3"
"3/15/2025 3:56:07 PM","","Jauregui Architect Builders","2","5","LAVEZZI LEATHERED","QZ","POWDER 2","266 Club Ranch Ct - Lavezzi - Powder 2, Office, Media Bar, Hall 2 Breakfast Bar","Please add the dimensions in front of and behind sink, as well as where the spout hits inside the sink.","13053","1","19957","2","","-1","11/12/2024 2:59:09 PM","17","7","6","","1"
"3/15/2025 3:56:07 PM","","FSB Custom Homes, LLC","FLAT","4","ICONIC WHITE","SS","2ND FLOOR GUEST BATH SHELVES","3602 Murillo Circle","Please revise to edits on shop drawing. Threshold to be 30-3/8"" and flush with tile floor.","13212","1","19918","3","","-1","12/11/2024 8:56:45 AM","1.8","7","6","/19918- 2nd FLOOR GUEST BATH - FSB REVISIONS.pdf","1"
"3/15/2025 3:56:07 PM","","FSB Custom Homes, LLC","FLAT POLISH","5","BIANCO CARRERA","MS","GUEST SHOWER CURB, NICHE","3602 Murillo Circle","please change piece 1 of 8 to 3-7/8"" and note the light in the niche to be   1/2"" toward face of jamb.","12676","1","19918","10","","-1","12/11/2024 1:59:36 PM","6","7","6","/19918 - GUEST SHOWER CURB, NICHE - REV 1-BLOCK APPROVED WK.pdf","1"
"3/15/2025 3:56:07 PM","","Koch Construction","MITERED","4","BIANCO CARRERA HONED","MS","MAIN BATH CURB, JAMB ,HEADER AND TOILET CLOSET ENTRY JAMB","1108 W. 9th","Please see file with Architect Markups","12967","1","20090","18","FARTS","-1","12/11/2024 4:17:09 PM","25","5","6","/ARCHITECT mark ups for Main Bath Curb, Jamb, Header etc..pdf","1"
"3/15/2025 3:56:07 PM","","FLORES, MELISSA","WATERFALL","5","GREY GOOSE","QUARTZITE","KITCHEN/BATH","FLORES 2964 POWERS PL","PLEASE SEE NOTES IN SINK SECTION IN MW","13185","1","20307","","","-1","12/13/2024 8:11:41 AM","27.5","6","12","","3"
"3/15/2025 3:56:07 PM","","FIA Homes","3","5","CIELO LEATHERED","QZ","ISLAND","7001 Oak Shores","Customer change per architect mocked up drawing","12811","1","20112","9","","-1","12/13/2024 10:59:17 AM","94.5","5","6","/20112ISLANDREV1DETAIL-Rejected.pdf","1"
"3/15/2025 3:56:07 PM","","McCoy, Brandy","FLAT","5","ASTORIA PREMIUM","GS","ISLAND","McCoy-1224 Lois St","PER H/O REMOVE CLIPPED CORNERS","13171","1","20091","1","","-1","12/16/2024 10:33:37 AM","10","6","6","","1"
"3/15/2025 3:56:07 PM","","","","","","","","","Please add soap dispenser hole in primary bath - model","12899","1","20196","2","","-1","12/17/2024 9:07:50 AM","18.5","","6","","3"
"3/15/2025 3:56:07 PM","","Koch Construction","FLAT HONED","4","BIANCO CARRERA HONED","MS","PANTRY, KITCHEN PERIMETER, BALANCE OF KIT BACKPLASH, ISLAND","1108 W. 9th","Revise per architect markups.","12971","1","20090","8","","-1","12/20/2024 11:52:10 AM","136.5","5","6","/CARTER - 3200 - Alpha Granite_Pantry Bsplash Ctop and Kitchen remaining items and Island_2024-12-09_REVISE and RESUBMIT.pdf","1"
"10/14/2025 4:57:55 PM","","Shoberg Homes","FLAT HONED","5","BIANCO SUPERIORE LEATHERED","QZ","KITCHEN PERIM","2289 DRIFTWOOD RANCH DR","Make pc 3 54 1/4"" instead of 54 1/8"".OK with Gabe","14373","1","20164","9","","-1","10/13/2025 3:11:53 PM","116.9","5","6","","1"
"10/16/2025 2:09:14 PM","","Shoberg Homes","MITERED","4","Calacatta Vagli Oro Mezza Honed","MS","STUDIO BATH","2775 Elder Hill Rd","make depth of sink 6"" instead of 5""","13805","1","20394","","","-1","10/14/2025 10:57:23 AM","23.8","5","6","","1"
"10/16/2025 3:38:04 PM","","Lavaca Building Company","FLAT HONED","4","CALACATTA LAVEZZI LEATHERED","QZ","ADDITIONAL KITCHEN SPLASHES","4521 Eagle Feather","Remove top notches on both pieces. elec boxes will be removed","14486","1","20550","2","","-1","10/14/2025 12:08:33 PM","9.9","5","6","","1"
"10/16/2025 3:28:53 PM","","Miars Construction","FLAT HONED","5","BIANCO CARRARA HONED","MS","OFFICE BATH VANITY","5304 Western Hills","Make edges 6"" not 5"". Make a 1/4"" roundover at mitered edges. Also make it a shop note and also add ""See Denis""","14483","1","20516","3","","-1","10/14/2025 2:21:20 PM","5.82","5","6","","1"
"10/16/2025 3:44:55 PM","","Meridian Custom Homes","1/4","5","ELEGANT WHITE","MS","POWDER","4804 EAGLE FEATHER DRIVE","Change sink center to 14 1/2"" from L and from R","14293","1","20643","2","","-1","10/15/2025 4:08:04 PM","5.2","5","6","","1"
"10/21/2025 1:30:44 PM","","Oliver, Kay","FLAT POLISH","4","MOTION GREY","SS","PRIMARY BATH, KIDS BATH","Oliver-2601 Lansbury Dr.","A primary shower curb was templated - please add that to the drawing and layout.","14521","1","20595","10","","-1","10/16/2025 7:01:16 AM","34.5","7","6","","4"
"10/20/2025 2:03:37 PM","","Vitek McIver Homes","2 1/2","5","TAJ MAHAL","QZ","KITCHEN island","2517 Hartford Road","Add pop up outlets (locations uploaded in documents in MW)","14508","1","20563","11","","-1","10/16/2025 9:36:36 AM","82.7","7","6","/Hartford Kitchen Island Pop Up Outlets Dims.png","1"
"10/21/2025 1:33:32 PM","","Cutters Landscape","1 1/2","3","SANDIK","DK","OUTDOOR KITCHEN","7113 Avignon Drive","Please remove metal supports (customer will provide them)","14528","1","20695","4","","-1","10/16/2025 3:15:59 PM","41.4","7","6","","1"
"1/29/2026 2:48:52 PM","","David Wilkes Builders","FLAT POLISH","5","NANTUCKET","STRATUS QUARTZ","KITCHEN FHBS, GATHERING ROOM FHBS","504 Cedar Park Dr.","There will be 1 more phase using this material. Can you please make sure a 46x14 shower seat and two 108x4 jamb pieces will fit on remnants after we cut this?","14548","1","20490","9","🤚 HOLD -  VERIFICATION ON PRELIM SIZES TO SALES. THEY FIT ON THE SLAB BUT BARELY","-1","10/16/2025 3:27:25 PM","53","7","15","","2"
"10/21/2025 4:32:01 PM","","Vitek McIver Homes","14","5","SNOWFALL","GS","POWDER","345 PECAN GROVE DRIVE","Change ramp to slope from 6"" depth to 7"" depth. Add sink section detail on drawing. Move faucet holes to 2/3 of the way up the backsplash (3' 6-11/16"" AFF). Add dimension from face of backsplash to back edge of sink.","14104","1","20408","","","-1","10/17/2025 12:14:22 PM","13","7","6","","1"
"10/21/2025 3:11:21 PM","","Vinson Radke Homes","FLAT HONED","3","STRATA ARGENTUM REIVERWASHED","NEOLITH","PRIMARY BATH WALL W/ LEDGE AND WRAPPED BENCH","801 W JOHANNA ST","Remove bocci cutouts. Add 2 trufig cutouts -1. centered between faucets,2. to the left of the left faucet, spaced the same as the center trufig is spaced from the right outletTop of plugs to align with center of faucet holes. Outlets are in sales office.","13480","1","20379","","Please also dimension the outlet cutouts from the top of the cabinet","-1","10/17/2025 1:45:13 PM","52.5","7","6","","1"
"10/20/2025 3:31:32 PM","","Vitek McIver Homes","","","","","KEVIN","345 Pecan Grove Drive","The edge detail shows 2 1/4"" miter and the edge note says 1 3/4"" miter. Please change it to the correct miter from the most recent template.","14101","1","20408","2","","-1","10/17/2025 2:37:35 PM","47.5","","6","","2"
"10/20/2025 2:24:23 PM","","Sebastian Construction Group","MITER","5","WAKANDA","QZ","KITCHEN ISLAND BACK PANEL","3005 Westlake Drive","please remove pc 1 of 2 (repeat from og)","14563","1","20432","2","","-1","10/17/2025 4:21:05 PM","30.1","9","6","","2"
"10/23/2025 8:28:07 AM","","ENVE BUILDERS","FLAT HONED","5","COPACABANA LEATHERED","GS","KITCHEN","4207 WATERS EDGE COVE","make all of the Bocci outlets the same height - use 6-1/2""","14429","1","20567","12","","-1","10/20/2025 9:52:59 AM","189","7","6","","1"
"10/23/2025 7:59:30 AM","","Rauser Construction","MITERED","4","CALACATTA LINCOLN (HONED BY ALPHA)","MS","PRIMTUB DK /SKIRT, SHWR BENCH, GT BTH 1/2 WALL","3805 Balcones Drive","Combine with fab form 14213 areas,","14214","1","20455","15","","-1","10/20/2025 12:06:09 PM","71.6","5","6","","3"
"10/23/2025 8:33:08 AM","","Martin, Robin","FULL BULLNOSE","5","CALACATTA MIRAGGIO CIELO","MSI-Q","KITCHEN","Martin-103 Timberway (2025)","please remove outlet cutout from pc 6 of 14-cut on site,builder moved it afer template","14086","1","20580","14","","-1","10/20/2025 1:23:46 PM","102.7","6","6","","1"
"12/9/2025 11:15:38 AM","","R Builders","","","","","BREAKFAST BAY WINDOW COUNTER, WET BAR, BUTLER","2904 Hatley Drive","this is a workstation sink- please review specs and adjust OH / set back to allow for ledge to be useable","14654","1","20746","7","🤚 HOLD - SINK ISN'T ACTUALLY WORKSTATION STYLE, DIRECTION REQUESTED","-1","12/4/2025 4:54:04 PM","49.3","","6","/workstation.jpg","2"
"12/5/2025 10:35:46 AM","","R Builders","FLAT","5","ETHEREAL","STRATUS QUARTZ","KITCHEN ISLAND, KITCHEN PERIMETER","2904 Hatley Drive","can someone please double check and change the OH/setback to what is needed- workstation sink","14656","1","20746","4","","-1","12/4/2025 5:01:01 PM","91.9","9","6","","3"
"12/9/2025 4:26:49 PM","","Escamilla, Ed","FLAT","4","LUCID","DEKTON","KITCHEN","Escamilla-215 Doe Skin Drive","Can we work on that side splash on the sink side? pLEASE?","14760","1","20772","10","","-1","12/8/2025 12:38:57 PM","37.4","6","6","","3"
"2/16/2026 2:26:05 PM","","David Wilkes Builders","FLAT POLISH","5","OXFORD WHITE","STRATUS QUARTZ","BATH 1 SHOWER SEAT/TUB SILL, BATH 2 SHOWER SEAT, JAMB, AND HEAD","504 Cedar Park Dr.","Please update layout (new slab 335011)","14246","1","20490","19","🤚 HOLD - THIS FABFORM PROBABLY NEEDS TO BE DELETED, AREAS NOT TEMPLATED OR ON OTHER FABFORMS.","-1","12/8/2025 2:50:44 PM","49.6","7","6","","2"
"12/9/2025 3:29:55 PM","","David Wilkes Builders","FLAT POLISH","5","OXFORD WHITE","STRATUS QUARTZ","BATH 2 SHOWER ENTRY SURROUND/SHOWER SEAT/SHOWER NICHE SURROUND","504 Cedar Park Dr.","Please update layout (new slab 335011)","14716","1","20490","11","","-1","12/8/2025 2:50:59 PM","18.9","7","6","","2"
"12/9/2025 3:29:48 PM","","David Wilkes Builders","FLAT","5","OXFORD WHITE","STRATUS QUARTZ","BATH 1 TUB DECK/SHOWER ENTRY SURROUND/TUB","504 Cedar Park Dr.","Please update layout (new slab 335011)","14706","1","20490","19","","-1","12/8/2025 2:51:13 PM","49.6","7","6","","2"
"12/9/2025 3:56:26 PM","","Burniston, Kathryn","FLAT","5","TAJ MAHAL","QUARTZITE","ISLAND","Burniston-2983 Bandera Hwy","per h/o request change edge profile to 3cm flat-remove miter -thank you!","14726","1","20742","1","","-1","12/8/2025 3:50:21 PM","50.5","6","6","","1"
"12/9/2025 3:42:30 PM","","RisherMartin","FLAT HONED","5","VITARA CRYSTAL (HONED BY ALPHA)","QZ","BAR","3611 Ripple Creek (2025)","outlets are circular Prado outlets.","14365","1","20655","2","","-1","12/8/2025 4:11:08 PM","31.7","5","6","","1"
"12/11/2025 1:27:18 PM","","","","","","","","","Customer changed faucet. Please update drawing to new faucet model","14596","1","19960","2","","-1","12/9/2025 9:33:35 AM","11.6","","6","","1"
"12/11/2025 2:45:54 PM","","Vitek McIver Homes","2 1/2","3","MARMORIO","DK","ODK SINK AREA","2517 Hartford Road","Add sink cover to drawing (see notes on fab form), and change sink cutout from overhang to setback to accommodate the sink cover.","14652","1","20563","7","","-1","12/9/2025 11:36:30 AM","37.5","7","6","","1"
"12/9/2025 4:28:44 PM","","BBQ Outfitters","1 1/2","6","LUCID","DK","DISPLAY","6715 Ranch Rd 620 N","Please remove the scribe (make straight lines) and remove the scribe notes.","14185","1","20587","23","","-1","12/9/2025 4:15:31 PM","203","15","6","","1"
"12/11/2025 4:32:06 PM","","Robert Zirkel","","","","","DAYLIN","2110 Paramount Avenue","Change backsplash height to 4 7/8"".","14180","1","20609","4","","-1","12/10/2025 7:38:23 AM","13.9","","6","","1"
"12/15/2025 2:08:42 PM","","Shoberg Homes","","","","","BED 4 (BLYTHE","302 INWOOD","change joint locations","14062","1","20333","","""Change joint locations & slabsmith per new template file from 12/9""","-1","12/10/2025 9:39:50 AM","61","","6","","1"
"12/11/2025 4:24:06 PM","","Lipscomb, David","FLAT","5","MIAMI WHITE","SS","MASTER AND GUEST BA","Lipscomb-909 Lake Drive","PLEASE SEE H/O EDITS. SHE HAS ASKED THAT THE FAUCET SPECS BE REVIWED","14591","1","20723","8","","-1","12/10/2025 10:15:25 AM","31.8","6","6","/homeowner revisions to block drawing MASTER AND GUEST BATH.pdf","1"
"12/11/2025 3:58:24 PM","","FSB Custom Homes, LLC","2","4","HAMPTON WHITE HONED","ms","CABANA, OUTDOOR LIVING, OUTDOOR TERRACE, GARAGE","3703 MEADOWBANK DR","Revise to include grill manufacturer's insulation jacket. Builder confirmed there is a vent hood above the grill.","14420","1","20186","13","","-1","12/10/2025 10:38:59 AM","136.99","7","6","","1"
"12/10/2025 1:49:20 PM","","P MARINO HOMES","waterfall","5","BRITTANICA GOLD WARM","CAMBRIA","KITCHEN/ISLAND/PANTRY/JACK","LOT 94A CITADEL DRIVE","REMOVE ALL SCRIBED AREAS, REMOVE POLISH BACKSIDE OF STONE- PLEASE FAST TRACK REVISION O","14776","1","20780","12","","-1","12/10/2025 12:20:21 PM","92","6","15","","1"
"12/12/2025 3:25:14 AM","","Beckworth Design Build","2","4","FIOR DI BOSCO HONED","MS","LAUNDRY (utility)","6 Sundown Parkway","Add joint at sink so pieces will fit on slabs","14304","1","20633","8","","-1","12/11/2025 7:10:49 AM","42.5","7","12","","1"
"1/19/2026 9:04:11 AM","","R Builders","OGEE","5","BIRCHWOOD","METROQUARTZ","PET CARE ROOM","9121 CAMELBACK","change to small ogee edge everywhere","14688","7","19968","3","","-1","1/16/2026 3:57:07 PM","38.72","9","6","","1"
"1/19/2026 8:38:02 AM","","R Builders","DEMI BULLNOSE","5","BIRCHWOOD","METROQUARTZ","UTILITY/LAUNDRY","9121 CAMELBACK DR","change edge to small ogee- please label pcs like the attached and carry the small ogee to the notch","13463","1","19968","5","","-1","1/16/2026 4:04:22 PM","69.3","9","15","/edge profile revision laundry .jpg","3"
"1/19/2026 9:29:26 AM","","CCR Garage","FLAT","4","ABSOLUTE BLACK","GS","kitchen/ba 1/ba2/powder/laundry","8708 Hwy 83","REMOVE SCRIBE WHERE TILE IS -ADD LEATHER FINISH,REMOVE FAUCET HOLES AND DRILL ON SITE","14895","7","20728","7","per builder, this rev is no longer needed","-1","1/16/2026 7:32:46 PM","89.4","6","6","","1"
"1/19/2026 9:31:33 AM","","Fretwell, Kathy","1 1/2","3","OPERA","DK","KITCHEN COUNTERTOP","Fretwell- 4610 Sinclair Avenue","Please add the dimensions of the pop up cutouts and sink.","14871","1","20804","","","-1","1/19/2026 8:43:19 AM","62","15","15","","3"
"1/19/2026 4:26:00 PM","","Shoberg Homes","","","","","BED 3 (AUGIE","302 INWOOD","change grommet holes per new template","14114","1","20333","2","","-1","1/19/2026 9:21:31 AM","15.9","","6","","1"
"1/19/2026 4:16:08 PM","","Shoberg Homes","","","","","BED 4 (BLYTHE","302 INWOOD","""change grommet holes per new template""","14062","1","20333","2","","-1","1/19/2026 9:22:00 AM","19.6","","6","","1"
"1/20/2026 10:30:38 AM","","Fretwell, Kathy","1 1/2","3","OPERA","DK","KITCHEN COUNTERTOP","Fretwell- 4610 Sinclair Avenue","Per client - Please use 14 3/4"" for both outlet measurements from the north wall, and 2 7/16"" for the east and west measurements.","14871","1","20804","","","-1","1/19/2026 10:59:14 AM","62","15","6","","1"
"1/19/2026 3:27:44 PM","","Vitek McIver Homes","FLAT POLISH","5","SNOWFALL","GS","OUTDOOR KITCHEN","345 Pecan Grove Drive"," please change the OH detail to be 1"" all round","14103","1","20408","1","not needed - this revision was already requested and addressed.","-1","1/19/2026 11:41:40 AM","98.1","7","6","","2"
"1/20/2026 10:37:58 AM","","FSB Custom Homes, LLC","FLAT HONED","5","INFINITY BLACK HONED","QZ","KITCHEN ISLAND, BAR HALL","258 West Ranch Road","Bar Hall faucet should be single hole: Brizo 61044LF-PN","14678","1","20482","5","","-1","1/20/2026 8:26:39 AM","84","7","6","","3"
"2/26/2026 3:37:44 PM","","Stehling Construction","FLAT","5","MIAMI ORO","SS","GUEST HOUSE KITCHEN","1865 Hwy 39 (Guest House 2026)","please revise block drawing to add material name: miami oro 3cm and revise name of block-see fab form","15029","8","20832","3","","-1","2/26/2026 11:30:57 AM","33.5","6","6","","1"
"2/27/2026 11:15:06 AM","","Spitz, Gabriel","MITER","4","BIANCO NAVONA HONED AND FILLED","TRAVERTINE","FIREPLACE","Spitz-1200 Hawks Canyon Circle","Revise per template verification.","14804","1","20786","17","","-1","2/26/2026 3:13:10 PM","182.8","7","15","","3"
"2/27/2026 4:36:14 PM","","Lake Group Builders","flat leathered","5","TAJ MAHAL LEATHERED","QZ","MULTI-LEVEL BAR SPLASH","105 Riley Road","please see attached- changing location of all joints. please update slabsmith and copy the slabsmith meg did in ""BAR REV2"" labeled provisional","14835","1","20771","","","-1","2/27/2026 12:02:57 PM","67.2","9","15","/REDLINE 20771 - MULTI-LEVEL BAR SPLASH - REV 1-BLOCK REDLINE 2.pdf","1"
"3/2/2026 9:57:01 AM","","R Builders","SMALL OGEE","5","BIRCHWOOD","METROQUARTZ","PET CARE ROOM","9121 CAMELBACK","please move joint between pcs 1 of 4 and 4 of 4 - like in attached. please revise the layout, and combine laundry, pet care, and new fab form for ""laundry soap ledge, pet care hydration...etc""","14688","1","19968","3","","-1","2/27/2026 1:35:30 PM","38.72","9","15","/seam.jpg","3"
"3/3/2026 9:51:27 AM","","Muncie Construction","WATERFALL","5","REGAL ARABESCATO GOLD","STRATUS QUARTZ","KITCHEN AND ISLAND","1415 Hwy 39 Casita (2026)","PLEASE REMOVE 5"" BSP AND REVISE, BLOCK AND LAYOUT- NO SS LAYOUT NEEDED ANY LONGER. PER BUILDER. THANK YOU!","15034","8","20864","","","-1","3/3/2026 8:53:13 AM","50","6","15","","1"
"3/3/2026 9:36:46 AM","","Fretwell, Kathy","FLAT","3","OPERA","DK","KITCHEN FHBSP","Fretwell- 4610 Sinclair Avenue","The client wants 1/16"" joints to help with the expansion and contraction of the material.","14950","1","20804","","","-1","3/3/2026 9:01:39 AM","19.5","15","15","","3"
"3/4/2026 12:08:22 PM","","Jauregui Architect Builders","2","5","TAJ MAHAL","QZ","UTILITY ISLAND","266 Club Ranch Ct - Taj Mahal - Utility","Please put all of the utility on one shared layout.","15072","1","19948","1","","-1","3/3/2026 9:07:17 AM","33.8","7","15","","3"
"3/4/2026 12:04:16 PM","","Lake Group Builders","flat leathered","5","TAJ MAHAL LEATHERED","QZ","MULTI-LEVEL BAR SPLASH","105 Riley Road","please revise depth of upper bar (pcs 6 and 7)- subtract 2-1/2"" all the way around","14835","1","20771","5","","-1","3/3/2026 10:07:04 AM","64.9","9","15","/105 riley.jpg","3"
"3/4/2026 12:26:24 PM","","Texas Construction Company","FLAT HONED","4","NIGHTFALL HONED","PQ","MASTER BATH FLOOR TRANSITION","510 E. 39th Street","Change size to 30 7/16"" x 5/8""","15012","2","20845","","","-1","3/3/2026 3:51:47 PM","1","7","15","","1"
"3/4/2026 1:47:13 PM","","Rauser Construction","FLAT HONED","4","HONED SM130","TERRAZZO","OUTDOOR KITCHEN","3805 BALCONES DRIVE","Add another faucet hole 5"" to the left of center hole.","14188","1","20455","","","-1","3/4/2026 9:43:59 AM","66","5","15","","1"
"3/4/2026 2:11:19 PM","","Texas Construction Company","FLAT POLISH","5","OPAL WHITE","MS","MASTER BATHSHOWER SHELF","510 E. 39th Street","Please revise per redline attachment","15013","2","20845","","","-1","3/4/2026 1:18:41 PM","1","7","15","/shelf redline.jpeg","2"
"3/4/2026 2:07:34 PM","","Fretwell, Kathy","FLAT","3","OPERA","DK","KITCHEN FHBSP","Fretwell- 4610 Sinclair Avenue","PLEASE REVERTBACK TO ORGINAL DRAWING WITHOUT 1/16"" GAP IN BETWEEN SEAMS. PLEASE ENSURE THERE IS A 1/16"" GAP BETWEEN WALLS","14950","1","20804","","","-1","3/4/2026 1:33:15 PM","19.5","15","15","","1"
"3/6/2026 10:03:34 AM","","The Svendsson Brothers, LLC","FULL BULLNOSE","4","CALACATTA ORO","MS","BATHROOM VANITY","5303 Maryanna Drive","please change color, finish, and thickness of material to MS Calacatta Extra, Polished ** AG to HONE **, and 3cm","15035","1","20867","","","-1","3/5/2026 10:55:03 AM","7.5","9","15","","1"
"3/6/2026 9:18:14 AM","","Beckworth Design Build","2 1/2","4","CALACATTA VAGLI ORO HONED","MS","PRIMARY VANITIES, PANTRY","6 Sundown Parkway","The pantry is not on this drawing and layout. Please add it.","14546","1","20633","","","-1","3/5/2026 1:13:26 PM","106","7","15","","3"
"3/5/2026 2:26:44 PM","","TCB Renovations","FLAT","5","IJEN BLUE","QUARTZITE","FAB ONLY VANITY TOP","FAB ONLY*DELIVER TO KERRVILLE","PLEASE SEE ATTACHED FRO BUILDER REQUESTED REVISIONS THANKS!","15082","7","20888","","not needed - this revision was already requested and addressed.","-1","3/5/2026 2:22:43 PM","7.5","6","6","/REV REQ BY BUILDER 3-5-26 20888 - FAB ONLY VANITY TOP-BLOCK (002).pdf","1"
"3/15/2025 3:56:07 PM","","CHRISTIAN BIRD","FLAT","4","MARBLE VENDOME","MS","TABLE TOP","BIRD - 8708 CRESTWOOD CIRCLE CONSOLE TABLE","customer changed edge profile to FULL BULLNOSE - please adjust Edge (sorry for the piecemeal, they sent this right after I received the revision)","13156","1","20298","1","","-1","1/16/2025 12:42:04 PM","12.3","9","6","","1"
"3/15/2025 3:56:07 PM","","Arrington, Michael","FLAT POLISH","4","COSMOPOLITAN","QZ","NIGHTSTAND TOPS","Arrington-Fab Only Nightstands","Dimension should be 17"", not 14"" (see sketch in MW). I also have this note in MW: ""CUT ONE TOP FROM THE SMALL REMNANT AND ONE TOP FROM THE LARGE REMNANT (TO PRESERVE AS MUCH OF THE LARGE REMNANT AS POSSIBLE)""","13360","2","20354","2","","-1","1/17/2025 9:12:46 AM","5.9","7","6","","3"
"3/15/2025 3:56:07 PM","","Koch Construction","MITERED","4","BIANCO CARRERA HONED","MS","POWDER","1108 W. 9th","Change to height of backsplash","12611","1","20090","4","","-1","1/17/2025 9:18:55 AM","7.5","5","6","/CARTER - 3200 - Alpha Granite_Powder_2025-01-14_APPROVED as NOTED.pdf","1"
"3/15/2025 3:56:07 PM","","Waller Building Company, LLC","MITER","4","CALACATTA TREVI","MSI Q QUARTZ","KITCHEN PERIMETER, ISLAND, DINING BUFFET","1714 W St Johns Ave","material is incorrect. please change to specified material.","12925","1","20228","15","","-1","1/17/2025 10:54:27 AM","78.3","9","6","/kitchen revision.jpg","3"
"3/15/2025 3:56:07 PM","","CHRISTIAN BIRD","FULL BULLNOSE","4","MARBLE VENDOME","MS","TABLE TOP","BIRD - 8708 CRESTWOOD CIRCLE CONSOLE TABLE","please change to fab only and add note ""Fabrication only. Customer to arrange pick up and installation of tabletop.""","13156","1","20298","1","","-1","1/17/2025 2:00:21 PM","12.3","9","6","","1"
"3/15/2025 3:56:07 PM","","Chambers, Amanda","FLAT POLISH","4","DESERT SILVER","SS","COUNTERTOPS","Chambers-7407 Blue Beach Cv","Customer is requesting dimensions on the location of the pop up outlet","13278","1","20326","2","","-1","1/17/2025 3:32:46 PM","20","7","6","","1"
"3/15/2025 3:56:07 PM","","FOYER BUILD","FLAT POLISH","5","TERRA SOL","PQ","KITCHEN PERIMETER","205 DEER FOREST","This needs slabsmith (and will need to be laid out to match with the FHBS that uses 2cm)","13290","1","20301","2","","-1","1/20/2025 7:02:22 AM","20.5","7","6","","5"
"3/15/2025 3:56:07 PM","","RisherMartin","FLAT","4","TAJ MAHAL","QZ","KITCHEN BACKSPLASHES","3312 BEE CAVE","template for additional splash templated 1/17","13236","1","20300","12","","-1","1/20/2025 9:57:10 AM","126.6","5","6","","5"
"3/15/2025 3:56:07 PM","","Waller Building Company, LLC","FLAT","5","ELEGANT WHITE","MS","PRIMARY BATH VANITY","1714 W ST JOHNS AVE","please remove Sales note A. ""CPG SAYS 2cm FLAT EDGE BUT THE STONE IS 3cm""","13295","1","20228","1","","-1","1/22/2025 9:50:51 AM","15.2","9","6","/Screenshot 2025-01-22 095212.jpg","5"
"3/15/2025 3:56:07 PM","","Waller Building Company, LLC","FLAT","5","IJEN BLUE","QZ","UTILITY","1714 W St Johns Ave","please remove sales note 2. 1. ""CPG SAYS 2CM FLAT EDGE BUT THE STONE IS 3CM (A BIT CONFUSING)""","12928","1","20228","1","","-1","1/22/2025 9:58:32 AM","11.5","9","6","/Screenshot 2025-01-22 095902.jpg","5"
"3/15/2025 3:56:07 PM","","Austin Turnkey Services, Inc.","6CM BUTT JOINTED EDGE (BEVEL OVER FLAT)","5","TAJ MAHAL","QZ","KITCHEN PERIMETER, KITCHEN ISLAND","3148 ABOVE STRATFORD PL","The edge profile says ""bevel"" and the edge detail is just a stacked edge. Please update the edge profile to match the fab form (bevel over flat), and add the bevel to the detail.","13301","1","20297","5","","-1","1/27/2025 9:44:02 AM","117.7","7","6","","3"
"3/15/2025 3:56:07 PM","","Meridian Custom Homes","FLAT","5","BRAZILIAN CARRARA","MS","BATH 2, BATH 3","5912 Standing Rock Drive","Add side splashes to Bath 2 vanity.Change overhangs on Bath 2 and Bath 3 to 1 1/4""","13343","1","20329","8","","-1","1/27/2025 10:15:48 AM","23.8","5","6","","3"
"3/15/2025 3:56:07 PM","","Meridian Custom Homes","FLAT HONED","5","LUXE SUPREME LEATHERED","QZ","BATH 4, BATH 5","5912 Standing Rock Drive","What is labeled as Bath 4 is Bath 5","13344","1","20329","8","","-1","1/27/2025 10:19:23 AM","25.5","5","6","","3"
"3/15/2025 3:56:07 PM","","Meridian Custom Homes","FLAT","5","TAJ MAHAL","QZ","KITCHEN PERIMETER","5912 STANDING ROCK DRIVE","Add air switch hole on the right side of the faucet.  See file for air switch location.","13346","1","20329","4","","-1","1/27/2025 10:25:03 AM","49.6","5","6","/Air switch location.PNG","1"
"3/15/2025 3:56:07 PM","","Meridian Custom Homes","FLAT HONED","5","IJEN BLUE LEATHERED","QZ","POWDER","5912 STANDING ROCK DRIVE","Make overhang 1 1/4""","13348","1","20329","4","","-1","1/27/2025 10:26:25 AM","9.3","5","6","","3"
"3/15/2025 3:56:07 PM","","Waller Building Company, LLC","FLAT","4","MIAMI WHITE","SS","BATH 2 VANITY, BATH 3 VANITY","1714 W St Johns Ave","customer does not want seams- please allocate larger piece for bath 3 vanity","12924","1","20228","7","","-1","1/27/2025 10:45:42 AM","25","9","6","","1"
"4/28/2026 5:17:38 AM","","Dale, Daniela","2 1/2","3","ORIX","DK","KITCHEN PERIMETER","Dale- 1177 County Road 3371","2 1/2"" mitered edge on perimeter","14940","1","20805","4","","-1","4/27/2026 1:31:40 PM","41.4","7","12","","1"
"4/28/2026 8:27:43 AM","","Stewart and Company","OGEE HONED","5","CALACATTA GOLD (MATERIAL IS IN INV AS POLISHED, BUT IT IS HONED)","MS","SUNROOM POWDER","2700 Island Ledge Cv","Add detail on side splashes as shown in attachment. Please also confirm small ogee edge is on all splash pieces.","15088","1","20585","4","","-1","4/27/2026 1:58:34 PM","14.8","7","15","/sunroom powder sidesplash detail.png","3"
"4/28/2026 9:02:30 AM","","R Builders","CUSTOM/FLAT","5","BIRCHWOOD","METROQUARTZ","LAUNDRY SOAP LEDGE, PET CARE HYDRATION STATION, PET CARE CAT FOOD TOP","9121 Camelback Dr","please change pcs 6,7, 10, and 11 from 6"" to 5""","14956","1","19968","","","-1","4/27/2026 2:59:25 PM","13","9","15","/Screenshot 2026-04-27 145904.jpg","1"
"4/28/2026 11:48:54 AM","","Blue Horse Building","FLAT HONED","5","VIA LACTEA LEATHERED","GS","BUTLER PANTRY, MUD TOP, GYM BATH, DOG ROOM","1260 Mesa Ranch Road","Same jamb and trim changes as other baths have been done by Erick for Guest and Camp Bath","15100","1","20683","8","","-1","4/28/2026 11:42:35 AM","81.6","5","","/Jamb & trim detail_3.jpeg","2"
"4/29/2026 4:32:09 PM","","Jauregui Architect Builders","FLAT HONED","5","LAVEZZI","QZ","GREAT ROOM FIREPLACE","266 Club Ranch Ct - Lavezzi - Great Room Fireplace","Customer is going to add a 2"" metal or wood trim at the top. Please remove 2"" from the top and remove the extra joints that were added. Layout does not have to be bookmatched.","15145","1","19951","","","-1","4/28/2026 1:13:26 PM","263.7","7","15","","1"
"4/30/2026 8:11:55 AM","","R Builders","FLAT","5","SARATOGA SILVER LEATHERED","GS","OUTDOOR KITCHEN","6708 Bridge Hill Cove","please change sink- new sink in MW","14670","1","20730","12","","-1","4/28/2026 3:09:51 PM","56.3","9","","","1"
"5/4/2026 1:11:06 PM","","Oak and Stone Residential","FLAT HONED","5","NEGRESCO HONED","GS","LAUNDRY","42 Laurel Hill St.","Add this to the slabsmith layout with the guest bath vanity","15237","1","20924","3","","-1","4/29/2026 7:21:27 AM","9.1","7","6","","3"
"4/30/2026 9:42:51 AM","","Dale, Daniela","2","3","ORIX","DK","KITCHEN ISLAND","Dale- 1177 County Road 3371","Island edge should be 2 1/2""","15305","1","20805","2","","-1","4/29/2026 8:27:04 AM","46.2","7","15","","1"
"4/30/2026 9:39:14 AM","","Dale, Daniela","2 1/2","3","ORIX","DK","KITCHEN PERIMETER","Dale- 1177 County Road 3371","Perimeter edge should be 2""","14940","1","20805","4","","-1","4/29/2026 8:27:28 AM","41.4","7","15","","1"
"5/4/2026 3:28:17 AM","","Casa Keepers","FLAT","5","CORONADO WHITE","ONE QUARTZ-DALTILE","KITCHEN AND BATHROOM","461 Center Point Drive","please remove scribe behind sink and leave the scribe at the short side at kitchen- thanks!","15241","8","20929","5","","-1","4/29/2026 9:45:55 AM","31.5","6","12","","2"
"4/30/2026 8:57:59 AM","","Jauregui Architect Builders","2","4","PINK ONYX","MS","SALON COUNTERTOP, FHBSP AND KNEE SPACE","266 Club Ranch Ct - Pink Onyx - Salon","Backsplashes should be in one piece (pieces 18-20 in 1 piece, pieces 21-23 in 1 piece)","14865","1","19954","","","-1","4/29/2026 11:33:13 AM","159.9","7","15","","1"
"4/29/2026 5:06:34 PM","","Camelot Custom Homes","FLAT HONED","4","SARDINIA HONED","MS","WATER BAR","4509 Edgemont","Outlet cutout no longer needed due to outlet being moved to the side","14939","1","20800","2","🔥🔥🔥","-1","4/29/2026 12:22:58 PM","18.6","5","15","","1"
"5/4/2026 4:45:54 PM","","Beckworth Design Build","2 1/2","4","CALACATTA VAGLI ORO HONED","MS","PRIMARY VANITIES, PANTRY","6 Sundown Parkway","Revise pantry per Brad's 4/29 template. He reshot the back left behind the sink.","14546","1","20633","","despite cabinets being shimmed, drawings do not need to change","-1","4/29/2026 3:02:17 PM","106","7","6","","1"
"4/29/2026 4:54:52 PM","","Camelot Custom Homes","FULL BULLNOSE","4","LIGHT EMPERADOR HONED","MS","PRIMARY VANITY","4509 Edgemont","Backsplash was supposed to have a full bullnose edge as well.","14938","1","20800","2","🔥🔥🔥","-1","4/29/2026 3:22:59 PM","28.6","5","15","","4"
"5/4/2026 2:28:26 PM","","Franklin Alan","MITER","4","PALLADIO DOGE HONED","Santa Margherita","DRINK STATION","211 Walter Seaholm Drive Suite 115","Revise with hole locations per attached drawing with specs","15064","1","20752","","","-1","4/29/2026 3:46:15 PM","230.5","5","6","/9.1_3142582-Honest_Mary_s_Seaholm-9-CNT-01_Shop_Drawing_REV_1-2026-04-24.pdf","1"
"5/4/2026 1:27:33 PM","","Shoberg Homes","TWO 3CM BULLNOSE EDGES STACKED TO BE 6CM","5","OCEAN ELEGANCE","QZ","KITCHEN ISLAND TOP","302 Inwood","add piece under sink templated by Gabe on april 29","14983","7","20333","16","","-1","4/30/2026 8:49:42 AM","74.9","5","6","","3"
"6/29/2026 2:48:47 PM","","Castle Crafters","FLAT","5","DIAMOND BLACK LEATHERED","QZ","KITCHEN PERIMETER AND KITCHEN WINDOWSILLS","4207 Cat Mountain Drive","The client changed the kitchen sink. New sink: BLANCO 442930 - Sink is at AG","14694","1","20583","12","","-1","6/26/2026 12:22:57 PM","62.7","15","6","","1"
"6/29/2026 2:42:58 PM","","Castle Crafters","FLAT","5","EXPLOSION BLACK CRISTALLO","QZ","BAR COUNTER W/ SINGLE WATERFALL AND BAR WINDOWSILL","4207 Cat Mountain Drive","The client would like the overhang to be consistent on Piece 13. Please also delete note 1","14692","1","20583","13","","-1","6/26/2026 1:34:35 PM","80.2","15","6","","1"
"7/2/2026 10:20:41 AM","","Jauregui Architect Builders","2","4","FANTASY MACAUBAS","QZ","OFFICE, HALL 2 BREAKFAST BAR","266 Club Ranch Ct - Fantasy Macaubas - Office, Hall 2 Breakfast Bar","Seams need to match up with center of knee space and the seam of the drawers on the other side. Knee space center: 99 1/16"". Other side: 99 3/16""  to seam of cabinet drawer (see attached photo).","14839","1","20971","","","-1","6/29/2026 8:48:58 AM","89.5","7","6","/download.png","1"
"6/29/2026 1:33:03 PM","","","","","","","","","the hole for soap dispenser ismissing: FAUCET: ALLEN","15571","8","21033","1","","-1","6/29/2026 10:36:39 AM","10.8","","12","","3"
"7/6/2026 1:37:49 PM","","Texas Construction Company","","","","","SANDI","907 Terrace Mountain Drive","Change both side dimensions to 23 15/16""","14272","2","20562","1","","-1","6/29/2026 1:43:50 PM","8","","15","","1"
"7/6/2026 2:16:27 PM","","Texas Construction Company","","","","","KEITH","907 Terrace Mountain Drive","Change both side dimensions to 24 7/8""","15143","2","20562","1","","-1","6/29/2026 1:44:24 PM","12.2","","15","","1"
"8/5/2026 1:08:13 PM","","Curran Construction","FLAT","4","NERO MARQUINA","MS","FIREPLACE FACE   HEARTH","4015 Speedway 2","this is to be retemplated with different thicknesses/material- please wait for new template files (has not been retemplated - will include CAD on email with variance)","15411","1","21000","5","DONE","-1","6/29/2026 2:05:28 PM","17.7","9","6","","1"
"6/30/2026 4:48:43 PM","","Muncie Construction","FLAT","5","REGAL ARABESCATO GOLD","STRATUS QUARTZ","KITCHEN/FHBS/ISLAND/POWDER/GUEST/PRIMARY","1415 Hwy 39 - Main House (2026)","need dimensions/spacing Powdr ba","15506","1","21019","","","-1","6/29/2026 2:11:15 PM","159.45","6","15","","3"
"8/5/2026 3:25:42 PM","","FIA HOMES","MITER","4","RED MARINACE","GS","MEDIA (GUEST) , POWDER","1907 ARTHUR LANE","make these changes for both sinks Per Denis see file","14874","1","20816","","","-1","7/30/2026 10:55:52 AM","30","5","6","/Change per Denis on both sinks.jpeg","3"
"8/3/2026 11:45:28 AM","","RisherMartin","FLAT HONED","5","NEGRESSCO HONED","GS","KITCHEN ISLAND, PERIMETER COUNTERS AND PANTRY","1719 Hallam Drive","2 single prado outlets in pc 3 of 10 and locations will be 30"" off front of top facing range and will be centered 3 inches and 5 inches from the countertop","14568","7","20719","10","","-1","7/30/2026 4:42:21 PM","146","5","15","","1"
"8/14/2026 10:13:42 AM","","RedOven Builds","1 13/16","3"," ARABESCATO VIOLA SOFT","DELLA TERRA PORCELAIN","BASEMENT KITCHENETTE","2305 Camino Alto Road","For the shelf, the back shelf above the sink should be 6"" deep and all other shelf/cap areas should be 1 1/2"" deep.","15644","1","21045","","HOLD 8/5 - NEW SHELF WILL REQUIRE METAL SUPPORTS -  DESIGN UNCLEAR","-1","7/31/2026 12:13:03 PM","94.8","7","6","","1"
"8/10/2026 3:46:37 PM","","Shoberg Homes","FLAT HONED","5","TAJ MAHAL HONED","QZ"," BATH 2, BATH 3","500 Vale Street","See attached file for changes","15683","7","21009","6","HOLD 8/6 - CLARIFYING QUESTIONS SENT TO SALES","-1","8/3/2026 4:06:14 PM","17","5","6","/Changes to Baths 1, 2 & 3.png","1"
"8/5/2026 4:38:47 PM","","Ignite Outdoor Kitchens","FLAT POLISH","5","PITAYA WHITE","GS","OUTDOOR KITCHEN","3005 French Place","Vents should be in sets of four instead of three and he asked to check the notch dimensions since he couldn't see on the drawing","15659","1","21054","","","-1","8/3/2026 4:45:05 PM","62.6","5","6","","1"
"8/10/2026 4:07:03 PM","","RisherMartin","MITER","5","MONT BLANC HONED","QZ","CASITA PERIM","5010 Amarra Drive","Please see builder file with correction on faucet holes and also change to duplex prado outlet in vanity splash","15522","1","20592","16","","-1","8/6/2026 2:32:09 PM","147.5","5","6","/Corrections & Changes - CASITA PERIM & ISLAND, CASITA OFFICE, CASITA BATH & CLOSET - REV 2 - Approved as Noted.pdf","1"
"8/10/2026 4:23:18 PM","","5 Birds Dwellings LLC","FLAT HONED","5","BIANCO CARRARA HONED","MS","KITCHEN, LAUNDRY, LOWER BATH, PARLOR","708 Highland","Change lower bath sinks to the undermount model and faucets to 8 inch widespread  Mw has been updated","15492","1","21015","9","","-1","8/6/2026 4:46:38 PM","83.9","5","6","","1"
"8/10/2026 9:59:03 AM","","Beckworth Design Build","FLAT HONED","4","CALACATTA BORGHINI HONED","MS","CASITA SHELF AND DRAIN INSERT","6 Sundown Parkway","Add note about shaving drain piece","15693","2","20633","","","-1","8/7/2026 6:10:07 AM","1","7","15","","3"
"8/14/2026 5:02:37 PM","","Jauregui Architect Builders","FLAT POLISH WHERE EXPOSED","5","TAJ MAHAL","QZ","KITCHEN FHBS","266 Club Ranch Ct - Taj Mahal - Kitchen, Pantry, Family Room Wine Bar","From designer: Change bsp joints as attached. I understand this will have seam implications in other areas, but let’s see what we can do. The vertical seams should line up with the countertop seams, this picture is approximate.","15630","1","19947","21","HOLD 8/10 - VEINS CANNOT GO SAME DIRECTION WITH THIS LAYOUT, SALES ASKED CLIENT FOR CLARIFICATION OF DESIGN INTENT","-1","8/7/2026 12:08:15 PM","173.1","7","6","/kitchen window backsplash seams.png","1"
"8/11/2026 10:22:04 AM","","Rendeiro, Leslie","FLAT","5","TAJ MAHAL (LEATHERED)","QZ","VANITY 2","Rendeiro- 289 Eagle Landing Drive","The client added two pieces to this fabrication form: one rectangular piece measuring 29"" × 11"" and one round piece measuring 12 1/2"" in diameter. Drawings are attached, and both pieces have already been added to the photographic layout.","15703","1","20810","1","REV SUBMITTED BY MISTAKE, SENDING BACK TO SCT PER BRUNO","-1","8/11/2026 10:16:52 AM","5.8","15","6","/TAKE_OFF_SIDE_TABLES_(ROUND)_P10.dxf","2"
"8/12/2026 2:34:55 PM","","Rendeiro, Leslie","FLAT","5","TAJ MAHAL (LEATHERED)","QZ","VANITY 2","Rendeiro- 289 Eagle Landing Drive","The client added two pieces to this fabrication form: one rectangular piece measuring 29"" × 11"" and one round piece measuring 12 1/2"" in diameter. Drawings are attached, and both pieces have already been added to the photographic layout.","15703","1","20810","1","","-1","8/11/2026 10:25:04 AM","5.8","15","6","/LESLIE RENDEIRO ADDITIONAL PIECES.zip","1"
"8/12/2026 3:35:35 PM","","Stacey Cilek","FLAT","5","ARABESCATO","MS","BATHROOM VANITY","Cilek-15009 Mallard Green Lane","increase splash height to 10"" -note CL/height of faucet holes","15507","1","21030","2","","-1","8/11/2026 10:42:15 AM","15.3","9","6","","1"
"3/15/2025 3:56:07 PM","","BRUCE DOXEY","FLAT HONED","5","NERO MIST BRUSHED","GS","PRIMARY BATH SILL BENCH","DOXEY - 6414 YAUPON DRIVE","please update overhang on windowsill piece (2 of 2) to be as flush with the wall as possible (1/8"" discussed with Josh)","13239","1","20318","2","","-1","12/31/2024 1:07:59 PM","9","9","6","","1"
"3/15/2025 3:56:07 PM","","Page Paul Architecture","MITER","5","LILAC","MS","PRIMARY BATH, BATH 2","2205 Southern Oaks Drive","Missing primary bath niche sills and shelves.  Are in the template file from 12/12 by Gabe.","12043","1","19984","9","","-1","1/3/2025 10:09:47 AM","89.1","5","6","","3"
"3/15/2025 3:56:07 PM","","Zuber Construction","CHISELED","5","LAVEZZI LEATHERED","QUARTZITE","RESTROOM 106","HEB Welcome House-11756 Hwy 83","SEE ATTACHED REVISIONS BY ZUBER -IN BLUE-SEE NOTES BY MF IN SCT ACTIVITY","12997","1","20107","1","","-1","11/13/2024 3:28:28 PM","6.5","6","6","/REVISION BY ZUBER-RESTROOM 106.pdf","1"
"3/15/2025 3:56:07 PM","","Zuber Construction","FLAT","5","BLACK HONED","SOAPSTONE","HOSPITALITY 104","HEB Welcome House-11756 Hwy 83","SEE NOTES ON ZUBER REVSN-NEED NEW DXF","12996","1","20107","1","dxf updated","-1","11/13/2024 3:44:41 PM","10.5","6","6","/REVISION BY ZUBER-HOSPITALITY ROOM 104.pdf","1"
"3/15/2025 3:56:07 PM","","Muncie Construction","WATERFALL","5","GIALLO ORNAMENTAL","GS","POWDER BATH","475 Midway Rd","WRONG FAUCET- SEE NOTES IN FAUCET ACTIVTY","13068","1","20170","2","","-1","11/14/2024 9:23:02 AM","7.5","6","6","","3"
"3/15/2025 3:56:07 PM","","Lavaca Building Company","MITERED","3","SIRIUS","DEKTON","FIREPLACE SURROUND","2329 WESTLAKE DRIVE 5","The Top center cut out needs to move to the right to align with the bottom right cutout. Everything else looks correct","13000","1","20157","10","","-1","11/14/2024 12:38:50 PM","152.7","5","6","/Re  FW  DRAWINGS Lavaca Building Company - 2329 Westlake Dr #5 FIREPLACE SURROUND & HEARTH.pdf","1"
"3/15/2025 3:56:07 PM","","Zuber Construction","FLAT","5","BLACK HONED","SOAPSTONE","HOSPITALITY 104","HEB Welcome House-11756 Hwy 83","NEED A NEW DXF TO MATCH THE REV BLOCK DRAWING -","12996","1","20107","1","","-1","11/15/2024 6:11:29 PM","10.5","6","6","","3"
"4/2/2025 3:10:15 PM","","Camelot Custom Homes","FLAT POLISH","5","TAHITI","QZ","KITCHEN PERIMETER","101 WESTON LANE","Missing center of cooktop cut out.Also water dispenser faucet hole 10"" to the left of faucet","13652","1","20296","6","","-1","4/2/2025 3:01:22 PM","86.1","5","6","","3"
"4/2/2025 4:36:53 PM","","Camelot Custom Homes","FLAT POLISH","5","TAHITI","QZ","KITCHEN PERIMETER","101 WESTON LANE","air switch 8"" to the right of the faucet. I don't know why it cut it off!","13652","1","20296","6","","-1","4/2/2025 3:18:33 PM","86.1","5","6","","5"
"4/2/2025 4:44:00 PM","","Kate LeSueur","FLAT","4","SUPER WHITE/AURORA","OPAL QUARTZ","KITCHEN COUNTERS W/ DRAINBOARD","LeSueur-3900 Glengarry Drive","please remove the note for the setback, change the drainboard length to 14"", and update the sink setback to zero reveal/flush","13649","1","20438","1","","-1","4/2/2025 3:33:18 PM","41.4","9","6","","1"
"4/3/2025 4:28:09 PM","","Williams, Clark and Susan","WIDE BULLNOSE","5","TERRA SOL","PQ","KITCHEN PERIMETER","WILLIAMS 3801 CLUB HOUSE RD 8","the holes on the faucets are still incorrect on the SS layout-the revised  block drawing is correct.","13651","1","20420","9","not needed, faucets won't effect slabsmith","-1","4/3/2025 9:32:40 AM","71.1","6","6","","5"
"4/4/2025 9:09:40 AM","","RAY, BRENDA","HALF BULLNOSE","5","CREMA MARFIL","MS","PRIMARY BATH VANITIES, GUEST BATH","Ray-401 Salado Creek Pl","PIECES TO CUT TO 2CM: (3,4,5,7,8,13,14,15). REMOVE SALES NOTES 3 AND 4. REPOSITION BSP ON LAYOUT. BSP TO BE CUT FROM SAME PORTION OF SLAB TO ENSURE CONSISTENT TONES AND VEINS. (CUSTOMER PURCHASED TWO SLABS). CONTACT BRUNO FOR REVISION.","13670","1","20437","16","","-1","4/3/2025 10:08:30 AM","51.9","15","6","","3"
"4/3/2025 10:14:48 AM","","RAY, BRENDA","HALF BULLNOSE","5","CREMA MARFIL","MS","PRIMARY BATH VANITIES, GUEST BATH","Ray-401 Salado Creek Pl","PIECES TO CUT TO 2CM: (3,4,5,7,8,13,14,15). REMOVE SALES NOTES 3 AND 4. REPOSITION BSP ON LAYOUT. BSP TO BE CUT FROM SAME PORTION OF SLAB TO ENSURE CONSISTENT TONES AND VEINS. (CUSTOMER PURCHASED TWO SLABS). CONTACT BRUNO FOR REVISION.","13670","1","20437","16","revisdion duplicated in the system","-1","4/3/2025 10:08:45 AM","51.9","15","4","","5"
"4/3/2025 10:15:10 AM","","RAY, BRENDA","HALF BULLNOSE","5","CREMA MARFIL","MS","PRIMARY BATH VANITIES, GUEST BATH","Ray-401 Salado Creek Pl","PIECES TO CUT TO 2CM: (3,4,5,7,8,13,14,15). REMOVE SALES NOTES 3 AND 4. REPOSITION BSP ON LAYOUT. BSP TO BE CUT FROM SAME PORTION OF SLAB TO ENSURE CONSISTENT TONES AND VEINS. (CUSTOMER PURCHASED TWO SLABS). CONTACT BRUNO FOR REVISION.","13670","1","20437","16","revision duplicated in the system","-1","4/3/2025 10:09:02 AM","51.9","15","4","","5"
"4/4/2025 10:19:16 AM","","Blue Horse Building","FLAT HONED","5","RUGGED CONCRETE","CS","BAR","42 PASCAL LANE","Shower curb is only supposed to be the top cap and the front face (pcs 9","13647","1","20442","9","","-1","4/3/2025 10:15:23 AM","65.7","5","6","","1"
"4/3/2025 10:46:54 AM","","ELLIS, BOB","FLAT HONED","5","SILVER GREY HONED","GRANITE","KITCHEN","ELLIS - 1109 GASTON AVE","There was a note on the fab form about a 1 ½” area that the customer asked to be added to the drawing after template. Please see the document uploaded to the job and add that ASAP.","13643","1","20433","14","this was included in the original draft. revision unneccessary.","-1","4/3/2025 10:20:48 AM","162.8","7","6","","2"
"4/3/2025 4:50:27 PM","","Wyeth Custom Homes","3CM FLAT HONED","5","BLACK DIAMOND LEATHERED","QZ","STUDY, BATH 4","705 County Rd 360","Redo Slabsmith with new slabs photographed yesterday. same color but new slabs bc original slabs were bad quality.","13411","1","20350","","","-1","4/3/2025 11:05:11 AM","31","5","","","3"
"4/4/2025 9:47:48 AM","","ELLIS, BOB","FLAT HONED","5","SILVER GREY HONED","GRANITE","KITCHEN","ELLIS - 1109 GASTON AVE","Please remove pieces 12-14 of 14","13643","1","20433","1","","-1","4/4/2025 8:59:55 AM","161","7","6","","1"
"4/7/2025 11:52:04 AM","","Crabtree Design Build","6CM MITER","5","SARATOGA LEATHERED","QZ","KITCHEN PERIMETER","5416 SPRING PRESERVE TRAIL","GAme room moved to a diff fab form.  Make kitchen perim and island 6cm miter. Substrate by Alpha","13552","1","20399","5","","-1","4/4/2025 10:26:39 AM","113.9","5","6","","1"
"4/10/2025 9:01:20 AM","","Crabtree Design Build","6CM MITER","5","SARATOGA LEATHERED","QZ","KITCHEN PERIMETER","5416 SPRING PRESERVE TRAIL","Now that we have subdeckinng we don't need the metal supports. please remove","13552","1","20399","5","","-1","4/8/2025 9:26:02 AM","113.9","5","15","","3"
"4/10/2025 9:17:47 AM","","Meridian Custom Homes","FLAT POLISH","5","RAINIER","STRATUS QUARTZ","VANITY","1700 West 31st Street","PER BUILDER EMAIL ON 4-9-Reduce backsplash to 3-1/4” tall-Back splash only (no side splashes)","13694","1","20454","4","","-1","4/9/2025 8:16:12 AM","13.4","5","15","/20454 - VANITY-BLOCK.pdf","3"
"6/5/2025 10:38:06 AM","","Matt Miller","FLAT","5","BLACK HONED","SOAPSTONE","ODK","Miller-910 West Elizabeth Street","please remove notching at front and pull grill to edge as per Jason. if this will cause structural issues, DO NOT do this and let Meg know why.","13914","1","20529","4","","-1","6/4/2025 9:46:51 AM","21.1","9","15","/miller snippet.jpg","3"
"6/4/2025 4:11:18 PM","","RisherMartin","2 1/4","4","TAJ MAHAL LEATHERED","QZ","ISLAND, KITCHEN PERIMETER, MORNING BAR, FULL HEIGHT SPLASH","2810 Scenic Drive","No cooktop counter or FHBSP on drawing or Slabsmith layout??","13875","1","20491","","","-1","6/4/2025 10:56:27 AM","99.6","5","15","","3"
"6/5/2025 2:58:51 PM","","Marieke de Hoog","FLAT/MICRO BEVEL","4","MIAMI WHITE","SS","WINDOWSILLS","Hoog-9529 Big View Drive","please correct piece 9 of 17; measurements are 7-1/2"" x 16-3/8"" please add the attached at the bottom (living room west east, kitchen center, din west, din center, din east)   double check that all pieces are present **22pcs **","13868","2","20489","22","","-1","6/4/2025 11:08:58 AM","34.9","9","6","/Xerox Scan 2025-06-04 11.02.10 AM.pdf","1"
"6/4/2025 4:27:15 PM","","Adler, Jeryll","FLAT POLISH","5","BLIZZARD","CS","DOG BOWL","Adler-Dog Bowl Fab only","Per this note: PLEASE ALSO CHANGE THE DISTANCE BETWEEN THE BOWLS TO 3 3/4""","13921","2","20536","2","","-1","6/4/2025 3:26:43 PM","2.7","7","15","","3"
"6/6/2025 10:00:52 AM","","Floor King","FLAT","5","RAINIER GOLD","STRATUS QUARTZ","KITCHEN PERIMETER","3607 Curtis Drive","MISSING THE OTHER TWO PERIMETER PIECES.","13943","1","20448","3","","-1","6/5/2025 10:21:03 AM","22.2","15","6","","3"
"6/6/2025 1:27:51 PM","","Shoberg Homes","FLAT","4","CALACATTA MANHATTAN HONED","MS","PRIMARY SHOWER WALLS","302 INWOOD","6/3 email to CAD to remove all old layouts","13735","1","20333","12","","-1","6/6/2025 11:25:58 AM","135.1","5","6","","1"
"6/10/2025 10:22:07 AM","","Manchester, James","FLAT","5","Calacatta Miraggio Cielo","MSI-Q","BLUE GUST BATH 3","Manchester-2908 Rock Barn- Guest Bath (2025)","wrong sink info on block drawing- please see notes in sink activity in MW revise block and layout.","13946","2","20509","","","-1","6/9/2025 8:15:09 AM","8","6","15","/wrong sink cutout 20509 - BLUE GUEST BATH 3-BLOCK.pdf","3"
"6/10/2025 7:52:11 AM","","FSB Custom Homes, LLC","OGEE","5","CALACATTA ASPEN HONED","MS","MASTER VANITIES","3602 Murillo Circle","Please confirm details per SK-17 and A6.2.5a.","12474","1","19918","8","confirmed!","-1","6/9/2025 3:10:38 PM","30.1","7","6","/files.pdf","1"
"6/9/2025 4:42:54 PM","","FSB Custom Homes, LLC","FLAT","5","MONT BLANC","QZ","1ST FLOOR GUEST BATH, LAUNDRY","3602 Murillo Circle","Laundry is missing side splashes. See attached.","12471","1","19918","11","","-1","6/9/2025 3:12:02 PM","42.2","7","6","/A6.2.1b_ SOUTH LAUNDRY ROOM CABINET SECTION DETAILS Rev.0 markup.pdf","4"
"6/11/2025 10:14:35 AM","","Amber Berli","FLAT","5","SONATA HONED","DELLATERRA QUARTZ","KITCHEN PERIMETER COUNTER, KITCHEN ISLAND W/ SINGLE WATERFALL, BAR W/ FHBSP","Berli-21435 Lakefront Drive","please place joint between 2 of 8 and 3 of 8 @ 128-129"" from panel side on pc 3 of 8","13930","1","20534","8","","-1","6/9/2025 3:52:21 PM","168.5","9","6","/Screenshot 2025-06-09 155146.jpg","2"
"6/12/2025 3:35:21 PM","","Wyeth Custom Homes","FLAT POLISH","5","GIZA","ENIGMA SURFACES","UTILITY, GUEST BATH, BATH 3, BATH 4, BATH 5, MUDROOM","1100 REDBUD TRAIL","Need to add 6"" splash to mudroom cabinet pc 1 of 31. please update block drawing and SlabSmith layout","13812","1","20494","31","🔥🔥🔥","-1","6/10/2025 11:16:59 AM","122.4","5","6","","4"
"6/16/2025 1:20:54 PM","","RisherMartin","MITERED","4","DI ROUGE HONED","MS","POWDER","2810 Scenic Drive","Revise layout per request on attached file.","13876","1","20491","7","","-1","6/10/2025 2:16:02 PM","15.6","5","6","/2025.06.03 2810 Scenic Dr - Alpha Powder Shop Dwgs POWDER_layout REVISION REQUEST.jpg","1"
"6/13/2025 9:26:32 AM","","Wyeth Custom Homes","MITERED","4","TAJ MAHAL LEATHERED","QZ","PREP, PANTRY, KITCHEN PERIMETER, ISLAND","705 County Rd 360","No s.f. on any of the pieces.","13410","1","20350","11","","-1","6/10/2025 3:23:29 PM","199.5","5","6","","3"
"6/11/2025 10:28:48 AM","","Shoberg Homes","CUSTOM EDGE","5","LAGUNA","QZ","LIBRARY FIREPLACE","302 Inwood","Revise drawing design to accommodate 3cm material. Get with Denis.","13938","1","20333","27","","-1","6/10/2025 4:52:37 PM","83.2","5","6","","2"
"6/12/2025 3:08:22 PM","","Casa Keepers","FLAT","4","WHITE ZEUS","SS","BACKSPLASH PIECE","Backsplash Piece - Fab Only","block is missing the polish edge on top of bsp-thanks! This is going to Casa Keepers and they are peculiar to work with- need to have all my I's dotted and T's crossed. Thanks so much!","13960","2","20544","1","","-1","6/11/2025 10:26:01 AM","1.7","6","15","","3"
"8/20/2025 10:43:19 AM","","Texas Construction Company","FLAT POLISH","5","PATAGONIA","QZ","KITCHEN ISLAND, KITCHEN FULL HEIGHT BACKSPLASH","907 Terrace Mountain Drive","The island is supposed to have 2 joints, and the pieces should have bevel edges. 1/4"" bevel on each piece where they meet up.","14269","1","20562","8","","-1","8/19/2025 3:38:13 PM","125.6","7","6","","4"
"10/3/2025 11:04:32 AM","","Leggett, Jessica","1 1/2","3","KRETA","DK","OUTDOOR KITCHEN AND FIREPLACE","Leggett - 2507 Allston Lane","1. Coyote Teppenyaki is incorrect - I updated to the correct grill in MW2. We needed to lower the cutout there because the grill was sitting too high; so the reveal on the counters needs to be increased.","14179","1","20619","26","🤚 HOLD - TWO OPTIONS GIVEN BY CM, SENT TO CLIENT ✔️ - OFF HOLD. RETEMPLATED 9/19","-1","8/20/2025 8:19:41 AM","159.3","7","6","","2"
"8/21/2025 1:11:53 PM","","Burnette Builders","FLAT","4","RUXLEY POLISHED","CAMBRIA","GUEST BATH 1 VANITY","1665 Brushy Ridge Trail","please change thickness to 3cm","14236","1","20001","2","","-1","8/20/2025 1:21:28 PM","14.3","9","6","","2"
"8/21/2025 2:16:06 PM","","Burnette Builders","FLAT","4","PORTRUSH POLISHED","CAMBRIA","GUEST BATH 2 VANITY","1665 Brushy Ridge Trail","please change thickness to 3cm","14241","1","20001","2","","-1","8/20/2025 1:23:29 PM","18.6","9","6","","1"
"8/21/2025 11:49:36 AM","","Burnette Builders","FLAT","5","STEEL GREY ICE FINISH","GS","LAUNDRY","1665 Brushy Ridge Trail","please change the length on pc 6 of 6 to 37-3/4"" as per builder to have waterfall hit the floor. if needed, make long and add a note to trim on site to fit.","14233","1","20001","6","","-1","8/20/2025 1:26:47 PM","43","9","6","/Laundry - 20001 REV NOTES.jpg","1"
"8/21/2025 10:37:01 AM","","Burnette Builders","FLAT","5","INFINITY GREY LEATHERED","QZ","PANTRY COUNTERTOPS W/ FHBSP","1665 Brushy Ridge Trail","please add note to mill pc 2 of 2 to 2cm","14027","1","20001","2","","-1","8/20/2025 1:27:47 PM","18.9","9","6","","1"
"9/11/2025 11:54:18 AM","","","","","","","","","please adjust note","14235","1","20001","3","🔥🔥🔥mill all pcs - HOLD - PCS MITER TOGETHER AND NEED TO BE THE SAME SIZE","-1","8/20/2025 1:30:08 PM","19","","6","/Primary Bed Cabinet- 20001 REV NOTES.jpg","1"
"8/21/2025 10:20:40 AM","","Burnette Builders","FLAT/MITER","5","BABYLON GREY HONED","MSI Q-Quartz","PRIMARY VANITIES W/ BILATERAL WATERFALLS","1665 Brushy Ridge Trail","please add note to mill backsplashes to 2cm **pcs 4 of 8 and 8 of 8** ; please remove sales notes 1   2","14026","1","20001","8","","-1","8/20/2025 1:34:27 PM","63.3","9","6","/Primary Bath Vanities- 20001 REV NOTES.jpg","2"
"3/15/2025 3:56:07 PM","","R Builders","FLAT","5","TAHITI **AG TO HONE**","QZ","KITCHEN PERIMETER W/ BACKSPLASH","3107 Perry Lane","please revise the backsplash slabsmith layout (indicated in email) :)","12574","1","20138","5","","-1","9/17/2024 5:33:07 PM","73.7","9","6","","3"
"3/15/2025 3:56:07 PM","","Capitol City Contracting","3CM FLAT HONED","5","BLANC CEMENTO MATTE","STRATUS QUARTZ","LAUNDRY","720 Upson","The slab ID used for the layout has already been cut.  use the remnant that was allocated to the job please:331846On Hand1"" × 4995""3256-8right hand L 129*29/38*33The L-shape will need a joint in order to fit.","12597","1","20151","3","","-1","10/15/2024 12:50:41 PM","27.2","5","6","","3"
"3/15/2025 3:56:07 PM","","Waller Building Company, LLC","FLAT","5","BIANCO CARRERA HONED","MS","UPSTAIRS PRIMARY BATH VANITY","3208 Hemlock Avenue","Please remove side splashes (pieces 3, 4,","12852","1","20216","7","","-1","10/24/2024 11:35:36 AM","30.6","9","6","/3208 Hemlock PB Rev.jpg","1"
"3/15/2025 3:56:07 PM","","Vinson Radke Homes","FLAT HONED","5","BELGUIN BLUE","LIMESTONE","MUDROOM COUNTERTOP, BATH 2","1104 Maufrais St.","Cut Bath 2 backsplash to 2cm","12975","1","20244","3","","-1","10/25/2024 6:47:00 AM","22.5","7","6","","1"
"3/15/2025 3:56:07 PM","","R Builders","FLAT","5","TAHITI **AG TO HONE**","QZ","KITCHEN ISLAND W/ WATERFALL PANELS","3107 Perry Lane","Please revise to the below notes from the Template Verification on 10/24","12565","1","20138","3","","-1","10/28/2024 10:25:28 AM","77.6","9","6","","1"
"3/15/2025 3:56:07 PM","","Swanson, Gene","","","","","KATHY","Swanson-2864 Rock Barn Drive","REV BLOCK DRAWING AND LAYOUT- CORRECT FAUCETS-SEE SPECS","13019","1","20251","13","","-1","10/30/2024 10:48:27 AM","42.5","","6","","3"
"3/15/2025 3:56:07 PM","","MOXI Construction","FLAT POLISH","5","MIAMI WHITE","SS","KITCHEN PERIMETER, KITCHEN ISLAND, BATH 2, BATH 3","1004 East 14th Street","Please see mark-ups noted by Arthur on shop drawing and complete. If these edits are not able to be made, please let Meghan know. Edits to pieces 1 of 7, 4 of 7, 5 of 7, 6 of 7,","12952","1","20237","7","THESE ARE THE DIMENSIONS WE CURRENTLY HAVE, NO REVISION NEEDED","-1","11/4/2024 9:15:55 AM","96.4","9","6","/KitchenPerimeter.AANotes.241103.pdf","1"
"3/15/2025 3:56:07 PM","","Mike Goerdel","FLAT","4","Fresh Concrete Honed","CS","KITCHEN PERIMETER, KITCHEN ISLAND, MUDROOM","Goerdel-121 Vineyard Road","Please break Mudroom out onto own fab form","12740","1","20184","6","REVISION COMPLETE AND PD FEMAILED","-1","11/4/2024 11:31:16 AM","97.5","9","6","","5"
"3/15/2025 3:56:07 PM","","Zuber Construction","CHISELED","5","LAVEZZI LEATHERED","QUARTZITE","RESTROOM 106","HEB Welcome House-11756 Hwy 83","PLEASE CREATE A DXF FOR A SLABSMITH LAYOUT- THANK YOU","12997","1","20107","1","DXF CREATED :)","-1","11/4/2024 2:05:40 PM","6.5","6","6","","2"
"3/15/2025 3:56:07 PM","","Zuber Construction","FLAT","5","BLACK HONED","SOAPSTONE","HOSPITALITY 104","HEB Welcome House-11756 Hwy 83","PLEASE CREATE A DXF FOR A SLABSMITH LAYOUT- THANK YOU","12996","1","20107","1","DXF CREATED :)","-1","11/4/2024 2:20:01 PM","10.5","6","6","","2"
"3/15/2025 3:56:07 PM","","Waller Building Company, LLC","FLAT HONED","5","FRESH CONCRETE HONED","CS","KITCHEN, BATH 1 VANITY, BATH 2 VANITY","5806 Lookout Mountain","please edit so piece 8 of 8 is milled down from 3cm to 2cm and note that it will sit under 1x2 window trim","13030","1","20168","8","REVISION COMPLETE!","-1","11/4/2024 5:07:12 PM","107","9","6","","4"
"3/15/2025 3:56:07 PM","","Koch Construction","FLAT","4"," PURE WHITE","CS","STUDIO BATH JAM AND NICHE","1108 W. 9th","Change to 3cm. Gabe says:That is fine but the added inside miter return will be cut to 3/8"" thick since the overhang is 9/16. Height change is ok","12974","1","20090","7","REVISION COMPLETE!","-1","11/6/2024 3:33:55 PM","11.1","5","6","/CARTER - 3200 - Alpha Granite_Studio Bath Layout_2024-10-23_APPROVED as NOTED.pdf","1"
"3/15/2025 3:56:07 PM","","Jauregui Architect Builders","2","5","TAJ MAHAL","QZ","UTILITY","266 Club Ranch Ct - Taj Mahal - Utility","Piece 7 of 17 (and the miter that goes with it) is too long for the slab. Please move or add a joint.","13052","1","19948","17","I WORKED REALLY HARD AND GOT THIS DONE IMMEDIATELY :)","-1","11/7/2024 2:09:43 PM","162.7","7","6","","5"
"3/15/2025 3:56:07 PM","","Classic Constructors","FLAT HONED","5","WEYBOURNE MATTE","CAMBRIA","EXERCISE, EXERCISE BATH, UTILITY01, DOWNSTAIRS GUEST BATH SHOWER DOOR SURROUND","5123 Indigo Spires Way","See attachment from builder - additional areas need to be polished.","12818","1","19932","12","","-1","11/8/2024 8:09:20 AM","123.5","7","6","/19932 - EXERCISE EXERCISE BATH UTILITY01 DOWNSTAIRS GUEST BATH SHOWER DOOR SURROUND-BLOCK 1 OF 2.pdf","1"
"10/2/2025 9:49:25 AM","","FSB Custom Homes, LLC","FLAT HONED","5","PLATINUM LEATHERED","QZ","BAR","3602 Murillo Circle","Please move outlet per attachment.","12673","1","19918","","","-1","9/29/2025 10:59:31 AM","24.5","7","6","/BAR REDLINE.pdf","1"
"10/1/2025 11:12:35 AM","","Straight","FLAT","5","STATUARIO GOLD","STRATUS QUARTZ","VANITY, CURB, SILL AND NICHE","812 Texas Trail","change overhang per file attached","14164","1","20586","7","🔥🔥🔥","-1","9/29/2025 11:43:13 AM","26.8","5","6","/overhang instructions.pdf","1"
"9/30/2025 10:21:57 AM","","Shoberg Homes","FLAT","3","CORCHIA POLISHED","STRATUS PORCELAIN","PRIMARY SHOWER SEAT, SHELF","2289 DRIFTWOOD RANCH DR","add niche back, don't cut bench with walls","13604","1","20164","16","","-1","9/29/2025 2:40:51 PM","101.8","5","6","","1"
"10/1/2025 10:40:24 AM","","Ganasan, Amy","FLAT","5","TAJ MAHAL LEATHERED","QZ","COUNTERTOP IN LAUNDRY, AND POWDER","Ganasan -6406 Dry Cliff Cove","THE EDGE PROFILE FOR THE POWDER ROOM HAS BEEN CHANGED FROM A FLAT EDGE TO A DUPONT","14419","1","20675","","THIS IS NOW SPLIT INTO TWO FABFORMS FOR CASPIO REFERENCE","-1","9/30/2025 10:10:07 AM","12.06","15","6","","1"
"10/3/2025 9:15:02 AM","","Crabtree Design Build","FLAT","5","TAJ MAHAL","QZ","RANGE WALL BACKSPLASH","5416 SPRING PRESERVE TRAIL","use new slab 334501 for new SS layout","14393","1","20399","3","","-1","9/30/2025 10:26:31 AM","42.8","5","6","","1"
"10/3/2025 9:32:08 AM","","Waller Building Company, LLC","MITER to 16","5","SARATOGA LEATHERED","QZ","Powder Bath","1205 Wilderness","please add 3/4"" to back of vanity- no need for retemplate","14316","1","20413","","","-1","9/30/2025 11:56:42 AM","13.1","9","6","","1"
"10/2/2025 4:46:51 PM","","RisherMartin","MITER","1","LIEM DARK POLISHED AND MATTE","PORCELANOSE PORCELAIN","PRIMARY SHOWER SEAT","3312 BEE CAVE","layout needs to also use matte tiles. Pc 1 may need seam.","14168","1","20300","5","","-1","9/30/2025 12:23:54 PM","16","5","15","","3"
"10/6/2025 10:22:27 AM","","Vinson Radke Homes","1 1/2","3","STRATA ARGENTUM REIVERWASHED","NEOLITH","BATH1 VANITY, BATH 2 VANITY","801 W JOHANNA ST","Color and thickness change for Bath 1 and Bath 2, and sink change in Bath 2. Will need slabsmith.","13478","1","20379","6","","-1","10/1/2025 2:46:16 PM","17.3","7","6","","1"
"10/6/2025 8:58:16 AM","","FIA Homes","FLAT HONED","5","BLACK PEARL HONED","GS","ODK AND BED 2 CLOSET","1701 Brookhaven Drive","Do layout. material allocated","14262","1","20135","6","","-1","10/1/2025 3:42:51 PM","48.6","5","6","","2"
"10/7/2025 11:37:32 AM","","FSB Custom Homes, LLC","COVE DUPONT HONED","5","CALACATTA GOLD HONED","MS","KITCHEN PERIMETER AT WINDOW WALL","3602 Murillo Circle","See attachment for revision request","13801","1","19918","4","","-1","10/2/2025 7:59:06 AM","43.4","7","6","/kitchen revision requests.pdf","1"
"10/7/2025 11:37:27 AM","","FSB Custom Homes, LLC","FLAT HONED","5","CALACATTA GOLD HONED","MS","KITCHEN ISLAND, REMAINDER OF KITCHEN PERIMETER","3602 Murillo Circle","See attachment for revision request","11903","1","19918","2","","-1","10/2/2025 7:59:26 AM","79.2","7","6","/kitchen revision requests_1.pdf","1"
"10/7/2025 1:27:09 PM","","Shoberg Homes","FLAT","4","Calacatta Vagli Oro Mezza Honed","MS","STUDIO BATH ESCUTCHEON PLATES","2775 Elder Hill Rd","add hole location dims on pc 3 so they can approve","14475","2","20394","3","","-1","10/2/2025 11:26:50 AM","1","5","6","","1"
"10/2/2025 3:17:24 PM","","Waller Building Company, LLC","FLAT","5","GREY HONED","MS","STUDY","1205 Wilderness","CHANGE MATERIAL TO SOAPSTONE BLACK HONED 3CMADD JOINT UNDER BULKHEAD (SEE CLIENT'S DRAWING)","14321","7","20413","1","","-1","10/2/2025 12:15:11 PM","22.5","9","15","/1.png","1"
"10/2/2025 4:11:13 PM","","Waller Building Company, LLC","FLAT","5","TAJ MAHAL","QZ","Kitchen Perimeter, Kitchen Range Backsplash w/ Shelves, Pantry","1205 Wilderness","see notes in attached photo","14309","1","20413","8","","-1","10/2/2025 12:16:45 PM","66.6","9","6","/kitchen and pantry revision notes from Stuart.png","1"
"10/3/2025 11:51:52 AM","","Pilgrim Building Co.","FLAT","5","ABSOLUTE BLACK HONED","GS","KITCHEN","5004 Evans Avenue","retemplate/potential revision scheduled for Friday 10/3 - review files from Rand once submitted","14473","1","20681","4","","-1","10/2/2025 12:20:13 PM","27.2","9","","","2"
"10/7/2025 1:22:36 PM","","Shoberg Homes","MITERED","5","OCEAN ELEGANCE","QZ","POOL ROOM BAR","302 INWOOD","need full front view of layout, not angled.","14121","1","20333","9","","-1","10/2/2025 12:34:08 PM","32.9","5","6","","1"
"10/7/2025 1:57:43 PM","","Vitek McIver Homes","FLAT HONED","5","TAJ MAHAL LEATHERED","QZ","B2 VANITY, B3 VANITY, CLOSET3 DROP, B4 VANITY, B5 VANITY","345 PECAN GROVE DRIVE","Remove all backsplash pieces from drawing and slabsmith layout","14108","1","20408","5","","-1","10/2/2025 3:36:58 PM","40.9","7","6","","1"
"10/7/2025 2:13:44 PM","","Rauser Construction","MITER","4","CALACATTA MONET HONED","MS","POWDER, OFFICE BATH","3805 Balcones Drive","change powder sink setback per attached file.","14207","1","20455","12","🤚 HOLD - CAD CAN'T OPEN FILE","-1","10/2/2025 5:00:55 PM","38.5","5","6","/Powder change file from Architect","1"
"11/11/2025 3:14:45 PM","","Ackerman, Eleni","FLAT","4","KELYA","DK","FIREPLACE HEARTH","Ackerman-4072 Enclave Mesa Cir.","Please remove the notches from the vertical pieces.","14068","1","20552","1","","-1","11/11/2025 2:55:52 PM","10.9","15","6","","3"
"3/17/2026 9:53:19 AM","","Jauregui Architect Builders","2","5","TAJ MAHAL","QZ","UTILITY","266 Club Ranch Ct - Taj Mahal - Utility","see Keziah","13052","1","19948","17","3/3 kp: propceed wirth other request on 3/3 ALL OVERHANGS 1/8""","-1","11/11/2025 3:59:19 PM","162.7","7","6","","1"
"6/12/2026 6:18:49 AM","","Jauregui Architect Builders","2","5","LAVEZZI LEATHERED","QZ","HALL 2 BREAKFAST BAR","266 Club Ranch Ct - Lavezzi - Powder 2, Office, Media Bar, Hall 2 Breakfast Bar","see Keziah","13468","1","19957","2","ALL OVERHANGS 1/8""","-1","11/11/2025 3:59:33 PM","9.7","7","12","","1"
"3/23/2026 2:51:01 PM","","Jauregui Architect Builders","","","","","JP","266 Club Ranch Ct - Athos White - Master Bath Vanities/Walls/Ceilings","see Keziah","14598","1","19949","2","SEE TEMPLATE FILE FROM 10/20/25.    ALL OVERHANGS 1/8""","-1","11/11/2025 3:59:54 PM","15.4","","15","","1"
"11/21/2025 4:06:55 PM","","Jauregui Architect Builders","2","5","ETERNAL SERENA","SS","EXTERIOR BATH","266 Club Ranch Ct - SS Et. Serena - Dog Kennel, Security, Garden Room, Ext Bath","see Keziah","14596","1","19960","2","ALL OVERHANGS 1/8""","-1","11/11/2025 4:00:07 PM","11.6","7","6","","1"
"11/21/2025 4:07:00 PM","","Jauregui Architect BuildersINSTALL DATE:  JOB NAME:266 Club Ranch Ct - SS Et. Se","2","5","eternal serena","ss","SECURITY ROOM","266 Club Ranch Ct - SS Et. Serena - Dog Kennel, Security, Garden Room, Ext Bath","see Keziah","14632","1","19960","2","ALL OVERHANGS 1/8""","-1","11/11/2025 4:00:19 PM","33.5","7","6","","1"
"11/14/2025 1:18:30 PM","","Lake Group Builders","SMALL OGEE","5","BLUE ROMA","QZ","BAR COUNTER   SPLASH","2209 East Windsor Rd E","please increase total backsplash height to 15-7/8"" and change the 0 on the splash to X  (per Markos teams message)","14611","1","20581","2","","-1","11/12/2025 12:09:55 PM","22.56","9","6","","1"
"11/14/2025 2:07:54 PM","","Shoberg Homes","MITER","4","Calacatta Manhattan Honed","MS","PRIMARY VANITY WALL AND ABOVE DOOR","302 INWOOD","Revise per Gabe's instructions. Adjust SS layout (include with door jambs too)","14422","1","20333","11","","-1","11/13/2025 2:27:42 PM","34.9","5","6","","1"
"11/21/2025 4:05:42 PM","","Jauregui Architect Builders","2","4","ATHOS WHITE","MS","BATH 3 VANITY, WATER CLOSET, WALK IN CLOSET","266 Club Ranch Ct - Athos White - Bath 3/4/5/Pool Bath Vanities/Walls/Ceilings","All side overhangs to be 1/8"" to match front overhangs","13636","1","19950","3","ALL OVERHANGS 1/8""","-1","11/14/2025 7:31:09 AM","33.3","7","6","","1"
"12/22/2025 10:36:13 AM","","Camelot Custom Homes","WIDE BULLNOSE","5","BIANCO SUPERIORE","QZ","KITCHEN PERIMETER, HUTCH","2507 EXPOSITION","need to be combined with the island layout and also need to include the preliminary measurements from the splashes ands shelves the will be for Fab Forms 14738 and 14739.","14737","1","20733","5","","-1","12/18/2025 4:18:35 PM","55.3","5","15","","2"
"12/22/2025 10:48:55 AM","","Jauregui Architect Builders","2","5","TAJ MAHAL","QZ","PANTRY","266 Club Ranch Ct - Taj Mahal - Kitchen, Pantry","Show overhang somewhere on the drawing. Remove the sales/front desk notes (these pertain to the kitchen, not the pantry).","14838","1","19947","4","","-1","12/19/2025 7:28:21 AM","54.8","7","6","","3"
"12/22/2025 11:40:17 AM","","R Builders","FLAT","5","ETHEREAL","STRATUS QUARTZ","KITCHEN ISLAND, KITCHEN PERIMETER","2904 Hatley Drive","please separate into two fab forms (kitchen island and kitchen perimeter) - client needs a retemplate of the island","14656","1","20746","4","","-1","12/19/2025 9:53:04 AM","91.9","9","15","","3"
"12/22/2025 8:29:29 AM","","7X BUILDER","FLAT","5","AURORA","STRATUS QUARTZ","SUITE BATH 1, 2 AND 3 VANITIES","211 DARST FIELD RD RANGE HOUSE","They all show to be 72.5"" but one is 78""","14847","7","20807","9","","-1","12/19/2025 3:54:56 PM","45.8","5","6","","3"
"12/23/2025 2:01:07 PM","","Goodman, Kim","FLAT","5","NIGHTFALL HONED","PENTAL QUARTZ","KITCHEN","Goodman- 4416 Sam Bass Road","PLEASE REDO THE SLABSMITH WITH THE NEW SLABS.","14613","1","20729","11","","-1","12/22/2025 2:13:37 PM","113.8","15","6","","2"
"12/23/2025 1:42:28 PM","","Taylor, Karen","WIDE BULLNOSE","5","STOCK TAJ MAHAL","QUARTZITE","KITCHEN","Taylor-150 Should Bee (2025)","cAN WE REQORK THE LAYOUT A LITTLE, PLEASE? IT APPEARS TO BE CHOPPY. SEE ATTACH","14843","8","20610","4","","-1","12/22/2025 3:43:16 PM","42.7","6","6","/Screenshot 2025-12-22 154206.jpg","3"
"12/23/2025 3:31:21 PM","","MUSKIN COMPANY, THE","FLAT HONED","4","TRILIUM","DEKTON","OUTDOOR KITCHEN","6804 MESA DRIVE","We don't do corner seams like that, especially in Dekton.Please move joint.","14849","1","20796","4","","-1","12/23/2025 8:39:39 AM","29.1","5","6","","3"
"12/23/2025 2:38:13 PM","","7X BUILDER","FLAT HONED","5","FORTRESS HONED","PENTAL QUARTZ","WC 1, WC 2 AND WC 3 VANITIES","211 DARST FIELD RD RANGE HOUSE","remove all splashes","14848","7","20807","3","","-1","12/23/2025 9:35:34 AM","26.9","5","6","","1"
"12/30/2025 8:12:57 AM","","David Wilkes Builders","FLAT","5","OXFORD WHITE","STRATUS QUARTZ","BATH 1 TUB DECK/SHOWER ENTRY SURROUND/TUB","504 Cedar Park Dr.","Combine 2 layouts (see attachment)","14706","1","20490","19","No longer needed","-1","12/23/2025 10:09:07 AM","49.6","7","6","/layouts.png","2"
"1/25/2026 10:50:40 AM","","BuildCo","FLAT","5","CALACATTA ELEGANCE","STRATUS QUARTZ","BATHROOM VANITY","4009 North Hills Drive","See Gabe's new template file from 1/21","14889","1","20793","5","","-1","1/21/2026 4:24:19 PM","23.6","5","12","","4"
"1/23/2026 9:47:09 AM","","R Builders","TBD","5","MYKONOS","QZ","TENNIS COURT COUNTER","9121 Camelback Dr","change edge to Small Ogee","13157","7","19968","1","","-1","1/21/2026 5:03:21 PM","25.5","9","12","","1"
"1/26/2026 3:47:53 AM","","Tolliver, Tess","FLAT","5","CLOUDBURST CONCRETE","CS","WET BAR","Tolliver-993 Hwy 39","block drawing is missing the faucet hole","14532","1","20704","4","","-1","1/22/2026 8:25:04 AM","44.8","6","12","","3"
"1/22/2026 10:56:35 AM","","Ignite Outdoor Kitchens","FLAT","5","COLONIAL WHITE","GS","OUTDOOR KITCHEN","14205 Canyon Trail","Correct joints per attached file.","14485","1","20688","2","","-1","1/22/2026 10:00:28 AM","44.9","5","12","/CORRECTIONS!!!.pdf","3"
"1/26/2026 3:36:08 AM","","R Builders","FLAT","6","ETHEREAL","STRATUS QUARTZ","KITCHEN ISLAND","2904 HATLEY DRIVE","remove joint- island was retemplated to have 0 seams","14858","1","20746","2","","-1","1/22/2026 3:27:46 PM","49.3","9","12","","2"
"1/26/2026 11:32:11 AM","","Waller Building Company, LLC","FLAT","5","NAVANO","TRAVERTINE","TUB DECK","8900 Deer Haven Road","see attached and change dims on pc 3, remove notch on pc 4, note that pc 4 will need modifications on site.","14896","1","20799","4","","-1","1/22/2026 3:49:35 PM","77","9","15","/20799 - TUB DECK AND FACE, BENCH TOP AND FACE-BLOCK with redlines.pdf","1"
"1/26/2026 4:33:38 AM","","Goodman, Kim","FLAT","5","NIGHTFALL HONED","PENTAL QUARTZ","KITCHEN","Goodman- 4416 Sam Bass Road","Please check if scribbing is really necessary for this one. Thanks!","14613","1","20729","11","","-1","1/23/2026 10:26:14 AM","111.8","15","12","","2"
"2/11/2026 11:30:20 AM","","Shoberg Homes","MITERED","5","PLATINUM LEATHERED","QZ","BATH 5 VANITY ONLY","302 INWOOD","Needs to share slab ID 334740 for layout with Pool Bath Fab ID 14122","14425","1","20333","2","ON HOLD , NO SLAB PICTURE","-1","1/23/2026 11:40:27 AM","10.4","5","12","","2"
"2/11/2026 11:30:09 AM","","Shoberg Homes","FLAT HONED","5","PLATINUM LEATHERED","QZ","POOL BATH","302 INWOOD","Pc 5 needs to go on Slab ID 334601.Others need to share 334740 with Bath 5 Fab ID 14425","14122","1","20333","5","ON HOLD , NO SLAB PICTURE","-1","1/23/2026 11:42:51 AM","18.6","5","12","","2"
"1/26/2026 4:24:08 AM","","Vitek McIver Homes","FLAT POLISH","5","SNOWFALL","GS","OUTDOOR KITCHEN","345 Pecan Grove Drive","Change joints at grill and add joint on backsplash (see attachment).","14103","1","20408","1","","-1","1/23/2026 1:43:19 PM","98.1","7","12","/joints to add.png","2"
"2/10/2026 11:22:37 AM","","Camelot Custom Homes","FLAT","4","EXPLOSION BLUE","QZ","WET BAR","2507 EXPOSITION","Change to 3cm Royal Blue QZ. Needs Slabsmith layout on ID 334692","14742","1","20733","1","ON HOLD, NO SLAB PICTURE","-1","1/23/2026 3:24:00 PM","17.6","5","12","","2"
"1/26/2026 11:40:45 AM","","Shoberg Homes","2","4","CALACATTA MONET HONED","MS","POWDER 2","302 Inwood","There are no overall length","14119","1","20333","","","-1","1/23/2026 5:01:34 PM","9.5","5","15","","3"
"1/26/2026 12:24:16 PM","","Ignite Outdoor Kitchens","FLAT","5","COLONIAL WHITE","GS","OUTDOOR KITCHEN","14205 Canyon Trail","Pellet grill is missing notches. See file with dimensions in job.","14485","1","20688","2","","-1","1/26/2026 9:29:14 AM","44.9","5","15","","3"
"1/26/2026 12:06:26 PM","","Ignite Outdoor Kitchens","FLAT","5","BROWN PERSIA","GS","OUTDOOR KITCHEN","11709 Johnson Road","sink opening to being 6” from finished edge of stone. Builder to cut frame.","14925","1","20792","4","","-1","1/26/2026 10:11:23 AM","29.1","5","15","","1"
"1/26/2026 4:57:58 PM","","R Builders","FLAT","6","ETHEREAL","STRATUS QUARTZ","KITCHEN ISLAND","2904 HATLEY DRIVE","please add the downdraft noted in MW- note to drill on site as we don't have exact location.","14858","1","20746","2","","-1","1/26/2026 2:00:08 PM","49.3","9","15","/downdraft for Henley.jpg","3"
"1/27/2026 3:23:27 AM","","Vitek McIver Homes","FLAT POLISH","5","SNOWFALL","GS","OUTDOOR KITCHEN","345 Pecan Grove Drive","Backsplash behind green egg needs to go all the way down to the green egg platform.","14103","1","20408","1","","-1","1/26/2026 4:02:04 PM","98.1","7","12","","1"
"1/27/2026 12:15:39 PM","","Shoberg Homes","MITER","5","PATAGONIA BLUE","QZ","KIDS WORKSHOP","302 INWOOD","Main top to have double stack 3cm full bull. To be same edge as main gameroom but with 3cm material.","14128","1","20333","","","-1","1/26/2026 4:23:41 PM","31","5","15","/Main Gameroom Edge.png","3"
"1/27/2026 3:22:58 PM","","Beacon Construction","FLAT","5","GIZA","ENIGMA SURFACES","KITCHENETTE COUNTER","464 Boca Chica Street","please change material to Enigma Surfaces Giza 3cm","14922","1","20711","6","","-1","1/27/2026 10:39:07 AM","27.6","9","15","","3"
"4/6/2026 4:14:53 PM","","Meridian Custom Homes","FLAT","5","ASHEN MARBLE","CS","PRIMARY BATH","4907 Strass Drive","add areas in files uploaded 4/6. see email from Chris","15069","7","20876","2","REVISION IS FRONT OFFICE TYPE, NOT SALES","-1","4/6/2026 2:44:45 PM","15.3","5","6","","2"
"4/8/2026 12:06:00 PM","","Jauregui Architect Builders","FLAT HONED","5","LAVEZZI","QZ","GREAT ROOM FIREPLACE","266 Club Ranch Ct - Lavezzi - Great Room Fireplace","Do not include floating hearth on layout.","15145","1","19951","","","-1","4/7/2026 7:22:46 AM","263.7","7","15","","2"
"4/7/2026 9:30:07 AM","","Schwartz, Max","FLAT","5","TAJ MAHAL","QZ","DRY BAR","Schwartz-1207 Radam Circle","Please remove the scribing. (Upper cabinet reference line added to the CAD file)","15176","1","20915","","","-1","4/7/2026 8:46:43 AM","20.07","15","15","","1"
"4/8/2026 12:31:20 PM","","Warriner Construction, LLC","FLAT","4","MIAMI WHITE","SS","LAUNDRY WINDOW SURROUND, OFFICE POWDER WINDOW SURROUND","1415 W. 10th St. (2025)","combine layout with fab form 15008","15048","1","20638","7","","-1","4/7/2026 12:18:28 PM","11.2","5","15","","3"
"4/8/2026 4:10:16 PM","","Fauve House","FLAT HONED","5","BLACK HONED","SOAPSTONE","KITCHEN/ISLAND","1307 Malibu Drive","WILL YOU PLEASE ADD AN AIR SWITCH HOLE 8"" TO THE RIGHT OF THE FAUCET CENTER- AND ADD THAT THE SINK WILL NEED TO BE CUT IN SHOP TOO. THANK YOU!","15153","1","20906","4","","-1","4/7/2026 1:29:25 PM","52.2","6","15","","1"
"5/14/2026 11:35:38 AM","","Blue Horse Building","FLAT HONED","4","CREMO DELICATO HONED","MS","PRIMARY VANITIES","1260 Mesa Ranch Road","Both frames will be 3”. On his side it’s 66 3/4” wide and 52 3/16 not accounting for counter thickness.  Her side is 82 1/4” wide and 52 3/8 tall not accounting for counter thickness.","15104","1","20683","","was done with other revision","-1","4/7/2026 2:37:21 PM","28.9","5","6","","1"
"4/9/2026 8:58:32 AM","","Richardson, Sherry","FLAT","5","BLANCO MAPLE","SS","KITCHEN","Richardson-1915 Berkeley Avenue (2026)","Move joint from sink to as far to the right wall as possible, maximizing the slab length. Add air switch (see location in MW).","14934","8","20824","4","","-1","4/7/2026 3:27:28 PM","39.6","7","15","","1"
"4/8/2026 2:20:01 PM","","Richardson, Sherry","FLAT POLISH","4","CHARCOAL SOAPSTONE POLISHED","SS","INSIDE PANTRY","Richardson-1915 Berkeley Avenue (2026)","Joint will be needed for installation. Add where I've marked up on the attachment","14933","8","20824","1","","-1","4/7/2026 3:31:17 PM","6.1","7","15","/joint.pdf","2"
"4/9/2026 2:57:09 PM","","CB Crafted Homes","FLAT HONED","5","TAHITI TO BE HONED","QZ","BAR (ALSO CALLED KITCHENETTE)","399 Cortona Drive","please change sink cutout to the attached","15154","1","20852","2","","-1","4/8/2026 8:43:21 AM","25.9","9","15","/c017_spec22.pdf","1"
"4/22/2026 9:29:27 AM","","Franklin Alan","MITER","4","PALLADIO DOGE HONED","Santa Margherita","DRINK STATION","211 Walter Seaholm Drive Suite 115","change per architect drawings","15064","1","20752","","","-1","4/8/2026 10:43:52 AM","230.5","5","6","","1"
"4/10/2026 9:17:22 AM","","Miars Construction","FLAT HONED","5","SWAN LEATHERED","QZ","AG REDO: KITCHEN FHBSP PCS 7","1605 Cliffside Drive","slat wall design","15123","3","20664","1","","-1","4/8/2026 10:57:58 AM","22.4","5","15","","1"
"4/13/2026 3:14:42 PM","","Texas Construction Company","1 1/2","3","STRIATA","CAESARSTONE PORCELAIN","PRIMARY HIS VANITY","907 Terrace Mountain Drive","Revise if needed per 4/8 customer meeting","14949","1","20562","4","","-1","4/8/2026 2:02:08 PM","17","7","6","","1"
"4/10/2026 8:12:41 AM","","Texas Construction Company","MITERED","3","STRIATA","CAESARSTONE PORCELAIN","PRIMARY BATHROOM WALLS AND WAINSCOTING","907 Terrace Mountain Drive","Revise per 4/8 customer meeting","14276","1","20562","","","-1","4/8/2026 2:02:24 PM","429.93","7","6","","1"
"4/9/2026 11:52:40 AM","","Beckworth Design Build","2 1/2","4","CALACATTA VAGLI ORO HONED","MS","PRIMARY VANITIES, PANTRY","6 Sundown Parkway","Pantry backsplash to be in one full piece behind shelves.","14546","1","20633","","","-1","4/8/2026 2:49:48 PM","106","7","15","","3"
"4/9/2026 3:16:11 PM","","CB Crafted Homes","FLAT HONED","4","Calacatta Bettogli ** ag to hone! **","MS","PRIMARY BATH VANITY, PRIMARY SHOWER BENCH TOP, CURB TOP AND NICHE BT","399 Cortona Drive","add scallops to splash, add dog ears to niche (see MW upload on 4/8) confirm distance from escutcheon to backsplash and handle edge to splash - will they have room to turn the faucets on and off and to clean behind? if not, please bump forward.","15155","1","20852","5","","-1","4/8/2026 2:50:10 PM","21.1","9","15","","1"
"4/9/2026 9:21:53 AM","","Richardson, Sherry","FLAT","5","BLANCO MAPLE","SS","KITCHEN","Richardson-1915 Berkeley Avenue (2026)","Revise joint location per email","14934","8","20824","4","","-1","4/9/2026 9:00:41 AM","39.6","7","15","","3"
"3/15/2025 3:56:07 PM","","Sepulveda Associates Architects","FULL BULLNOSE","4","CARRARA MARMI","MSI Q QUARTZ","Tabletop (Fab Only)","Tabletop (Fab Only)","The edge profile on the shop drawing still says flat polish","13501","2","20396","1","","-1","2/21/2025 1:53:04 PM","15","7","15","","3"
"3/15/2025 3:56:07 PM","","Lake Group Builders","FLAT","5","CALACATTA TOP POLISHED","MS","KITCHEN PERIMETER, KITCHEN FHBSP W/ SHELF","4 MICHELE CIRCLE","please create a version 2 in slabsmith with better vein matching on the highlighted joints.","13305","1","20085","8","","-1","2/24/2025 8:39:12 AM","80","9","6","/slabsmith revision request det combined.jpg","3"
"3/15/2025 3:56:07 PM","","Faught, Robert","FLAT","5","MIAMI WHITE","SS","MASTER BATH VANITY","Faught-1001 Donna Kay (FAB ONLY)","please revise lock drawings using th eemail communication- i run out of characters int his box to submit details","13486","2","20390","3","","-1","2/24/2025 11:24:39 AM","6.9","6","15","","3"
"3/15/2025 3:56:07 PM","","PHILIPPE MESRITZ","FLAT","5","Berkshire Steel Satin Ridge","CAMBRIA","KITCHEN COUNTERTOPS","MESRITZ - 102 BERRY COVE","as per customer: please increase the gap between the bridge faucet (holes 1-3 from the left) and the sprayer (hole 4 from the left).  We need to move hole 4 over to the right by 1.5"" inches.","13517","1","20380","","","-1","2/25/2025 11:56:39 AM","52.5","9","6","/philippe.png","1"
"3/15/2025 3:56:07 PM","","Wyeth Custom Homes","FLAT HONED","5","BRONZITE LEATHERED","QZ","MEDIA ISLAND, GAMEROOM  WALL TOP","705 County Rd 360","The big ugly spot is still being incorporated in the sink top.  Please avoid it entirely","13405","1","20350","","","-1","2/25/2025 2:05:36 PM","44.5","5","6","","3"
"3/15/2025 3:56:07 PM","","Bennett, Margaret","FLAT","5","CALACATTA MIRAGGIO CIELO","MSI Q QUARTZ","VANITY A","Bennett - 2500 Greenlee Drive","please make lay out the pieces on the slab as they will be installed.  There is movement in this stone but as long as the pieces are cut the way need to layout together it will be fine.","13529","1","20391","3","","-1","2/25/2025 3:29:31 PM","14.5","5","6","","3"
"4/22/2026 9:06:48 AM","","Texas Construction Company","DEMI BULLNOSE (EDGE TO BE LEATHERED)","5","BLACK PEARL LEATHERED","GS","PRIMARY TUB SURROUND TOP AND SHOWER BENCH TOP","907 Terrace Mountain Drive","Note on fab form: ""Designer wants minimal overhang past the porcelain."" Please change it to 1/8"" if porcelain is installed.","15285","1","20562","4","","-1","4/21/2026 9:10:50 AM","16.8","7","15","","2"
"4/22/2026 10:05:48 AM","","Jauregui Architect Builders","FLAT POLISH","4","ATHOS WHITE","MS","POOL BATH SHOWER WALLS","266 Club Ranch Ct - Athos White - Pool Bath Vanities/Walls/Ceilings","Slabs have been rephotoed, please update layout. You can remove the vanity and that slab from the layout.","15074","1","20858","","","-1","4/21/2026 10:35:19 AM","150","7","15","","2"
"4/22/2026 11:45:59 AM","","Texas Construction Company","FLAT POLISH","4","pure white","CS","GARAGE COUNTERTOP","3412 Stratford Hills Lane","No overhang (see attachment)","15128","1","20897","1","","-1","4/21/2026 2:04:00 PM","8.9","7","6","/021a03e4-bd0e-4894-ba03-fc60e9d63484.png","1"
"4/22/2026 10:07:04 AM","","Shoberg Homes","TWO 3CM BULLNOSE EDGES STACKED TO BE 6CM","5","OCEAN ELEGANCE","QZ","KITCHEN ISLAND TOP","302 Inwood","Go back to inserts per Denis","14983","7","20333","16","","-1","4/21/2026 3:24:20 PM","74.9","5","6","","2"
"4/22/2026 1:37:59 PM","","R Builders","SMALL OGEE","5","CALDIA POLISHED","MS","POOL BATH SHOWER ENTRY JAMBS","9121 Camelback Dr","see attached for revision- slab size is 116.14x75.59 (Denis wants you to determine slab count but if you just show me total size of pcs I can do it! :) )","15188","1","19968","","","-1","4/22/2026 9:07:42 AM","27.5","9","15","/Pool Bath Entry Jambs Revision Denis.pdf","2"
"4/27/2026 3:27:08 PM","","Blue Horse Building","","","","","ESTEE","1260 Mesa Ranch Road","jamb templated flush with inside of trim change shower trim by 1/4"" to make detail like drawing","15133","1","20683","12","✋ - HOLD - MORE INFO REQUESTED","-1","4/22/2026 9:28:55 AM","35.7","","15","/Jamb & trim detail.jpeg","1"
"4/27/2026 3:46:34 PM","","Blue Horse Building","","","","","UTILITY, GUEST BATH, CAM","1260 Mesa Ranch Road","jamb templated flush with inside of trim adjust trim 1/4"" to accommodate detail in attached file","15134","1","20683","36","✋ - HOLD - MORE INFO REQUESTED","-1","4/22/2026 9:31:52 AM","141.3","","15","/Jamb & trim detail_1.jpeg","1"
"5/4/2026 1:27:54 PM","","Miars Construction","FLAT HONED","5","SWAN LEATHERED","QZ","AG REDO: KITCHEN FHBSP PCS 7","1605 Cliffside Drive","Cut your plug holes center of the 41/2” back splash and centered on the counter top.","15123","3","20664","1","","-1","5/1/2026 4:29:19 PM","22.4","5","6","","1"
"5/6/2026 8:09:55 AM","","RisherMartin","FLAT HONED","4","RAW CONCRETE","CS","BATH 205","1719 Hallam Drive","No color listed on the drawing","15329","1","20719","3","","-1","5/4/2026 1:54:09 PM","5.1","5","12","","3"
"5/12/2026 11:57:13 AM","","Shoberg Homes","TWO 3CM BULLNOSE EDGES STACKED TO BE 6CM","5","OCEAN ELEGANCE","QZ","KITCHEN ISLAND TOP","302 Inwood","add hole and change edge detail at sink per attached email","14983","7","20333","16","","-1","5/4/2026 4:18:57 PM","74.9","5","6","/Instructions for added hole and change to edge at the inside of the sink.png","1"
"5/6/2026 9:06:28 AM","","Lindsay Grant","WATERFALL","5","WHITE EVE","QZ","KITCHEN PERIMETER, KITCHEN ISLAND","Grant-2101 Antone Street","please add air switch 8"" to the left of the faucet","14820","1","20950","4","REVISION COMPLETE","-1","5/5/2026 10:54:28 AM","70.7","9","12","","1"
"5/8/2026 4:45:30 PM","","David Wilkes Builders","FLAT POLISH","4","NOUGAT","CS","BATHROOM, ENTRY/LAUNDRY","2301 Bridle Path (2025)","Add cutouts at entry/laundry (see attachment)","15332","8","20727","2","","-1","5/5/2026 11:40:45 AM","23","7","15","/2026.05.05_VB_Entry Cabinet.pdf","1"
"5/6/2026 8:52:21 AM","","R Builders","FLAT","5","t","QZ","BAR COUNTERTOP","6708 Bridge Hill Cove","please update to smaller sink ELUH1814 Elkay Lustertone Classic Stainless Steel, 20-1/2x16-1/2x7-7/8 Single Bowl Undermount Sink","15295","1","20730","1","","-1","5/5/2026 11:54:51 AM","21.1","9","12","","2"
"5/6/2026 9:08:43 AM","","R Builders","FLAT","5","SARATOGA SILVER LEATHERED","GS","OUTDOOR KITCHEN","6708 Bridge Hill Cove","please update to smaller sink","14670","1","20730","12","","-1","5/5/2026 12:49:54 PM","56.3","9","6","","2"
"6/10/2026 3:51:11 PM","","Stewart and Company","","","","","BATH 3 (PIPPA LOU","2700 Island Ledge Cv","Niche should now also have the sides and top made of stone","15089","2","20585","","OFF HOLD - TEMPLATE UPLOADED","-1","5/5/2026 3:38:00 PM","1","","15","","1"
"5/20/2026 10:14:52 AM","","Texas Construction Company","FLAT HONED","4","CALACATTA VIOLA ANTICO HONED","MS","PRIMARY TUB WALL, SHOWER CURB","2308 Townes Lane","Wall needs metal backing per Denis (see email)","15334","1","20782","8","TUESDAY               HOLD - DIRECTION UNCLEAR - MARKOS","-1","5/6/2026 10:37:29 AM","15.3","7","6","","2"
"5/11/2026 10:02:33 AM","","Jauregui Architect Builders","FLAT POLISH","4","ATHOS WHITE","MS","HER WATER CLOSET","266 Club Ranch Ct - Athos White - Master Bath Vanities/Walls/Ceilings","Revise per Keziah's email (5/8 9:47am)","15339","1","19949","","","-1","5/8/2026 9:50:46 AM","214.43","7","15","","1"
"6/19/2026 6:09:33 AM","","Meridian Custom Homes","FLAT HONED","4","SARDINIA HONED","MS","KITCHEN SINK ISLAND, KITCHEN PERIMETER, FHBSP","3504 BARTON POINT DRIVE","revise outlet cutout per attached file","15454","1","21010","7","","-1","6/17/2026 4:37:16 PM","99.61","5","12","/Revision for kitchen.pdf","1"
"6/19/2026 6:14:06 AM","","Taylor Wilson Construction","FLAT","5","TAJ REALE","STRATUS QUARTZ","SHOWER BENCH AND CURB","28 Sundown Parkway","Make shower bench size change and finished edges per email sent June 17","15470","2","21003","2","","-1","6/17/2026 5:36:57 PM","5.1","5","12","","2"
"6/22/2026 3:41:02 PM","","Curran Construction","FLAT","6","MIAMI ORO","SS","KITCHEN","4015 Speedway 2","please change sink/faucet to reflect email - center sink on cabinet box and center faucet on sink divider.","15412","1","21000","","","-1","6/18/2026 10:48:03 AM","25.1","9","6","/Screenshot 2026-06-18 104750.jpg","4"
"6/29/2026 9:46:36 AM","","Stewart and Company","FLAT HONED (WF PANELS HAVE 3","5","TAJ MAHAL LEATHERED","QZ","KITCHEN FHBS","1803 Lakeshore Dr (2026)","see attached comments in drawings. also the outlets being used are Prado and have been delivered to AG. See item in CAD Office.","15254","1","20616","12","WIDEN WINDOW SILLS ALSO, AND The outlet to the left of the window is changing to a 4-gang to accommodate the outlet (CUTOUT SHOULD BE 7.6"" W X 3.5"" H)","-1","6/19/2026 7:56:14 AM","62.3","7","6","/20616 - KITCHEN FHBS (TS Comments 6_16).pdf","1"
"6/19/2026 1:35:16 PM","","Stewart and Company","","","","","BATH 3 (PIPPA LOU","2700 Island Ledge Cv","Please see the attached redlined drawing for revision","15089","1","20585","","","-1","6/19/2026 7:59:12 AM","1","","6","/20585 - BATH 3 (PIPPA LOU'S BATH) SHOWER NICHE SHELF REV1-BLOCK - REDLINES.pdf","1"
"6/29/2026 9:51:34 AM","","Stewart and Company","FLAT HONED","5","CALACATTA GOLD HONED","MS","PRIMARY BATH VANITIES/SHOWER BENCH/ENTRY SURROUND","2700 Island Ledge Cv","see email for revisions with redline drawings. could not attach both files in the revision request","14980","1","20585","9","waiting on confirmation of edge detail from customer","-1","6/19/2026 8:01:50 AM","43.6","7","6","/20585 - PRIMARY BATH VANITIES, SHOWER BENCH - REV 2 - 20260618 REDLINES.pdf","1"
"6/24/2026 8:27:38 AM","","Shuken, Tami","CUSTOM","5","MARINE BLACK PREMIUM HONED FINISH","SOAPSTONE","CUSTOM POWDER BATH SINK","Shuken-6721 Middle Creek Road","Erick- I will submit this revision as per process in CASPIO- however, this is not a builder revision- this would be an internal request.  Please show the dimensions of the faucet spacing and the diameter of the holes.","15129","1","20902","","","-1","6/22/2026 9:20:05 AM","29","6","6","","3"
"7/30/2026 2:31:35 PM","","RedOven Builds","1 13/16","3"," ARABESCATO VIOLA SOFT","DELLA TERRA PORCELAIN","BASEMENT KITCHENETTE","2305 Camino Alto Road","There is a note that the cabinet needs to be modified for the sink, but no information how it needs to be modified.","15644","1","21045","","","-1","7/28/2026 1:53:34 PM","94.8","7","6","","3"
"8/3/2026 11:04:35 AM","","R Builders","DUPONT","5","Calacatta MICHELANGELO","MS","LAUNDRY POWDER (MUDROOM)","9121 Camelback Dr","please add scallop details to splash- splash to get dupont edge as well","12063","1","19968","","hold - need direction on if bsp miters to counter or no","-1","7/28/2026 3:01:14 PM","7.5","9","6","/LAUNDRY POWDER ELEVATION 7-23-26.pdf","1"
"7/30/2026 3:24:29 PM","","FIA HOMES","FLAT","5","REGNA GRAY","MAESTRO QUARTZ","LAUNDRY","1907 ARTHUR LANE","Outlets are just standard single electrical outlets and not a bocci or prado","15503","1","20816","2","","-1","7/29/2026 11:14:10 AM","32.7","5","6","","1"
"7/30/2026 2:43:50 PM","","Van Hoozer, Christy","FLAT","5","GLACIER BLUE -HAND SELECT","GS","KITCHEN W FHBS","Van Hoozer-10703 Burr Oak Drive","PLEASE SEE ATATCHED-REWORK THIS AREA FOR BETTER MATCH","15625","1","21050","15","","-1","7/29/2026 11:44:48 AM","91.7","6","6","/REWORK THIS AREA KITCHEN W FHBS #1 (MRK)_layout (002).pdf","3"
"8/4/2026 3:28:25 PM","","RisherMartin","MITER","5","MONT BLANC HONED","QZ","CASITA PERIM","5010 Amarra Drive","Make changes per attached mark up from builder","15522","1","20592","16","7/31: ALSO see email with instructions for faucet placement at peninsula sink.","-1","7/30/2026 9:11:33 AM","147.5","5","6","/DC+A Comments 20592 - CASITA PERIM & ISLAND, CASITA OFFICE, CASITA BATH & CLOSET - REV 1 - RM Comments 2.0.pdf","1"
"7/30/2026 11:13:22 AM","","FIA HOMES","FLAT","5","REGNA GRAY","MAESTRO QUARTZ","PANTRY","1907 ARTHUR LANE","change sink overhang bc of accessories and change to double single outlets and delete faucet holes","14875","1","20816","8","","-1","7/30/2026 10:18:11 AM","86.4","5","15","","3"
"8/5/2026 3:42:19 PM","","FIA HOMES","FLAT","5","VOLUPIA","QZ","KITCHEN FHBSP","1907 ARTHUR LANE","Change outlets to two single outlets side by side for a quantity of 4 total instead of two doubles","15504","1","20816","6","8/3 also add 1/16"" to depth of light chennel: Make 3/8"" instead of 5/16""","-1","7/30/2026 10:28:45 AM","39.4","5","6","","1"
"7/30/2026 12:48:21 PM","","Edwards Remodel Contracting","FLAT POLISH","5","ARABESCATO VAGLI","STRATUS QUARTZ","FAB ONLY PIECES","Fab Only Pieces","Revise per email 7/30 10:26am","15681","2","21064","","","-1","7/30/2026 10:31:56 AM","4.4","7","12","","3"
"3/15/2025 3:56:07 PM","","RedOven Property Solutions","FLAT POLISH","5","MIAMI WHITE","SS","KITCHEN","REDOVEN - 5700 JIM HOGG AVE","On the layout, please use slab ID 332696 for pieces 1 and 2, then put the rest of the pieces on 332999.","13284","1","20324","6","","-1","3/5/2025 8:45:52 AM","42.8","7","15","","3"
"3/15/2025 3:56:07 PM","","Rauser Construction","FLAT","5","OPAL WHITE HONED","MS","PRIMARY BATH TUB DECK, SP.LASH AND HALF WALL, SHOWER LEDGE, NICHE SHELVES","400 Barranca Circle","Per the builder: make the drop in sink cutout a rectangle that is 58 1/2"" x 30 1/2.  make the cutout start 10 3/4"" from the left side mitered edge. Center the cutout in the 44 5/16 space.  Make sure to call out all of these dimensions on the drawing.","12956","1","20245","9","","-1","3/5/2025 10:16:20 AM","64.8","5","6","","1"
"3/15/2025 3:56:07 PM","","Shoberg Homes","1 1/2","4","breccia gorgona","MS","2 SMALLER CLOSET TOPS","2918 OESTRICK","You used the full slab that has already been cut.  Please use 333000 size 118x51 instead that is allocated to this phase.","13533","1","20306","","","-1","3/5/2025 10:31:16 AM","12","5","15","","3"
"3/15/2025 3:56:07 PM","","Waller Building Company, LLC","FLAT","5","ELEGANT WHITE","MS","PRIMARY SHOWER NICHE REDO","1714 W St Johns Ave","please revise tub niche piece to 17"" long even (pc 5 of 5)","13546","4","20228","5","","-1","3/6/2025 8:17:09 AM","2.6","9","15","","3"
"8/21/2025 2:54:28 PM","","Burnette Builders","FLAT","4","RUXLEY POLISHED","CAMBRIA","GUEST BATH 1 WAINSCOTTING WALL","1665 Brushy Ridge Trail","please double check template files- client is asking to add a side backsplash at 22-13/16 x 9 ; if not in template files, please connect with Gabe to confirm this can be added without a template verification","14238","1","20001","4","","-1","8/20/2025 1:36:57 PM","16.8","9","6","","1"
"8/21/2025 2:07:57 PM","","Burnette Builders","FLAT","4","PORTRUSH POLISHED","CAMBRIA","GUEST BATH 2 WAINSCOTTING WALL","1665 Brushy Ridge Trail","change thickness to 3cm   add shop note to mill to 2cm please double check template files-client is asking to add a sidesplash at 22-13/16"" x 9"";if not in template files, please get with Gabe to confirm this can be added w/out a template verification","14237","1","20001","4","","-1","8/20/2025 1:39:21 PM","16.5","9","6","","1"
"8/20/2025 3:25:54 PM","","FSB Custom Homes, LLC","2","5","ELEGANT BLUE HONED","QZ","KITCHEN, KITCHEN BATH, SCULLERY, WORKSTATION","3703 MEADOWBANK DR","There is a miter piece that is fully off the slab (332485), so that won't work even on the waterjet. Can you please rework the layout to see if you can get it to fit some other way? If not, a joint will be needed.","13266","1","20186","","revision not needed but it was good that sales verified this.","-1","8/20/2025 2:07:12 PM","241.5","7","6","","3"
"8/21/2025 9:32:21 AM","","FSB Custom Homes, LLC","FLAT HONED","5","CALACATTA GOLD HONED","MS","KITCHEN ISLAND, REMAINDER OF KITCHEN PERIMETER","3602 Murillo Circle","Please use slab 330003 for the coffee bar and mudroom.","11903","1","19918","2","","-1","8/20/2025 2:18:08 PM","79.2","7","6","","3"
"8/21/2025 9:32:29 AM","","FSB Custom Homes, LLC","SMALL OGEE","5","CALACATTA GOLD HONED","MS","MUDROOM","3602 Murillo Circle","Please use slab 330003 for the coffee bar and mudroom.","12475","1","19918","4","","-1","8/20/2025 2:18:29 PM","26","7","6","","3"
"8/21/2025 9:34:49 AM","","FSB Custom Homes, LLC","COVE DUPONT HONED","5","CALACATTA GOLD HONED","MS","KITCHEN PERIMETER AT WINDOW WALL","3602 Murillo Circle","Please use slab 330003 for the coffee bar and mudroom.","13801","1","19918","4","","-1","8/20/2025 2:18:43 PM","43.4","7","6","","3"
"8/21/2025 3:51:40 PM","","FSB Custom Homes, LLC","2","5","BLUE ROMA HONED","QZ","BAR, BAR STORAGE","3703 Meadowbank Dr","Please add pop up outlets per Gabe's template 8/20","13251","1","20186","9","","-1","8/20/2025 3:16:52 PM","69","7","6","","1"
"8/21/2025 4:05:20 PM","","FSB Custom Homes, LLC","2","5","ELEGANT BLUE HONED","QZ","KITCHEN, KITCHEN BATH, SCULLERY, WORKSTATION","3703 MEADOWBANK DR","Please add pop up outlets per Gabe's template 8/20","13266","1","20186","","","-1","8/20/2025 3:28:13 PM","241.5","7","6","","1"
"8/22/2025 11:46:05 AM","","Texas Construction Company","FLAT POLISH","5","PATAGONIA","QZ","KITCHEN ISLAND, KITCHEN FULL HEIGHT BACKSPLASH","907 Terrace Mountain Drive","The joints on the FHBS should be beveled like those on the island. The builder also thinks the ss layout for the island shows the WF panels on the wrong side (please confirm/correct as needed).","14269","1","20562","8","","-1","8/21/2025 7:07:58 AM","125.6","7","6","","1"
"8/22/2025 8:57:03 AM","","Van De Graaf, William","6","4","CREMO DELICATO EXTRA HONE","MS","VANITY","Van De Graaf-8701 Mendocino Dr","Per builder’s request, the miter edge will overlap the cabinet by 4 3/4"". Since we are using 2cm material, a 1/2"" thick subdecking will be applied to achieve the required overlap. (Please add the note on the drawing for the shop)","14282","1","20548","1","","-1","8/21/2025 9:49:26 AM","24.5","15","6","","1"
"8/22/2025 8:41:53 AM","","Van De Graaf, William","FLAT EDGE","4","CREMO DELICATO EXTRA HONED","MS","CLOSET TOP, AND TV PIECE","Van De Graaf-8701 Mendocino Dr","Client requests a 3cm miter edge for both pieces. No subdecking required, as the builder will provide subdecking for them.","14281","1","20548","2","","-1","8/21/2025 9:52:52 AM","14.4","15","6","","1"
"9/11/2025 1:34:45 PM","","David Wilkes Builders","FLAT POLISH","6","NANTUCKET","STRATUS QUARTZ","KITCHEN PERIMETER, GATHERING ROOM, BATH 3 VANITY","504 CEDAR PARK DR","Update per Gabe's template 8/21","14249","1","20490","14","","-1","8/22/2025 10:09:58 AM","9.8","7","6","","1"
"8/26/2025 12:52:22 PM","","David Wilkes Builders","FLAT","5","OXFORD WHITE","STRATUS QUARTZ","BATH 1 VANITY, BATH 2 VANITY","504 CEDAR PARK DR","Update per Gabe's template 8/21","14247","1","20490","7","","-1","8/22/2025 10:10:14 AM","40","7","6","","1"
"8/27/2025 10:49:34 AM","","Sebastian Construction Group","MITER   FLAT","5","ABSOLUTE BLACK","GS","KITCHEN ISLAND: APRON   RUNNER STN-12B","3005 Westlake Drive","see email","14016","1","20432","","","-1","8/22/2025 3:56:13 PM","12","9","15","","1"
"3/15/2025 3:56:07 PM","","Koch Construction","FLAT HONED","4","BIANCO CARRERA HONED","MS","GUEST CLOSET","1108 W. 9th","Change to 2cm Full Bullnose Edge","12966","1","20090","2","DXF UPDATED TO FIT WELL WITH THE OTHERS","-1","11/22/2024 10:27:22 AM","16.4","5","6","","1"
"3/15/2025 3:56:07 PM","","FIA Homes","FLAT HONED","4","BOHEMIAN FLAME","SS","BED 2 KITCHENETTE, LEVEL 1 BATH 2, MEDIA ROOM AND BATH LEDGE, POOL LEVEL BAR","7001 Oak Shores","Outlets are Bocci not regular.  Change Pool Level Bar splash to 24""","12813","1","20112","6","REVISION COMPLETE, DXF UPDATED","-1","11/22/2024 12:58:12 PM","78.4","5","6","/MODIFIED 20112BED2KITCHENETTELEVEL1BATH2MEDIAROOMANDBATHLEDGEPOOLLEVELBARBLOCK.pdf","1"
"3/15/2025 3:56:07 PM","","Dance, Taylor","FLAT POLISH","5","TAJ ROYALE","CS","KITCHEN PERIMETER, ISLAND, BATH 1, BATH 2","Dance-100 Mulberry Cove","Change edge style from Flat to Standard Waterfall edge","13132","1","20276","11","NO NEED TO UPDATE DXF, REV COMPELTE!","-1","11/22/2024 2:56:36 PM","66.5","5","6","","1"
"3/15/2025 3:56:07 PM","","Risher Martin","Miter","4","Belgian blue honed","Qz","Stair treads","443 Cortona cove 2024","Please combine this with the layout for the Golf Simulator top. Martha measured the piece and it is 50x64.","13105","2","20256","4","NEW LAYOUT: 20256 - STAIR TREADS, GOLF SIM - LAYOUT","-1","11/25/2024 10:59:26 AM","9.4","5","6","","5"
"3/15/2025 3:56:07 PM","","Risher Martin","Custom edge","4","Arabescato corchia honed","Ms","Powder","433 CORTONA COVE 2024","make changes after consulting with Gabe on 11/25 per architect mark upsI have been doing Slabsmith on this so if a new dxf is needed plz let me know","13103","1","20256","6","REV COMPLETE, I UPDATED YOUR SS FILE WITH THE NEW BACKSPLASH (GREW JUST A LITTLE BIT)","-1","11/25/2024 11:11:57 AM","16","5","6","","1"
"3/15/2025 3:56:07 PM","","Drees Custom Homes","FLAT","5","MIAMI WHITE","SS","INDEP LIVING","224 Wellborn Road","there is no hole 8"" to right of faucet-please rev block","12987","7","20248","2","","-1","11/26/2024 10:12:18 AM","11.5","6","11","/Screenshot 2024-11-26 101139.jpg","3"
"3/15/2025 3:56:07 PM","","Drees Custom Homes","FLAT","5","MARENGO","SS","PRIMARY BATH AND COFFEE BAR","224 Wellborn Road","wrong faucet- see spec info for faucet info PRIMARY BA: MOEN GENTA 6708","12993","7","20248","14","","-1","11/26/2024 10:17:54 AM","37","6","12","","3"
"3/15/2025 3:56:07 PM","","Risher Martin","Custom edge","4","Arabescato corchia honed","Ms","Powder","433 CORTONA COVE 2024","1.The BSP height to be at 8 1/4"" so there is 3"" above the center of the faucet hole.2.The BSP to have Waterfall edge - She wanted 1/2"" radius but we do not offer that so 3/8"" radius will have to do.","13103","1","20256","6","","-1","11/26/2024 10:36:33 AM","16","5","6","","1"
"3/15/2025 3:56:07 PM","","Vinson Radke Homes","4CM OGEE OVER FULL BULLNOSE","4","CALACATTA CORCHIA","MS","KITCHEN ISLAND","1104 Maufrais St.","Please add an edge profile detail to the drawing","13128","1","20244","1","","-1","11/26/2024 11:11:33 AM","35.8","7","6","","1"
"3/15/2025 3:56:07 PM","","Classic Constructors","FLAT HONED","5","WINTERBOURNE MATTE","CAMBRIA","PREP KITCHEN, PANTRY, PRIMARY BATH MAIN VANITY, PRIMARY BATH HER VANITY","5123 Indigo Spires Way","Greg increased the overhang for the two perimeter pieces in the prep kitchen. A new template file has been uploaded to MW.","12149","1","19932","15","","-1","11/26/2024 3:34:30 PM","142.25","7","6","","1"
"3/15/2025 3:56:07 PM","","FIA Homes","FLAT HONED","4","LIME DELIGHT","SS","BED 3,4","7001 Oak Shores","Bruno 11/26: Oscar added a piece of backsplash under the raised portion of the laundry room. A new template file including the backsplash and the overhang increase for the raised portion has been uploaded to MW.","12817","1","20112","21","","-1","11/27/2024 12:27:22 PM","116.7","5","6","","1"
"3/15/2025 3:56:07 PM","","Hilltown Building Co.","flat","5","FANTASY LUX","QZ","KITCHEN","2519 Winsted Lane","Katy has the light clips at her desk - island can be drafted now","12898","1","20196","5","","-1","12/2/2024 10:01:04 AM","56","7","6","","1"
"3/15/2025 3:56:07 PM","","Tammy Goforth","FLAT","5","TAJ MAHAL LEATHERED","QZ","PRIMARY NICHE SHELF","6003 Marquesa Drive","CUSTOMER IS DELETING FROM SCOPE- PLEASE REMOVE","13142","2","20249","1","","-1","12/2/2024 10:04:47 AM","0.8","9","6","","1"
"3/15/2025 3:56:07 PM","","Tammy Goforth","FLAT","4","CALACATTA EXTRA POLISHED","MS","GUEST BATH VANITY","6003 MARQUESA DRIVE","Please add the window ledge and shower niche- in the ""template"" folder of the job in the S drive ""GUEST (SHARED) BATH TUB WINDOW SILL","13147","1","20249","3","","-1","12/2/2024 10:07:29 AM","7","9","6","","5"
"3/15/2025 3:56:07 PM","","Jauregui Architect Builders","FLAT","4","ABSOLUTE BLACK **TO BE HONED BY ALPHA**","GS","FLOOR TRANSITIONS","266 Club Ranch Ct - Absolute Black - Floor Transitions","Customer has changed color - please revise drawing","12960","1","20247","17","","-1","12/2/2024 2:00:11 PM","24.9","7","6","","1"
"10/22/2025 8:32:28 AM","","Shoberg Homes","MITERED","4","Calacatta Vagli Oro Mezza Honed","MS","STUDIO BATH","2775 Elder Hill Rd","layout was on slab that had been cut. redo to match on remnant that was created slab 334457","13805","1","20394","","","-1","10/20/2025 3:32:28 PM","23.8","5","6","","3"
"10/21/2025 3:03:07 PM","","Burnette Builders","MITER TO 2","5","AVOCATUS LEATHERED","QZ","OFFICE COUNTERTOP","1665 Brushy Ridge Trail","sent over the pop up outlet location","14028","1","20001","5","","-1","10/21/2025 2:25:44 PM","49.3","9","12","/Stults office pop up plug location .pdf","4"
"11/12/2025 11:12:50 AM","","Jauregui Architect Builders","2","4","ATHOS WHITE","MS","BATH 3 VANITY, WATER CLOSET, WALK IN CLOSET","266 Club Ranch Ct - Athos White - Bath 3/4/5/Pool Bath Vanities/Walls/Ceilings","1/8"" overhang at all areas","13636","1","19950","3","🤚 HOLD - KEZIAH AND KATY REVIEWING SLAB INFO ON TUESDAY","-1","10/22/2025 7:30:30 AM","33.3","7","6","","1"
"11/12/2025 11:12:55 AM","","Jauregui Architect Builders","2","4","ATHOS WHITE","MS","BATH 4 VANITY, WALK IN CLOSET","266 Club Ranch Ct - Athos White - Bath 3/4/5/Pool Bath Vanities/Walls/Ceilings","1/8"" overhang at all areas","13638","1","19950","4","🤚 HOLD - KEZIAH AND KATY REVIEWING SLAB INFO ON TUESDAY","-1","10/22/2025 7:30:52 AM","29.5","7","6","","1"
"11/12/2025 11:12:59 AM","","Jauregui Architect Builders","2","4","ATHOS WHITE","MS","BATH 5 VANITY, WALK IN CLOSET","266 Club Ranch Ct - Athos White - Bath 3/4/5/Pool Bath Vanities/Walls/Ceilings","1/8"" overhang at all areas","13640","1","19950","","🤚 HOLD - KEZIAH AND KATY REVIEWING SLAB INFO ON TUESDAY SEE NEED NEW TEMPLATE FILE FROM GABE ON 10/22","-1","10/22/2025 7:31:07 AM","19.5","7","6","","1"
"10/23/2025 1:37:47 PM","","Vitek McIver Homes","14","5","SNOWFALL","GS","POWDER","345 PECAN GROVE DRIVE","The customer would like a very slight slope on the sink base - just a 1"" slope, finishing at 7"" depth.","14104","1","20408","10","","-1","10/22/2025 9:01:20 AM","20","7","6","","2"
"10/23/2025 10:45:28 AM","","Rejuve Group","FLAT HONED","5","OLYMPIAN WHITE TO BE HONED","MS","KITCHEN","2010 Alegria Rd.","ASAP - add range backsplash and shelf to drawing and layout","14263","1","20636","10","","-1","10/22/2025 3:48:45 PM","77.3","7","6","","4"
"10/28/2025 10:06:57 AM","","Rejuve Group","FLAT HONED","5","OLYMPIAN WHITE TO BE HONED","MS","KITCHEN","2010 Alegria Rd.","Outlets are duplex, please change the cutouts accordingly: https://prado.com/us/products/unifit-outlet-duplex/?nab=1","14263","1","20636","10","Add dimensions to bsp pieces, and see Katy for other questions from builder","-1","10/23/2025 1:39:37 PM","77.3","7","6","","3"
"12/1/2025 11:17:52 AM","","Beck, Jay","WIDE BULLNOSE","5","NOUVEL CALACATTA ANNATA","BEDROSIANS","VANITY 1 AND VANITY 2","Beck-11605 Sherwood Forest","Change edge profile to Wide Bullnose(vanities). Change sink overhang to 1/8"". Draft two additional windowsills with flat edge (DXF on MW) and add to Slabsmith.","14728","7","20741","","","-1","11/25/2025 3:06:52 PM","40","15","6","/ADDITIONAL WINDOWSILLS DRAWING - 11605 SHERWOOD FOREST.pdf","1"
"12/1/2025 4:54:48 PM","","Rhino Renovations","FLAT HONED","5","LUCE DI LUNA HONED","QZ","VANITY","3417 Bunny Run","Reduce backsplash and side splash height to 4""","14665","1","20701","3","","-1","11/26/2025 10:04:11 AM","9.6","7","6","","1"
"11/26/2025 2:37:14 PM","","Gonzales, Jessica","2","5","SOAPSTONE BLACK HONED","SOAPSTONE","bar","Gonzales-4928 Bruco Lane","Please add the subdecking note for shop","14718","1","20740","1","","-1","11/26/2025 11:00:01 AM","12.4","15","6","","3"
"11/26/2025 2:32:16 PM","","Gonzales, Jessica","2","4","CALACATTA VAGLI","MS","KITCHEN WITH FHBSP","Gonzales-4928 Bruco Lane","Please make the changes according to the template verification notes.","14618","1","20740","12","","-1","11/26/2025 11:04:49 AM","138.5","15","6","","1"
"11/26/2025 3:01:54 PM","","Gonzales, Jessica","FLAT","5","TAJ MAHAL","QZ","PRIMARY BATH VANITIES","Gonzales-4928 Bruco Lane","The remnants cannot be used due to the cracks. Please redo the Slabsmith using slab ID 334350.","14719","1","20740","4","","-1","11/26/2025 12:07:53 PM","34.4","15","6","","1"
"12/1/2025 5:02:22 PM","","Ivey, Louden","FLAT","5","ATMOS GOLD","PQ","KITCHEN","Ivey-4236 Rimrock Rose Lane","Revise per attachment","14699","1","20758","4","","-1","11/26/2025 12:28:36 PM","50.5","7","6","/revision request.pdf","1"
"12/1/2025 4:39:53 PM","","Vitek McIver Homes","FLAT","5","TAJ MAHAL","QZ","COFFEE BAR","2517 HARTFORD RD","I had added a note in the revision request to remove the backsplash. It will just be the mitered countertop on slab 334578 (I don't think it is photoed yet).","14778","1","20563","2","","-1","12/1/2025 9:50:20 AM","30.9","7","6","","1"
"12/2/2025 10:30:07 AM","","WOODGRAIN BUILDING COMPANY","FLAT HONED","5","BLACK HONED","SOAPSTONE","FAB ONLY DESK","FLOATING DESK FAB ONLY","Please create a DXF and do slabsmith layout. Piece is already photoed.","14768","2","20781","1","","-1","12/1/2025 10:50:09 AM","5.8","7","6","","1"
"12/1/2025 11:25:33 AM","","Beck, Jay","WIDE BULLNOSE","5","NOUVEL CALACATTA ANNATA","BEDROSIANS","VANITY 1 AND VANITY 2","Beck-11605 Sherwood Forest","Please change the edge profile from flat to Wide BUllnose, as requested on my first revision.","14728","7","20741","","","-1","12/1/2025 11:21:28 AM","40","15","6","","3"
"12/2/2025 10:03:15 AM","","R Builders","FLAT","5","ETHEREAL","STRATUS QUARTZ","UTILITY ROOM, UTILITY POWDER","2904 Hatley Drive","update utility powder to single hole faucet, update side splashes on utility powder so side splashes start 5"" in from countertop edge and have decorative detail shown in attached","14658","1","20746","15","","-1","12/1/2025 1:01:10 PM","52.7","9","6","/example of splash side utility powder.png","1"
"12/2/2025 8:50:39 AM","","R Builders","FLAT","5","ETERNAL CALACATTA GOLD","SS","LOWER POWDER BATH VANITY, FLEX BATH VANITY","2904 Hatley Drive","label vanities within shop, revise faucets to single hole faucet- spec updated in MW- dimension space from side splash to sink opening on lower powder.","14657","1","20746","7","","-1","12/1/2025 1:07:56 PM","19.8","9","6","/lower powder and flex bath.jpg","1"
"12/9/2025 11:30:45 AM","","Hemphill, Alan","FLAT","5","CLOUDBURST CONCRETE","CS","KITCHEN","Hemphill-2101 Fair Oaks Drive","Reivse the faucet hole per spec. sheet. Update the block with the current slabsmith layout.","14753","8","20776","3","He will be using Kohler 33710-PC-CM6 (info in MW). The sink will be delivered here today.","-1","12/2/2025 10:20:41 AM","48.9","15","6","","1"
"12/4/2025 2:34:53 PM","","Pankonien Group, The","FLAT HONED","5","BIANCO CARRARA HONED","MS","PRIMARY TUB DECK","8800 Mendocino Drive","Per template file 11/25.","14639","1","20734","6","","-1","12/3/2025 11:11:05 AM","51.1","5","6","","1"
"12/4/2025 3:00:22 PM","","R Builders","FLAT","5","ETHEREAL","STRATUS QUARTZ","KITCHEN ISLAND, KITCHEN PERIMETER","2904 Hatley Drive","please move pieces to maximize available space to ensure there is enough space for the FHBSP without a seam","14656","1","20746","4","","-1","12/3/2025 11:51:37 AM","91.9","9","6","/slabsmith.png","3"
"12/9/2025 11:18:53 AM","","Robert Zirkel","","","","","DAYLIN","2110 Paramount Avenue","Two things: 1. Can the sink be centered in the countertop? 2. Increase backsplash height to 5 1/4""","14180","1","20609","4","","-1","12/3/2025 1:34:44 PM","13.9","","6","","1"
"2/10/2026 11:58:29 AM","","Shoberg Homes","MITER","5","PATAGONIA BLUE","QZ","KIDS WORKSHOP","302 INWOOD","there is a new fab form for the wall cap bc edge for that is 3cm Full Bullnose","14128","1","20333","","","-1","2/9/2026 11:36:44 AM","31","5","15","","3"
"2/11/2026 12:14:54 PM","","Kane Toler","FLAT HONED","5","REGAL SOAPSTONE MATTE","STRATUS QUARTZ","KITCHEN PERIMETER, KITCHEN ISLAND","Toler-4636 Marlo Drive","please make total width of island (pc 1 of 7) 55""","14743","1","20765","7","","-1","2/10/2026 9:19:23 AM","76.7","9","15","/dimensions for kitchen revision.jpg","3"
"2/11/2026 11:25:41 AM","","Lake Group Builders","MITER   DECORATIVE","4","CALACATTA CREMO","MS","POWDER BATH VANITY w/ INTEGRATED SINK","4 MICHELE CIRCLE","please revise drawing for 2cm material.","13308","1","20085","16","","-1","2/10/2026 11:32:08 AM","18.1","9","15","","3"
"2/11/2026 10:59:28 AM","","R Builders","SMALL OGEE","5","BIRCHWOOD","METROQUARTZ","PET CARE ROOM","9121 CAMELBACK","please add a seam to the middle of pc 1 of 3, please update layout to combine pet care and utility","14688","7","19968","3","","-1","2/10/2026 3:35:05 PM","38.72","9","15","","3"
"2/17/2026 10:07:55 AM","","Beckworth Design Build","2","4","SARDINIA HONED","MS","BATH 3 VANITY","6 Sundown Parkway","Please revise per builder's mark ups (see attached)","14299","1","20633","13","THE INTERIOR DIMENSIONS OF THE SINK SHOULD BE 18"" x 16 1/2"" x 5"", WITH 1"" RADIUS CORNERS      ON HOLD - WAITING FOR CLARIFICATIONS","-1","2/11/2026 6:54:11 AM","22.4","7","6","/6SD-BATH 3, VANITY w INTEGRATED MARBLE TOP plus notes by GG.pdf","1"
"2/11/2026 2:57:22 PM","","Chambers, Amanda","FLAT","5","MIAMI VENA","SS","COUNTERTOP","Chambers -214 Shelf Rock Road","Customer would like 3/4"" overhang","14700","1","20759","1","","-1","2/11/2026 9:41:29 AM","15.1","7","15","","3"
"2/11/2026 4:40:43 PM","","Jauregui Architect Builders","FLAT POLISH","4","ATHOS WHITE","MS","BATH 5 WALL BELOW VANITY","266 Club Ranch Ct - Athos White - Bath 3/4/5/Pool Bath Vanities/Walls/Ceilings","Gabe retemplated 2/11 and sent dimensions to Joshua. Please confirm/revise as needed.","13641","1","20857","1","","-1","2/11/2026 10:37:24 AM","6.3","7","6","","1"
"2/11/2026 11:22:21 AM","","McMahon, Susan","WIDE BULLNOSE","5","TAJ  ROYALE","CS","KITCHEN","McMahon-4305 Lange Road","MOVE PC 8 AND 10 TO MATCH THEJOINT","14941","8","20835","12","","-1","2/11/2026 10:50:28 AM","66.7","6","6","/REV MCMAHON.jpg","3"
"3/6/2026 10:55:50 AM","","TCB Renovations","FLAT","5","IJEN BLUE","QUARTZITE","FAB ONLY VANITY TOP","FAB ONLY*DELIVER TO KERRVILLE","PLEASE SEE BUILDER REVISION REQUEST ATTACHED -PLEASE ADD DRAIN HOLE TO DRAWING IF YOU CAN","15082","7","20888","","","-1","3/5/2026 2:31:09 PM","7.5","6","15","/REV REQ BY BUILDER 3-5-26 20888 - FAB ONLY VANITY TOP-BLOCK (002)_1.pdf","1"
"3/6/2026 9:45:55 AM","","RedOven Builds","FLAT HONED","6","REDSTONE (***TO BE LEATHERED BY ALPHA***)","RICHLITE - Fabricate Like Wood - See Denis","BATH","2503 Barton Hills Drive","The layout is using the full slab which has already been cut. Please use one of the 2 remnants allocated to the main phase of the job.","14996","1","20768","1","","-1","3/5/2026 3:03:08 PM","2.2","7","15","","3"
"3/6/2026 11:10:32 AM","","Ignite Outdoor Kitchens","FLAT HONED","5","PITAYA WHITE (LEATHERED BY ALPHA)","GS","OUTDOOR KITCHEN","5905 Silent Nova View","needs ss layout","15078","8","20881","7","","-1","3/6/2026 10:54:18 AM","48.5","5","15","","3"
"3/6/2026 3:20:12 PM","","Spitz, Gabriel","FLAT POLISH","5","CALACATTA GOLD (USE POLISHED SIDE OF SLABS)","MS","KITCHEN PERIMETER AND COFFEE BAR COUNTERTOPS","Spitz-1200 Hawks Canyon Circle","Please combine layout with kitchen island and wrapped vent hood","14970","1","20786","3","","-1","3/6/2026 3:03:47 PM","35.9","7","15","","2"
"3/6/2026 3:30:41 PM","","Spitz, Gabriel","FLAT","5","CALACATTA GOLD (POLISHED OR HONED SIDE TBD)","MS","KITCHEN WRAPPED VENT HOOD","Spitz-1200 Hawks Canyon Circle","Please combine layout with kitchen island and perimeter and coffee bar","14792","1","20786","4","","-1","3/6/2026 3:04:16 PM","42.1","7","15","","2"
"3/6/2026 3:30:51 PM","","Spitz, Gabriel","CUSTOM (SEE UPLOADED HAND SKETCH)","5","CALACATTA GOLD POLISHED","MS","KITCHEN ISLAND","Spitz-1200 Hawks Canyon Circle","Please combine layout with kitchen perimeter and coffee bar and wrapped vent hood","15080","1","20786","","","-1","3/6/2026 3:04:37 PM","57.91","7","15","","2"
"3/9/2026 9:44:57 AM","","Texas Construction Company","FLAT POLISH","5","MIAMI WHITE","SS","KITCHEN, MUDROOM, BATH 203 VANITY, BATH 205 VANITY","510 E. 39th Street","Please make back dimension of piece 2 of 10 (piece left of range) 73 3/8""","14972","8","20845","10","","-1","3/6/2026 3:47:51 PM","71.4","7","15","","1"
"3/9/2026 8:54:21 AM","","Camelot Custom Homes","LARGE OGEE","5","BIANCO SUPERIORE","QZ","KITCHEN FHBSP","2507 EXPOSITION","SS layout on remnants we need to match the already approved layout that had the placeholders for these areas on them.","14738","1","20733","4","","-1","3/6/2026 4:06:59 PM","22.9","5","15","","3"
"3/16/2026 1:26:27 PM","","exas Construction Company","1 1/2","3","BASALT LEATHERED","STRATUS PORCELAIN","MEDIA ROOM","907 Terrace Mountain Drive","Add 7 1/2"" backsplash (there are 3 outlet cuouts in the bsp - let me know if we did not template for those and I will charge for a template trip)","14953","1","20562","1","✋ ON HOLD - NEED OUTLET LOCATION FOR BSP","-1","3/9/2026 12:57:34 PM","12.6","7","15","","1"
"3/9/2026 3:20:06 PM","","Shoberg Homes","BEVEL","4","CALACATTA MANHATTAN HONED","MS","PRIMARY PIECE UNDER DOOR CASING","302 Inwood","Layout needs to show what they will look like under door casing pieces already done.","15024","1","20333","","","-1","3/9/2026 2:39:48 PM","1","5","15","","3"
"3/10/2026 8:50:51 AM","","Texas Construction Company","FLAT HONED","5","ABSOLUTE BLACK LEATHERED","GS","BAR (ALSO CALLED KITCHEN BAR)","907 Terrace Mountain Drive","Please change depth to 30 7/16""","14280","1","20562","1","","-1","3/9/2026 3:53:13 PM","13.1","7","15","","1"
"3/10/2026 9:31:59 AM","","","","","","","","","Change edge profile from mitered to flat leathered. Remove note","14271","1","20562","1"," sink cutout edge also needs to be leathered.","-1","3/10/2026 8:46:57 AM","8.1","","15","","1"
"3/11/2026 10:25:16 AM","","Stewart and Company","OGEE HONED","5","CALACATTA GOLD (MATERIAL IS IN INV AS POLISHED, BUT IT IS HONED)","MS","SUNROOM POWDER","2700 Island Ledge Cv","Please change edge to small ogee","15088","1","20585","4","","-1","3/10/2026 3:55:43 PM","14.8","7","15","","1"
"3/11/2026 11:17:11 AM","","","","","","","","","CAN WE REV THE LAYOUT-USE SLAB ID","15098","1","20720","3","","-1","3/11/2026 9:14:16 AM","11.2","","15","","2"
"3/11/2026 1:49:48 PM","","TCB Renovations","FLAT","5","IJEN BLUE","QUARTZITE","FAB ONLY VANITY TOP","FAB ONLY*DELIVER TO KERRVILLE","PLEASE SEE ATTACHED REV IN YELLOW THANK YOU- BUILDER REQUESTED","15082","7","20888","","","-1","3/11/2026 12:42:38 PM","7.5","6","6","/REVISION REQUEST BY BUILDER 3-11-26 20888 - FAB ONLY VANITY TOP REV1-BLOCK (002).pdf","1"
"3/11/2026 3:51:25 PM","","Stewart and Company","OGEE HONED","5","CALACATTA GOLD (MATERIAL IS IN INV AS POLISHED, BUT IT IS HONED)","MS","SUNROOM POWDER","2700 Island Ledge Cv","The layout is on the wrong slab. Please see Order Stone and use the correct slab ID for the Sunroom Powder.","15088","1","20585","4","","-1","3/11/2026 2:43:21 PM","14.8","7","15","","3"
"3/15/2025 3:56:07 PM","","Waller Building Company, LLC","FLAT","5","IJEN BLUE","QZ","UTILITY","1714 W St Johns Ave","please flip slabsmith 180 degrees so white streak is at sink","12928","1","20228","1","","-1","1/27/2025 10:47:50 AM","11.5","9","6","/Utility Slabsmith Layout .jpg","5"
"3/15/2025 3:56:07 PM","","Meridian Custom Homes","FLAT","5","BIANCO CARRERA POLISHED","MS","MASTER BATH","5912 STANDING ROCK DRIVE","Remove shower seat and put on its own drawing.  It will have to cut separately.  I'll save material on the Slabsmith layout.","13347","1","20329","6","","-1","1/27/2025 11:54:54 AM","26.5","5","6","","5"
"3/15/2025 3:56:07 PM","","RisherMartin","FLAT","4","TAJ MAHAL","QZ","KITCHEN BACKSPLASHES","3312 BEE CAVE","1/27 Prado outlet dropped off at AG. See email from Christine.","13236","1","20300","12","","-1","1/27/2025 12:10:15 PM","126.6","5","6","","1"
"3/15/2025 3:56:07 PM","","Page Paul Architecture","FLAT HONED","5","NEGRESSCO HONED","GS","BAR TOPS","1801 Ridgemont (2024)","The customer pointed out that the front edge of the left countertop was marked as a wall instead of a finished edge.","13379","1","20359","2","","-1","1/27/2025 12:18:02 PM","13","5","6","","3"
"3/15/2025 3:56:07 PM","","VARGAS, JESUS","FLAT HONED","4","DESERT SILVER SUEDE","SS","LAUNDRY","VARGAS - 614 GUNISON DR","Please remove note 2 (there is no FHBSP) and note 4 (there is no joint). I can't send it to the customer like this.","13377","1","20346","","","-1","1/27/2025 1:59:21 PM","8.5","7","6","","3"
"3/15/2025 3:56:07 PM","","Moontower Design And Build","FLAT","4","ARABETTO","CS","KITCHEN ISLAND","5801 Duval St","There is no layout attached to the email or in the S drive.","12718","1","20162","1","","-1","1/27/2025 3:50:10 PM","29.7","7","6","","5"
"3/15/2025 3:56:07 PM","","Waller Building Company, LLC","FLAT","4","CALACATTA VAGLI TO BE HONED","MS","KITCHEN PERI COUNTER SPLASH,KITCHEN ISLAND,POOL BATH VANITY SHOWER SHELF MOCK UP","4605 STRASS DR","please edit the dxf to remove Bath 1 vanity and shower pieces but add bath 2 vanity   linen vanity and shower niche","13376","2","20197","","","-1","1/27/2025 4:34:53 PM","100","9","6","/strass marked up.jpg","1"
"3/15/2025 3:56:07 PM","","Alex Cahue Construction","1/4","4","NORWEIGAN ROSE","MS","BATHROOM VANITY, MAKEUP VANITY","5605 Lakeview Drive","customer changing edge profile to flat - please revise to flat edge","13381","1","20361","6","","-1","1/27/2025 4:43:36 PM","29.6","9","6","","1"
"4/16/2026 10:36:30 AM","","Camelot Custom Homes","FLAT HONED","4","LIGHT EMPERADOR HONED","MS","PRIMARY BENCH","4509 Edgemont","Make seat 17 1/2""","14937","1","20800","1","change seat depth and add pcs to be left on site per attached file.","-1","4/15/2026 3:05:46 PM","6","5","12","/Added pieces to Primary Bench drawing.png","1"
"4/16/2026 8:58:20 AM","","Miller, Chyrisse","FLAT","4","CALACATTA MONET","MS","PRIMARY BATH VANITIES, POWDER ROOM","Miller-1036 Liberty Park Dr 51 A","Please have all setbacks at 7 1/16"" or 7 1/8"" (whatever works best). Remove the note that refers to the setback.","15232","1","20930","12","","-1","4/15/2026 3:15:27 PM","32","15","12","","2"
"4/16/2026 8:52:24 AM","","Construction Arts","FLAT","4","ABSOLUTE BLACK HONED","GS","MASTER VANITY","5603 Mapleleaf Drive","There is a note from the template tech indicating that the client requested a 4 1/2"" sink setback, but the drawing currently shows a 4"" setback. Please revise.","15226","1","20936","3","","-1","4/15/2026 3:43:05 PM","10","15","12","","3"
"4/17/2026 1:55:16 PM","","Chambers, Amanda","","","","","","4701 Avenue HFAB SHEET :  JOB","Customer will have a back panel that is .75 to 1.5” thick off of the wall. Will this fully cover the gap? If so, please remove the scribing.","15265","1","20860","2","","-1","4/16/2026 9:07:00 AM","24.8","","6","","1"
"4/17/2026 9:26:21 AM","","Kyle Von Raesfeld","FLAT HONED","5","TAJ MAHAL EXTRA PREMIUM HONED","QZ","KITCHEN FHBSP","Raesfeld-9600 Derecho Bend - Kitchen","remove both seams- client wants in one piece **IF POSSIBLE ** - there is enough space on the slab","14882","1","20811","4","","-1","4/16/2026 1:03:08 PM","25.5","9","12","","2"
"4/27/2026 11:16:11 AM","","Texas Construction Company","MITERED","3","STRIATA","CAESARSTONE PORCELAIN","PRIMARY BATHROOM WALLS AND WAINSCOTING","907 Terrace Mountain Drive","See attachment with revision requests","14276","1","20562","","revised access panels per denis","-1","4/16/2026 2:25:36 PM","429.93","7","6","/revision request.png","1"
"4/17/2026 11:08:52 AM","","MSI - Interiors","FLAT","1","VENDOME NATURE","PORCELANOSA","PRIMARY BATH WALLS","301 West Avenue 3702","We will need to send two different photographic layouts for approval. The seam on the block will be different between each layout. The holes for the shower head will also need to be modified.","15160","7","20745","","","-1","4/16/2026 2:41:47 PM","112.22","15","6","","1"
"4/17/2026 1:58:19 PM","","Camardo, Thomas","HALF BULLNOSE","5","MYORA GOLD","PQ","KITCHEN","Camardo-10707 Callanish Park Drive","Customer thinks the cooktop setback should be 2"", not 1 7/8"". If this is possible, please make that change (show 2"" on the drawing).","15156","1","20911","3","","-1","4/17/2026 12:30:39 PM","56.8","7","6","","1"
"4/22/2026 10:23:19 AM","","R Builders","FLAT","5","SARATOGA SILVER LEATHERED","GS","OUTDOOR KITCHEN","6708 Bridge Hill Cove","please change sink to ELUH1814 Elkay Lustertone Classic Stainless Steel, 20-1/2x16-1/2x7-7/8 Single Bowl Undermount Sink / received new sink on 4/20","14670","1","20730","12","NOT ABLE TO REVISE. NEW SINK IS STILL MUCH LARGER THAN OPENING.","-1","4/20/2026 1:03:38 PM","56.3","9","6","","1"
"4/22/2026 3:03:32 PM","","Frank Russell","FLAT","5","MONT BLANC","CS","KITCHEN","Russell-4520 Avenue C","sending back- CM to send new files with revised dim to accommodate for the removal of the tile backsplash. spoke with Rand on 4/20 mb","15240","1","20917","3","✋ - HOLD - WAITING ON CONFIRMATION OF OVERHANG CHANGE AS WELL.","-1","4/20/2026 1:04:37 PM","32","9","15","","1"
"4/22/2026 8:45:59 AM","","Jauregui Architect Builders","FLAT","2","DOMOOS","DK","BATH 4 FLOOR TRANSITION","266 Club Ranch Ct - Dekton Domoos - Floor Transitions","There is a note for the pieces to be cut to 1/2"" thick, but the material is already thinner than that.","15169","1","20247","8","","-1","4/21/2026 7:52:33 AM","6.1","7","15","","3"
"4/22/2026 9:13:34 AM","","Beckworth Design Build","FLAT HONED","4","CALACATTA MONET HONED","MS","BATH 2 BASEBOARDS","6 Sundown Parkway","Please add a note to the drawing about what the joint width is","14821","1","20633","","","-1","4/21/2026 8:17:49 AM","32","7","15","","2"
"4/22/2026 9:57:27 AM","","Meridian Custom Homes","FLAT HONED","5","SARATOGA HONED","QZ","KITCHEN PERIM, ISLAND, PANTRY, POWDER","6001 Cary Drive","Powder was not included on drawing but was drafted!","14931","1","20837","10","","-1","4/21/2026 8:48:27 AM","147.2","5","15","","3"
"4/22/2026 11:33:54 AM","","Beckworth Design Build","FLAT HONED","4","CALACATTA BORGHINI HONED","MS","BATH 4 TUB/FRONT/LEFT/RIGHT, VANITY WALL, SIDE VANITY WALL, CLOSET ENTRY WALL","6 Sundown Parkway","Change outlet cutout (outlet is in CAD office)","14300","1","20633","28","","-1","4/21/2026 8:53:17 AM","110.6","7","6","","1"
"6/8/2026 5:13:03 PM","","Franklin Alan","4","4","ONDE ROSSO HONED","MS","RECEPTION TOP","4902 Burnet Road - FVF Law Office","See file for changes and stone cover flush grommet hole info.","15351","1","20652","","","-1","5/28/2026 12:14:33 PM","24","5","15","/REVISION 72_20652 - RECEPTION TOP-BLOCK.pdf","1"
"6/9/2026 4:59:34 PM","","Stewart and Company","FLAT HONED","5","CALACATTA GOLD HONED","MS","PRIMARY BATH VANITIES/SHOWER BENCH/ENTRY SURROUND","2700 Island Ledge Cv","Revise per attachment","14980","1","20585","9","JOSHUA","-1","5/29/2026 8:44:19 AM","43.6","7","15","/20585 - PRIMARY BATH VANITIES, SHOWER BENCH - REV 1 - REDLINES.pdf","1"
"6/2/2026 8:24:20 AM","","Yeghoian, Jack","FULL BULLNOSE","5","ABSOLUTE BLACK","GS","CABINET PIECE","Yeghoian-Cabinet Piece-Fab Only (2026)","PLease add the dimensions to the block drawing","15370","2","20992","","","-1","5/29/2026 11:17:23 AM","4.5","6","15","","3"
"6/4/2026 9:11:19 AM","","R Builders","SMALL OGEE","5","Calacatta Caldia","MS","POOL BATH VANITY, TOWEL TOWER","9121 CAMELBACK DR","please revise color to ""Calacatta Caldia"" and add to new slabsmith layout with slab 335933","13122","1","19968","2","","-1","6/1/2026 11:00:40 AM","11.7","9","12","","2"
"6/9/2026 3:17:52 PM","","","","","","","","","please revise color to ""Calacatta Caldia"" and redo slabsmith with new slab","15187","1","19968","","","-1","6/1/2026 11:01:18 AM","5","","15","","1"
"6/9/2026 3:17:59 PM","","","","","","","","","please revise color to ""Calacatta Caldia"" and redo slabsmith with new slab","15187","1","19968","","","-1","6/1/2026 11:05:28 AM","5","","15","","1"
"6/9/2026 3:18:07 PM","","","","","","","","","please revise color to ""Calacatta Caldia"" and redo slabsmith with new slab","15187","1","19968","","","-1","6/1/2026 11:05:33 AM","5","","15","","1"
"6/3/2026 8:21:21 AM","","Jauregui Architect Builders","FLAT","4","ATHOS WHITE","MS","HER VANITY (SIDE WALLS)","266 Club Ranch Ct - Athos White - Master Bath, B3, B4/B5 Vanities (see notes)","Add green dimensions on page 2 like you have on His Vanity (Side Walls)","13112","1","19949","2","NEED ASAP","-1","6/1/2026 2:53:13 PM","40","7","6","","3"
"6/10/2026 4:15:46 PM","","Stewart and Company","FLAT HONED","5","CALACATTA GOLD HONED","MS","BATH 2 TUB DECK","2700 Island Ledge Cv","Remove waterfall panel. Tub deck to have flat edge.","15396","1","20585","","ERICK","-1","6/2/2026 10:26:43 AM","14.35","7","15","","2"
"6/9/2026 3:26:32 PM","","R Builders","SMALL OGEE","5","Calacatta Caldia","MS","POOL BATH SHOWER ENTRY JAMBS","9121 Camelback Dr","please change material to ""Calacatta Caldia"" - please remove the shower side jamb. see attached from Denis","15188","1","19968","","ERICK","-1","6/2/2026 12:38:13 PM","27.5","9","15","/19968 - POOL BATH SHOWER ENTRY JAMBS REV1-BLOCK for Denis quoting.pdf","2"
"6/9/2026 12:18:36 PM","","Franklin Alan","MITERED","5","GUATEMALA GREEN","MS","RESTROOM, ADA RESTROOM","4902 Burnet Road - FVF Law Office","change ALL sinks to k20000 model and change mitered edge dims per attached file","14350","1","20652","5","MARKOS BUT THE PDF IS NOT WORKING","-1","6/2/2026 4:18:39 PM","35.1","5","15","/Changes to vanities.pdf","1"
"6/12/2026 9:50:14 AM","","Texas Construction Company","4","5","BLUE DUNES","GS","UTILITY HALL","907 TERRACE MOUNTAIN DRIVE","Add grommet hole - center of grommet 3 1/2"" from back of countertop and 3 1/2"" to the right of the center of the countertop","15409","1","20562","1","ERICK - SENT TO CAD ABOUT THE FILE AND IS NOT THERE ON THE SHARE DRIVE)PLEASE SEE KATY FOR NEW GROMMET LOCATION - ORIGINAL REVISION REQUEST IS NOT CORRECT","-1","6/3/2026 9:00:02 AM","5.7","7","15","","1"
"6/10/2026 4:11:13 AM","","Texas Construction Company","","","","","GINA","907 Terrace Mountain Drive","Add 4 grommet holes (locations on attachment)","15144","1","20562","2","MARKOS","-1","6/5/2026 8:16:24 AM","32","","12","/Adobe Scan Jun 5, 2026.pdf","1"
"6/9/2026 5:13:55 PM","","Texas Construction Company","","","","","KEITH","907 Terrace Mountain Drive","Remove mitered edge. Change to flat honed edge.","14267","1","20562","1","MARKOS","-1","6/5/2026 2:37:45 PM","11.6","","","","1"
"6/12/2026 10:26:03 AM","","Venco Construction","WATERFALL","5","MIAMI VENA","SS","KITCHEN  PERIMETER","4805 Comanche Creek Drive","Sink changing to Kraus KHU100-28 undermount","15398","8","20997","","","-1","6/10/2026 3:05:57 PM","38.7","5","15","","1"
"6/12/2026 10:32:33 AM","","Tatanka Group","FLAT","5","NAICA LEATHERED-HAND SELECT","QUARTZITE","DINING BUFFET","451 Prade Ranch Road - Lodge (2026)","ADD FLAT HONED TO BLOCK DRAWING FOR EDGE PROFILE- FAB FORM UPDATED TP REFLECT FINISH","15468","8","20989","2","","-1","6/12/2026 8:49:30 AM","28.7","6","15","","2"
"6/16/2026 7:04:26 AM","","Austin Turnkey Services, Inc.","FLAT POLISH","5","CHANTILLY","QZ","PRIMARY BATH","4105 Tablerock Drive","Revise with new sink (K-2214)","15423","1","20894","3","","-1","6/15/2026 7:23:30 AM","11.5","7","12","","1"
"9/1/2026 2:15:32 PM","","RisherMartin","MITER","5","REGAL ARABESCATO GOLD","STRATUS QUARTZ","PRIMARY SHOWER BENCH AND NICHE","5010 Amarra Drive","change niche per attached file","15638","1","20592","7","","-1","8/27/2026 4:25:00 PM","35","5","6","/20592 - PRIMARY SHOWER BENCH AND NICHE-BLOCK - RM Comments.pdf","1"
"8/28/2026 9:48:41 AM","","Pinnacle Modern","MITER","3","BASALT GREY","NEOLITH","GUEST 1, HYDRATION CENTER","1306 Rockcliff Road","There is no notation indicating the sink setback, but based on the drawing, it appears to be greater than 4"". Please add the setback dimension, and if it is greater than 4"", revise it to 4""","15639","7","21027","10","","-1","8/27/2026 11:32:44 PM","37","15","6","","1"
"9/18/2026 4:22:21 PM","","Studio Luck","FLAT HONED","4","PINK","QZ","PIECE MODIFICATIONS","Fab Only Pieces","Revise per attachment","15742","2","21076","2","🤚 HOLD - 9/1 CLARIFICATION REQUESTED","-1","8/28/2026 7:13:40 AM","5.4","7","6","/Studio Luck - Pink Quartz Comments.pdf","1"
"9/10/2026 4:16:01 PM","","R Builders","SMALL OGEE honed","5","MYKONOS ag to hone","QZ","ODK W/ PASS THRU, POOL BUFFET","9121 Camelback Dr","please change edge to full bullnose, change to ""AG to leather""- change joints to mitered edge in corners- all exposed edges including backsplash to get bullnose edge. splashes to be mitered to countertop and to each other.","13121","1","19968","16","🤚 HOLD - 9/1 CLARIFICATION REQUESTED","-1","8/28/2026 12:42:39 PM","122.5","9","6","","1"
"9/1/2026 3:40:25 PM","","Lake Group Builders","1 5/8","4","SARATOGA BLACK","SOAPSTONE","SCREENED PORCH","4 MICHELE CIRCLE","please change the 26"" dimension on pcs 1 of 3","14427","1","20085","3","","-1","8/28/2026 2:26:20 PM","47.5","9","6","/4 Michele - Back Porch Grill Top - Redlined_v2_8.27.26.pdf","1"
"9/1/2026 5:04:28 PM","","Camelot Custom Homes","MITER","5","hermitage","CAMBRIA","POWDER","5619 Reynolds Road","ramp per designer detail file","15764","1","20931","","","-1","8/31/2026 8:47:17 AM","17","5","6","","1"
"9/3/2026 5:03:00 PM","","Warriner Construction, LLC","FLAT","5","MIAMI WHITE","SS","KITCHEN ISLAND, COAT CLOSET, FITNESS/CABANA BATH","1415 W. 10th St. (2025)","pull pantry and perimeter pieces off onto their own drawing to go with a new fab form","15047","1","20638","22","","-1","8/31/2026 12:09:04 PM","212","5","6","","1"
"9/4/2026 1:37:21 PM","","RedOven Builds","1 13/16","3","ARABESCATO VIOLA SOFT","DELLA TERRA PORCELAIN","BASEMENT KITCHENETTE COUNTERTOPS","2305 Camino Alto Road","Remove all backsplash from the drawing and move it to its own drawing. This will stay on hold until after countertop/upper cabinet install, then we'll do a template verification.","15644","1","21045","3","","-1","9/2/2026 10:47:36 AM","45","7","6","","1"
"9/3/2026 1:21:38 PM","","Dowbuilt","PLATNER","4","RIVIERA (HONED)","QZ","BREAKFAST / PANTRY","1000 Fallwell Lane (HORSE RANCH)","Breakfast equals kitchenette; please add a backsplash","15770","7","21018","3","","-1","9/2/2026 11:35:33 AM","40","15","6","","2"
"9/2/2026 12:23:43 PM","","DiSimone, Tony","DOUBLE QUARTER ROUND","5","CREMA MONACO HONED","STRATUS QUARTZ","GEAR ROOM PERIMETER","DiSimone -24422 W Hwy 71","Island needs .375 overhangs on all sides and make sure this overhang matches the countertop overhangs since it isn't called out","14793","1","20784","","","-1","9/2/2026 11:52:42 AM","31.52","5","15","","3"
"9/4/2026 8:46:10 AM","","Dowbuilt","","","OPERA D","MS","DINING TABLE","1000 Fallwell Lane (HORSE RANCH)","Adding the PDF document that shows what the metal support will look like. It won't change the drawing but I'm uploading the file for reference.","15771","7","21018","","","-1","9/3/2026 5:14:50 AM","56","","6","/Table Top.pdf","2"
"9/3/2026 9:03:40 AM","","","","","","","","","The shower bench should utilize the remnant id","15799","8","20844","2","","-1","9/3/2026 8:16:43 AM","6.8","","12","","1"
"9/3/2026 9:03:44 AM","","","","","","","","","please add joint in center and use remnant ID","15798","8","20844","1","","-1","9/3/2026 8:43:39 AM","3.9","","12","","1"
"9/3/2026 3:59:05 PM","","Dowbuilt","PLATNER","4","RIVIERA (HONED)","QZ","BREAKFAST / PANTRY","1000 Fallwell Lane (HORSE RANCH)","Does not include all the pieces.","15770","7","21018","5","to include coffee bar - not on fabform","-1","9/3/2026 3:09:51 PM","60","15","6","","2"
"9/9/2026 11:10:33 AM","","Camelot Custom Homes","MITER","5","hermitage","CAMBRIA","POWDER","5619 Reynolds Road","Per designer modify sink interiors so that drain isn't below the apron","15764","1","20931","8","","-1","9/8/2026 2:56:36 PM","35","5","6","","1"
"9/15/2025 10:07:36 AM","","Wyeth Custom Homes","FLAT HONED","5","EMPERADOR DARK HONED","MS","WINE LOUNGE TOPS","705 COUNTY RD 360","See attached file for changes","13413","1","20350","5","","-1","9/10/2025 11:16:09 PM","80.6","5","6","/20350 - WINE LOUNGE TOPS CORRECTIONS & CHANGES.pdf","1"
"9/12/2025 2:22:27 PM","","FIA Homes","FLAT HONED","5","BLACK PEARL HONED","GS","ODK AND BED 2 CLOSET","1701 Brookhaven Drive","JOSHUA REFER TO GABE'S EMAIL FOR NOTES","14262","1","20135","6","","-1","9/11/2025 9:59:02 AM","48.6","5","6","","1"
"9/11/2025 12:16:35 PM","","Michael Dean Carpentry, LLC","WATERFALL","5","MIAMI VENA","SS","KITCHEN AND GUEST BA","813 LAKE DRIVE","please see email i sent-piece 3 of 6 mislabeled. add supports, remove scribe Thanks!","14395","1","20666","6","","-1","9/11/2025 10:01:04 AM","70.4","6","12","","3"
"9/12/2025 4:10:57 PM","","Phil Jackson Studio","FULL BULLNOSE","5","TAJ MAHAL","QZ","FAB ONLY PRESS STATION TOP","Press Station","Move grommet hole to 1 1/4"" from back of piece instead of 2""","14348","2","20658","1","","-1","9/11/2025 11:31:57 AM","5.5","7","6","","1"
"9/12/2025 3:42:12 PM","","Garza, Kitty","FLAT HONED","5","TAJ MAHAL LEATHERED","QZ","KITCHEN","Garza - 1916 Cetona Court","Add hot water faucet hole 8"" to right of main faucet","14382","1","20637","14","","-1","9/11/2025 4:12:11 PM","150.5","7","6","","1"
"9/15/2025 5:01:33 PM","","Vinson Radke Homes","FLAT POLISH","5","BLIZZARD","CS","BATH1 VANITY, BATH 2 VANITY","801 W JOHANNA ST","The 1/4"" of clearance you are showing in Bath 2 is off the drilled hole? Or the faucet trim/escucheon? Do we have a layout with the alternative sink for this bath?","13478","1","20379","6","","-1","9/12/2025 8:11:01 AM","17.3","7","6","","3"
"9/16/2025 8:51:43 AM","","Miars Construction","FLAT HONED","5","TAJ MAHAL HONED","QZ","KITCHEN PERIMETER","5304 Western Hills","please remove sales notes 1 and 3; the bocci outlets/plug are in the CAD office (see note in MW from tracy on 9/4)","13899","1","20516","","","-1","9/12/2025 8:47:21 AM","143","5","6","/tracy.jpg","2"
"9/15/2025 11:08:52 AM","","Vinson Radke Homes","FLAT POLISH","4","COSMOPOLITAN WHITE","CS","PRIMARY SHOWER NICHE W/ 3 SHELVES","801 W Johanna St","The back of the niche is also supposed to be stone","14339","1","20379","8","","-1","9/12/2025 9:11:11 AM","6.7","7","6","","3"
"9/15/2025 2:08:17 PM","","Texas Construction Company","FLAT HONED","5","ABSOLUTE BLACK **TO BE LEATHERED BY ALPHA**","GS","KITCHEN PERIMETER","907 Terrace Mountain Drive","See attachment for outlet locations. Also, pls advise on depth of the CT. Are you assuming the slab will be installed to the framing, drywall, or backsplash? We need to know what the overhang will be. We are looking for a ½” overhang off the cabinetry.","14270","1","20562","2","","-1","9/12/2025 9:40:27 AM","30.2","7","6","/pop up outlet locations.pdf","1"
"9/15/2025 11:31:58 AM","","David Wilkes Builders","FLAT POLISH","6","NANTUCKET","STRATUS QUARTZ","KITCHEN PERIMETER, GATHERING ROOM, BATH 3 VANITY, LAUNDRY","504 CEDAR PARK DR","It seems like maybe we can save some more of slab 333571 by moving pieces 10-14 to either 333569 or 333570. There is a future phase, so we need to have as many large pieces left as possible.","14249","1","20490","14","","-1","9/12/2025 3:05:27 PM","95.8","7","6","","3"
"9/17/2025 10:37:01 AM","","Michael Dean Carpentry, LLC","WATERFALL","5","MIAMI VENA","SS","KITCHEN AND GUEST BA","813 LAKE DRIVE","PLEASE REDUCE OVERHANG AT PENINSULA TO 14"" PER BUILDER. REMOVE SUPPORTS AND NOTES FOR EMBEDDING","14395","1","20666","6","","-1","9/15/2025 8:41:50 AM","70.4","6","6","","1"
"9/17/2025 9:59:55 AM","","Vitek McIver Homes","3","3","MARMORIO","DK","ODK GRILL AREA","2517 HARTFORD RD","Builder wants to change seam location (see attachment)","14346","1","20563","12","","-1","9/15/2025 8:57:33 AM","44.4","7","6","/redline.jpeg","1"
"9/16/2025 4:56:16 PM","","FSB Custom Homes, LLC","2","5","ELEGANT BLUE HONED","QZ","KITCHEN, KITCHEN BATH, SCULLERY, WORKSTATION","3703 MEADOWBANK DR","Kitchen pop ups to be a 14 1/4""  from the sides of the upper cabinets that sit to the side of the window. Please add dimensions to drawing.","13266","1","20186","18","","-1","9/15/2025 10:51:53 AM","241.5","7","6","","1"
"9/17/2025 10:20:33 AM","","Wallin, Ron","WATERFALL","5","WHITE DALLAS","GS","KITCHEN","Wallin-29 Wilderness Trail","will need ss layout due to spot on slab that needs avoided or matched","14360","1","20659","10","","-1","9/15/2025 11:01:54 AM","57.3","6","6","","2"
"9/16/2025 4:45:12 PM","","Shoberg Homes","FLAT","3","CORCHIA POLISHED","STRATUS PORCELAIN","PRIMARY SHOWER SEAT, SHELF","2289 DRIFTWOOD RANCH DR","The area was retemplated on 9/9 for vestibule wall. see new template file from CounterMeasure please update drawings","13604","1","20164","20","","-1","9/15/2025 11:08:08 AM","112.6","5","6","","1"
"9/17/2025 4:36:24 PM","","Wyeth Custom Homes","FLAT HONED","5","NEGRESSCO HONED","GS","OUTDOOR KITCHEN BACKSPLASH","1100 REDBUD TRAIL","Make seams in splash using drawing brought to CAD","14400","1","20494","2","","-1","9/17/2025 8:58:15 AM","10.8","5","15","","1"
"9/23/2025 4:53:29 PM","","Wyeth Custom Homes","MITERED","4","ESSENTIAL GREY HONED","MS","POWDER 2, WINE LOUNGE POWDER","705 COUNTY RD 360","POWDER 2 VESSEL is at AG","13409","1","20350","","CO: THIS NEEDS TO COME OFF HOLD. SEE EMAILS🤚 - HOLD - WAITING ON CUSTOMER TO PROVIDE SALES WITH HOW FAR THEY WANT THE VESSEL RECESSED","-1","9/17/2025 11:10:31 AM","33","5","15","","1"
"9/19/2025 1:57:40 PM","","FIA Homes","FLAT HONED","5","BLACK PEARL HONED","GS","ODK AND BED 2 CLOSET","1701 Brookhaven Drive","cutout grill needs to be 23-1/4” deep.","14262","1","20135","6","spechs show 20-1/2, drafted to spec","-1","9/17/2025 11:22:26 AM","48.6","5","6","","3"
"9/19/2025 11:28:54 AM","","Tatanka Group","FLAT","5","FRESH CONCRETE","CS","KITCHEN/ISLAND/PANTRY/MA BA/GUEST BA 1/GUEST BA 2/POWDER/LAUNDRY","1122 Cherry Springs Rd","The clients want to add backsplashes in guest bath 1","14342","1","20542","28","","-1","9/17/2025 1:04:35 PM","230","6","6","","1"
"9/17/2025 1:51:34 PM","","Phil Jackson Studio","FULL BULLNOSE","5","TAJ MAHAL","QZ","FAB ONLY PRESS STATION TOP","Press Station","Both sides should now be 19 1/2""","14348","2","20658","1","","-1","9/17/2025 1:20:45 PM","5.5","7","6","","1"
"9/19/2025 2:26:27 PM","","Shoberg Homes","MITERED","3","INVISIBLE WHITE LIGHT","ANTOLLINI PORCELAIN","STUDIO KITCHEN","2775 Elder Hill Rd","Product changed to Stratus Porcelain Corchia 1.2cm. Need name change","13806","1","20394","2","","-1","9/17/2025 5:28:04 PM","35.99","5","6","","1"
"9/17/2025 9:46:44 PM","","test martin","FLAT EDGE","5","FRESH CONCRETE HONED","CS","DOUBLE VANITY","test martin","test - changed edge to polish","14452","1","99999","10","","-1","9/17/2025 9:45:00 PM","17.1","15","5","","1"
"9/19/2025 2:33:30 PM","","Texas Construction Company","FLAT POLISH","5","PATAGONIA","QZ","KITCHEN ISLAND, KITCHEN FULL HEIGHT BACKSPLASH","907 Terrace Mountain Drive","Please adjust faucet hole spacing on island (see attachment).","14269","1","20562","8","","-1","9/18/2025 8:21:35 AM","125.6","7","6","/Pages from 25.09.17-Submittal 037 REV3-Countertops-Kitchen-RWM Notes.pdf","2"
"9/22/2025 3:39:41 PM","","Grocki, Michael","FLAT","5","TAJ MAHAL","q","KITCHEN/ISLAND/LAUNDRY","Grocki-3505 Trailhead Drive","please revise ss layout-see email","14371","1","20663","9","","-1","9/19/2025 9:44:58 AM","122.3","6","12","","1"
"10/13/2025 3:28:43 PM","","ENVE BUILDERS","FLAT HONED","5","COPACABANA LEATHERED","GS","PANTRY","4207 WATERS EDGE COVE","Please add air switch hole (location in MW)","14428","1","20567","4","","-1","10/10/2025 1:21:43 PM","74.53","7","15","","3"
"10/13/2025 4:09:49 PM","","Enve Builders","FLAT","3","CALACATTA BORGHINI POLISHED","STRATUS PORCELAIN","BATH 1/BATH 2/BUNK BATH SHOWER NICHE SILLS","4207 Waters Edge Cove","Bunk Bath Niche should be 27 7/8""","14443","1","20567","3","","-1","10/10/2025 1:23:18 PM","3.3","7","15","","3"
"10/14/2025 4:36:54 PM","","Enve Builders","FLAT POLISH","5","IJEN BLUE","QZ","PRIMARY BATH VANITY, PRIMARY CLOSET ISLAND","4207 Waters Edge Cove","Primary Closet Islands should both be 63 1/8""","14445","1","20567","4","","-1","10/10/2025 1:26:41 PM","49","7","6","","1"
"10/13/2025 3:50:48 PM","","ENVE BUILDERS","MITERED","5","MILAN BLACK","QZ","LIVING RM HEARTH, PRIMARY BEDROOM NICHE, PRIMRY BED HEARTH, OUTDOOR HEARTH","4207 WATERS EDGE COVE","Please revise Primary Bedroom Niche per attachment","14434","1","20567","24","","-1","10/10/2025 1:30:29 PM","135.9","7","15","/redlines primary bedroom niche.pdf","3"
"10/16/2025 1:34:15 PM","","ENVE BUILDERS","FLAT HONED","5","COPACABANA LEATHERED","GS","KITCHEN","4207 WATERS EDGE COVE","Please add water dispenser/air switch holes (locations in MW), and modify outlets per attachment","14429","1","20567","12","","-1","10/10/2025 1:32:21 PM","189","7","6","/redlines kitchen.pdf","3"
"10/15/2025 10:04:49 AM","","Vitek McIver Homes","FLAT HONED","5","CALACATTA GOLD (TO BE HONED BY AG)","MS","CALACATTA GOLD TOP","Canyon Ranch Sales Center","PLEASE SEE THIS NOTE THAT WAS IN MW: We want to do a 1"" overhang on the front","14515","1","20689","1","","-1","10/10/2025 1:41:10 PM","4.8","7","6","","3"
"10/15/2025 10:04:59 AM","","Vitek McIver Homes","FLAT HONED","6","FUSION (TO BE HONED BY AG)","QZ","FUSION TOP","CANYON RANCH SALES CTR","PLEASE SEE THIS NOTE THAT WAS IN MW: We want to do a 1"" overhang on the front","14516","1","20689","1","","-1","10/13/2025 7:23:56 AM","4.79","7","6","","3"
"10/15/2025 10:05:29 AM","","Vitek McIver Homes","FLAT HONED","6","TAJ MAHAL","QZ","TAJ MAHAL TOP","CANYON RANCH SALES CTR","PLEASE SEE THIS NOTE THAT WAS IN MW: We want to do a 1"" overhang on the front","14517","1","20689","1","","-1","10/13/2025 7:24:12 AM","4.79","7","6","","3"
"10/15/2025 8:59:22 AM","","Vitek McIver Homes","FLAT HONED","5","TAJ MAHAL LEATHERED","QZ","B2 VANITY, B3 VANITY, CLOSET3 DROP, B4 VANITY, B5 VANITY","345 PECAN GROVE DRIVE","The DXF has a FHBS at Closet 3 Drop Station, but it is not on the drawing. Please add to drawing ASAP.","14108","1","20408","5","","-1","10/13/2025 8:55:07 AM","40.9","7","6","","2"
"11/21/2025 4:05:47 PM","","Jauregui Architect Builders","2","4","ATHOS WHITE","MS","BATH 4 VANITY, WALK IN CLOSET","266 Club Ranch Ct - Athos White - Bath 3/4/5/Pool Bath Vanities/Walls/Ceilings","All side overhangs to be 1/8"" to match front overhangs","13638","1","19950","4","ALL OVERHANGS 1/8""","-1","11/14/2025 7:31:24 AM","29.5","7","6","","1"
"11/21/2025 4:05:51 PM","","Jauregui Architect Builders","2","4","ATHOS WHITE","MS","BATH 5 VANITY, WALK IN CLOSET","266 Club Ranch Ct - Athos White - Bath 3/4/5/Pool Bath Vanities/Walls/Ceilings","All side overhangs to be 1/8"" to match front overhangs","13640","1","19950","","ALL OVERHANGS 1/8""","-1","11/14/2025 7:31:36 AM","19.5","7","6","","1"
"11/17/2025 4:26:08 PM","","Sandy Parent","MITERED TO 4","5","CIELO LEATHERED","QZ","SHOWER BENCH","10005 Chester Lane- Shower Pieces","need to add info on substrate thickness/type","14673","2","20753","1","","-1","11/14/2025 11:00:38 AM","3.9","9","15","/sandy.jpg","3"
"11/18/2025 9:40:46 AM","","Vitek McIver Homes","FLAT","5","TAJ MAHAL","QZ","KITCHEN PERIMETER AND COFFEE BAR","2517 HARTFORD RD","Customer is changing back to the full height backsplash (same as before revision) at the coffee bar. Please update back to original DXF. Additional slab is on the way for slabsmith layout.","14651","7","20563","9","","-1","11/14/2025 11:15:09 AM","112.3","7","6","","1"
"11/18/2025 1:54:46 PM","","Nicole Alberda","STAGGERED STACKED COVE DUPONT OVER BEVEL","5","ETHEREAL","STRATUS QUARTZ","KITCHEN ISLAND","Alberda-1425 Gorham Street","CHANGE SHAPE OF INSETS TO ""STADIUM"" OR OBROUND- SEE ATTACHED","14513","1","20693","8","","-1","11/14/2025 12:20:52 PM","35.2","9","6","/Kitchen Countertop sketch.pdf","1"
"11/18/2025 9:21:44 AM","","FSB Custom Homes, LLC","2","4","HAMPTON WHITE HONED","ms","CABANA, OUTDOOR LIVING, OUTDOOR TERRACE, GARAGE","3703 MEADOWBANK DR","Remove subdecking from Outdoor Terrace ONLY (piece 6 of 13). Builder will modify cabinet drawers/doors so mitered edge does not interfere. He cannot move the outlet on the column to accommodate the subdecking.","14420","1","20186","","","-1","11/14/2025 1:10:36 PM","136.99","7","6","","1"
"11/19/2025 1:27:36 PM","","Rauser Construction","SMALL OGEE","5","DARK EMPERADOR HONED","MS","HIS CLOSET, HIS VANITY","1706 Windsor Road","sink changing to K2882.  Make faucet spread 10"" and show dimension on drawing.","14536","1","20691",""," 🤚- hold - no template uplaoded note from chris: please make sure drawing is updated from GABE'S file from 11-13 template","-1","11/14/2025 1:18:25 PM","46.5","5","6","","1"
"11/19/2025 9:16:39 AM","","Rauser Construction","MITERED","4","SAINT-TROPEZ (HONED BY ALPHA)","MS","HER SHOWER SEAT, NICHE SURR, DOOR JAMBS","1706 Windsor Road","Update per template file from 11/13. Shares layout with Fab ID 14605","14535","1","20691","16","","-1","11/14/2025 1:22:03 PM","12.2","5","6","","1"
"11/18/2025 9:41:28 AM","","","","","","","","","Cooktop model","14637","1","20739","7","See Katy for other revision needed (add bevel at window)","-1","11/17/2025 8:13:41 AM","83.5","","12","","1"
"11/17/2025 3:02:42 PM","","Muncie Construction","FLAT","5","NEGRESCO HONED-STOCK","GS","CASITA 1 KITCHENETTE","1598 Hwy 39","scoot pieces over to avoid the yellow tape","14661","1","20749","4","","-1","11/17/2025 8:49:52 AM","43.9","6","6","/revision request CASITA 1 KITCHENETTE #1 (MRK)_slabs.pdf","3"
"11/18/2025 2:11:34 PM","","Grocki, Michael","FLAT","5","TAJ MAHAL","QUARTZITE","PHASE 2: FULL HEIGHT BACKSPLASH","Grocki-3505 Trailhead Drive","SENDING THIS BACK so it's back in the loop for allocated material -see email","14372","1","20663","6","","-1","11/17/2025 5:00:42 PM","47.3","6","12","","2"
"11/21/2025 9:36:16 AM","","Pankonien Group, The","FLAT HONED","5","BIANCO CARRARA HONED","MS","PRIMARY TUB DECK","8800 Mendocino Drive","There should be no joints on the tub deck. Also please update layout.","14639","1","20734","","","-1","11/17/2025 5:20:30 PM","49.49","5","6","","3"
"11/18/2025 11:43:22 AM","","Miars Construction","FLAT HONED","4","MIDDAY"," CS","CABANA GRILL","5304 Western Hills","There is supposed to be a strip of stone behind the grill instead of one big piece with a cutout. Then there will be no seam at the sink.","14683","8","20516","4","","-1","11/17/2025 5:32:22 PM","28.5","5","6","","3"
"11/20/2025 2:01:21 PM","","Daskalantonakis, Michael","FLAT POLISH","5","BRILLIANZA","cs","KITCHEN","Daskalantonakis - 6504 Clay Allison Pass","Add bevel to piece 2 of 7 on the 59 1/8"" side - see attachment.","14637","1","20739","7","","-1","11/18/2025 10:30:03 AM","83.5","7","6","/STELLA KITCHEN.dwg","1"
"11/18/2025 3:23:37 PM","","Rauser Construction","MITERED","4","CALACATTA LINCOLN (HONED BY ALPHA)","MS","PRIMTUB,BENCH,VT,CLOSET,JAMBSet GT BTH 1/2 WALL","3805 Balcones Drive","Revisions per phone call with Gabe 11/18","14214","1","20455","15","","-1","11/18/2025 3:04:45 PM","71.6","5","6","","1"
"1/14/2026 3:46:25 PM","","Burnette Builders","miter","5","BLACK XAVIER *TO BE LEATHERED BY AG*","QZ","POWDER ROOM VANITY, CABINET TOP AND BSP","1665 Brushy Ridge Trail","add two rows of 5/8"" x 5/8"" reglets along front and sides- add notes per Denis","14243","1","20001","7","OFF HOLDHOLD -design clarification request sent to sales - 10% done","-1","1/6/2026 11:17:20 AM","24.5","9","6","/POWDER ROUGH DETAIL.pdf","1"
"1/9/2026 11:11:55 AM","","Rauser Construction","FLAT HONED","5","TAHITI LEATHERED","QZ","KITCHEN PERIM","3805 Balcones Drive","See Kaley's document for changes","14215","1","20455","14","","-1","1/6/2026 3:23:49 PM","195.2","5","6","/Customer NOTES 20455 - KITCHEN PERIM & ISLAND, SINK WALL FHBSP & VENT WRAP, HALL & PANTRY - REV 1.pdf","1"
"1/8/2026 2:43:08 PM","","RenderATX","BUTT-JOINTED","5","AQUA EXOTICA","QZ","FAB ONLY ELECTRICAL BOX","1112 W 9th St","PLease see attachment with questions from the builder","14864","2","20750","","replied to questions in email","-1","1/7/2026 8:51:51 AM","8.5","7","6","/questions from builder.pdf","1"
"1/8/2026 2:53:48 PM","","BuildCo","FLAT","5","CALACATTA ELEGANCE","STRATUS QUARTZ","BATHROOM VANITY","4009 North Hills Drive","soap dispenser to the right of the faucet 7  inches","14889","1","20793","5","","-1","1/7/2026 2:17:43 PM","23.6","5","6","","1"
"1/8/2026 3:28:05 PM","","R Builders","DEMI BULLNOSE","5","BIRCHWOOD","METROQUARTZ","PET CARE ROOM","9121 CAMELBACK","revise edge to regular Ogee everywhere","14688","7","19968","","","-1","1/8/2026 12:18:32 PM","38.72","9","6","","1"
"1/8/2026 3:15:42 PM","","R Builders","1/4","5","MYKONOS","QZ","TENNIS COURT COUNTER","9121 Camelback Dr","change edge to regular ogee edge","13157","7","19968","1","","-1","1/8/2026 12:21:01 PM","25.5","9","6","","1"
"1/9/2026 11:11:47 AM","","Vitek McIver Homes","FLAT","5","TAJ MAHAL","QZ","KITCHEN PERIMETER, KITCHEN ISLAND, COFFEE BAR","2517 HARTFORD RD","The cutouts on the island are supposed to be 18"" to the center, not the end of the outlets. Please also add the 18"" bsp back to the coffee bar (up to upper cabs), and add an install note that the bottoms of the WF panels will need to be scribed on site.","14651","7","20563","11","🤚 HOLD - NEED INFO ON OUTLETS 505 DONE","-1","1/8/2026 12:57:39 PM","131.1","7","6","","1"
"1/27/2026 12:37:41 PM","","Miars Construction","FLAT HONED","5","SWAN LEATHERED","QZ","KIT ISLAND, PERIM/FHBSP @RANGE WALL, HALL  BAR/FHBSP, MASTER CLOS","1605 Cliffside Drive","vein flow at backsplash unacceptable. try using 2 slabs that have the same vein flow direction. no bookmatch","14927","1","20664","14","","-1","1/27/2026 11:55:48 AM","149.3","5","15","","3"
"1/27/2026 2:34:57 PM","","BuildCo","FLAT","5","AURORA","OPAL QUARTZ","KITCHEN","4009 North Hills Drive","correct sink setback","14890","1","20793","","","-1","1/27/2026 12:40:49 PM","106.5","5","15","","3"
"1/28/2026 1:57:53 PM","","Elle J Designs","FLAT","4","LUCE ORO","PENTAL QUARTZ","TUB WINDOW LEDGE, SHOWER NICHE, AND WALL CAP","9508 Lynnhaven Street","There is only one wall cap shown in the template files. An additional piece was created in error. Piece 5 of 5 should be removed.","14879","1","20815","5","","-1","1/28/2026 1:41:12 PM","6","15","15","","3"
"1/29/2026 3:20:05 PM","","Elle J Designs","COVE DUPONT","5","LUCE ORO","PENTAL QUARTZ","PRIMARY BATH VANITIES","9508 Lynnhaven Street","please change edge to Cove Dupont","14878","1","20815","4","","-1","1/28/2026 3:46:12 PM","21.53","15","15","","1"
"1/29/2026 4:25:23 PM","","Beckworth Design Build","FLAT HONED","4","CALACATTA BORGHINI HONED","MS","BATH 4 TUB/FRONT/LEFT/RIGHT, VANITY WALL, SIDE VANITY WALL, CLOSET ENTRY WALL","6 Sundown Parkway","Revise per 1/27 retemplate","14300","1","20633","","","-1","1/29/2026 8:48:35 AM","107.85","7","15","","1"
"2/2/2026 8:51:16 AM","","Kane Toler","FLAT HONED","5","BLANC CEMENTO MATTE","STRATUS QUARTZ","PRIMARY DOOR JAMBS, PRIMARY SHOWER NICHE AND SEAT","Toler-4636 Marlo Drive","please mill pcs 1,2,3, and 5 to 2cm- pc 4 will stay 3cm","14904","2","20765","5","","-1","1/29/2026 8:58:55 AM","12.2","9","6","","1"
"2/2/2026 8:41:04 AM","","Kane Toler","FLAT","5","MOTION GREY","SS","OFFICE WINDOW SURROUND, SHOWER NICHE SURROUND, OFFICE DOOR JAMB","TOLER - 4636 MARLO DRIVE","please mill all pcs to 2cm","14744","2","20765","","","-1","1/29/2026 9:00:07 AM","15","9","6","","1"
"2/2/2026 10:55:05 AM","","Elle J Designs","FLAT","4","LUCE ORO","PENTAL QUARTZ","TUB WINDOW LEDGE, SHOWER NICHE, AND WALL CAP","9508 Lynnhaven Street","please change wall cap (pc 4 of 4) to 28.5""","14879","1","20815","5","","-1","1/30/2026 9:28:47 AM","6","15","6","","1"
"2/17/2026 1:27:45 PM","","Lake Group Builders","flat leathered","5","TAJ MAHAL LEATHERED","QZ","MULTI-LEVEL BAR SPLASH","105 Riley Road","change bar sink to BAR SINK BLANCO PRECIS MEDIUM BOWL SOFT WHITE 527404 REC 11/26 BIN B-1 - update outlet cutouts in splash- they are standard cutouts oriented horizontally. client wants to see if the veining can be like the attached.","14835","1","20771","","🤚 - HOLD 2/2 - BOXES NOT INSTALLED FOR OUTLETS, WILL NEED RETEMPLATE - WALL MOUNT FAUCET Q TO SALES.","-1","1/30/2026 10:24:47 AM","67.2","9","6","/veining for riley bar.jpg","1"
"2/2/2026 9:50:07 AM","","Kane Toler","FLAT HONED","5","REGAL SOAPSTONE MATTE","STRATUS QUARTZ","KITCHEN PERIMETER, KITCHEN ISLAND","Toler-4636 Marlo Drive","please remove scribing along pcs 4 and 5 - client will have tile on top of countertop on that wall.","14743","1","20765","7","","-1","1/30/2026 2:08:23 PM","76.7","9","6","","1"
"2/2/2026 11:04:01 AM","","Rachel Mast Design","FLAT HONED","4","CAVALLION HONED","TRAVERTINE","VANITY","Petter Powder Room","Change overhang to 1/4""","14964","1","20825","1","","-1","2/2/2026 10:54:27 AM","4.9","5","6","","1"
"2/18/2026 12:14:39 PM","","FSB Custom Homes, LLC","FLAT HONED","5","MYKONOS (TO BE HONED BY ALPHA)","QZ","KITCHEN PERIMETER W/ FHBS, PANTRY","258 West Ranch Road","Builder adding for the internal of the vent shroud and adjusted the shroud in a little on the left side. See attachment.","14679","1","20482","18","RETEMPLATE SCHEDULED FOR 2/17 🤚 - HOLD - NOT SURE IF WE SHOULD USE CUSTOMER DIMS OR RETEMPLATE","-1","2/2/2026 2:20:59 PM","174.9","7","6","/WEST RANCH KITCHEN BACKSPLSH.pdf","1"
"2/5/2026 9:33:33 AM","","Hall, Renee","FLAT POLISH","2","AWAKE","DK","KITCHEN BACKSPLASH - SINK WALL","Hall-247 Mesa Dr (2026)","Layout was not done per Joshua's instructions (see email from Katy on 1/27). Slabsmith to existing kitchen (job 20488.","14919","1","20822","3","","-1","2/4/2026 1:18:20 PM","8","7","6","","3"
"2/5/2026 10:06:06 AM","","Miars Construction","FLAT","5","LINEN CREAM","SS","LAUNDRY","1605 Cliffside Drive","see architect change in attached file.","14988","7","20664","2","","-1","2/5/2026 9:24:47 AM","22.9","5","6","/REVISION 20664 - LAUNDRY-BLOCK APA.pdf","1"
"2/11/2026 2:13:03 PM","","Texas Construction Company","1 1/2","3","BASALT LEATHERED","STRATUS PORCELAIN","GYM, GYM BATH","907 Terrace Mountain Drive","Increase Gym Bath vanity backsplash to 5"". Keep Gym backsplash at 4:.","14918","1","20562","4","","-1","2/9/2026 7:38:43 AM","25","7","15","","3"
"2/10/2026 4:52:22 PM","","","","","","","","","Change to new job","13641","1","19950","1","","-1","2/9/2026 10:08:03 AM","6.2","","6","","1"
"2/10/2026 4:52:15 PM","","","","","","","","","Change to new job","13640","1","19950","","","-1","2/9/2026 10:08:30 AM","19.5","","6","","1"
"3/31/2026 3:58:42 PM","","","","","","","","","New sink model","13052","1","19948","17","NEW SINK INFOR: https://www.fergusonhome.com/blanco-442763/s1604896?uid=3829701#overview","-1","3/31/2026 10:37:04 AM","162.7","","15","","1"
"4/7/2026 9:47:05 AM","","Jauregui Architect Builders","","","","","JP","266 Club Ranch Ct - Athos White - Master Bath Vanities/Walls/Ceilings","Use 330442 for the layout","14598","1","19949","2","","-1","4/1/2026 7:06:16 AM","15.4","","15","","2"
"4/2/2026 4:16:50 PM","","Jauregui Architect Builders","2","5","TAJ MAHAL","QZ","KITCHEN PERIMETER, SPLASH, ISLAND","266 Club Ranch Ct - Taj Mahal - Kitchen, Pantry","See attachment for questions/requests from customer. They like the option without the seam at the sink.","14869","7","19947","","","-1","4/1/2026 7:17:23 AM","316.66","7","15","/kitchen markups-questions.pdf","1"
"4/7/2026 11:23:44 AM","","Beckworth Design Build","2 1/2","4","CALACATTA VAGLI ORO HONED","MS","PRIMARY VANITIES, PANTRY","6 Sundown Parkway","Pantry is supposed to have 2 1/2"" mitered edge","14546","1","20633","","","-1","4/1/2026 3:36:07 PM","106","7","15","","4"
"4/2/2026 11:21:23 AM","","RD Horton Construction","FLAT","5","GEMSTONE BEIGE","DELLA TERRA QUARTZ","KITCHEN W/ PENINSULA","297 Cave Springs Dr W","PLEASE REMOVE THE SCRIBE ON PC 3 OF 5- THANKS!","15197","1","20916","5","","-1","4/2/2026 11:10:54 AM","59","6","12","","2"
"4/2/2026 11:50:53 AM","","RD Horton Construction","FLAT","5","AURORA","OPAL QUARTZ","GUEST BATH,WET BAR,PASS THRU","297 Cave Springs Dr W","please remove faucet holes on guest bath- conflict with faucet specs and safer to cut on site at install than risk a redo. Please note to drill on site at install.","15196","1","20916","6","","-1","4/2/2026 11:28:24 AM","17.5","6","12","","2"
"4/7/2026 12:32:13 PM","","Jauregui Architect Builders","2","5","TAJ MAHAL","QZ","UTILITY","266 Club Ranch Ct - Taj Mahal - Utility","Move the sink so there is a 4"" setback (as long as that doesn't require adding the metal support back in)","13052","1","19948","17","","-1","4/3/2026 7:13:40 AM","162.7","7","15","","1"
"4/7/2026 2:51:00 PM","","","","","","","","","Please change to new faucet model","15088","1","20585","4","","-1","4/3/2026 3:31:03 PM","14.8","","15","","1"
"4/10/2026 2:38:54 PM","","Stewart and Company","","","","","BATH 1 (BOY","2700 Island Ledge Cv","Small ogee should be on the backsplash, but flat edge on the side splashes","15095","1","20585","6","🤚 HOLD - CLARIFICATION REQUESTED","-1","4/3/2026 3:37:33 PM","24.1","","15","","1"
"4/6/2026 11:20:50 AM","","Wickham, Matt","FLAT","5","PURE DOLOMITIC WHITE","MS","MASTER VANITY  AND HALF WALL , BATH 2 VANITY","Wickham-8910 Spicebrush Drive","Make splashes in Master 4"". mirror being removed","15170","1","20913","","","-1","4/6/2026 10:49:27 AM","28.91","5","6","","1"
"3/15/2025 3:56:07 PM","","Gray Construction Company","FLAT","5","TAJ MAHAL","QUARTZITE","KITCHEN,MA BA, BA 2","706 OAK VALLEY","block 2 of 2 missing in s drive-need block 2 of 2 with edited highlighted areas removed from block","13443","1","20366","12","","-1","2/6/2025 4:28:52 PM","73.2","6","6","","3"
"3/15/2025 3:56:07 PM","","FSB Custom Homes, LLC","FLAT HONED","4","COTE D AZUR (TO BE HONED BY ALPHA)","MS","PRIMARY SHOWER WALLS/NICHES/CURBS","3703 MEADOWBANK DR","Check to see if revision is needed after 1/24 template verification","13274","1","20186","29","","-1","2/7/2025 10:00:02 AM","138.4","7","6","","1"
"3/15/2025 3:56:07 PM","","Ignite Outdoor Kitchens","FLAT HONED","4","DANAE","DEKTON","OUTDOOR KITCHEN","208 MARAVILLA BLUFF LANE","This material does have directional flow.  Please place 2 in between 2","13459","1","20349","4","","-1","2/7/2025 1:28:00 PM","32.7","5","6","","3"
"3/15/2025 3:56:07 PM","","VICK HOMES","FLAT POLISH","5","CRYSTAL ACQUA","QZ","PRIMARY BATH VANITY/MIRROR FRAME, TUB BACKSPLASH","3102 Fleece Flower Cv","Please add scallop detail to vanity side splash pieces (see attached inspiration photo)","12911","1","20198","9","","-1","2/10/2025 8:39:39 AM","51.2","7","15","/side splash inspo.jpg","1"
"3/15/2025 3:56:07 PM","","VICK HOMES","FLAT POLISH","5","CRYSTAL ACQUA","QZ","PRIMARY BATH VANITY/MIRROR FRAME, TUB BACKSPLASH","3102 Fleece Flower Cv","Please add scallops to piece 6 of 9, and side splash on right with scallop detail.","12911","1","20198","9","","-1","2/10/2025 11:17:43 AM","51.2","7","15","","1"
"3/15/2025 3:56:07 PM","","David Wilkes Builders","2","5","SARATOGA LEATHERED","QZ","KITCHEN ISLAND","210 Lavaca St. Apt. 2310","Please put the cooktop cutout on the DXF","13414","1","20344","1","","-1","2/11/2025 7:28:15 AM","27.8","7","6","","3"
"3/15/2025 3:56:07 PM","","R Builders","FLAT HONED","5","SANDALUS LEATHERED","QZ","PRIMARY SHOWER","3111 SOUTH PACE BEND","nathan wants to check to see if there is enough material left for two 4"" x 69"" jambs - see attached. if so, please wait to add to the shop drawing until the client signs off on variance.","13233","1","19758","32","","-1","2/11/2025 10:11:00 AM","138.4","9","6","/Screenshot_20250207_115927_Drive.jpg","1"
"3/15/2025 3:56:07 PM","","VICK HOMES","FLAT POLISH","5","CRYSTAL ACQUA","QZ","PRIMARY BATH VANITY/MIRROR FRAME, TUB BACKSPLASH","3102 Fleece Flower Cv","Please add scallop detail in the middle of piece 3 like on the inspiration photo (attached).","12911","1","20198","9","","-1","2/11/2025 3:33:11 PM","51.2","7","6","/side splash inspo_1.jpg","3"
"3/15/2025 3:56:07 PM","","RenderATX","SMALL OGEE","5","TYROL","VICOSTONE","KITCHEN ISLAND","1900 East Side Drive","Please add dimension highlighted in green on attached drawing (from edge of island to center of pop up outlet)","13422","1","20275","1","","-1","2/13/2025 7:06:34 AM","31.4","7","6","/island.png","5"
"3/15/2025 3:56:07 PM","","Jauregui Architect Builders","2","5","LAVEZZI LEATHERED","QZ","HALL 2 BREAKFAST BAR","266 Club Ranch Ct - Lavezzi - Powder 2, Office, Media Bar, Hall 2 Breakfast Bar","Please use 332647 for the layout, along with either 324524 or 324525 (depending on which direction the veins need to run).","13468","1","19957","2","","-1","2/13/2025 7:35:28 AM","9.7","7","6","","5"
"3/15/2025 3:56:07 PM","","RenderATX","HALF BULNOSE HONED","5","ABSOLUTE BLACK HONED","GS","KITCHEN PERIMETER, PANTRY, DINING, MUDROOM","1900 EAST SIDE DRIVE","Please put the dimensions between the hole cutouts at the kitchen sink","13429","1","20275","9","","-1","2/13/2025 12:38:38 PM","86.4","7","","","3"
"3/15/2025 3:56:07 PM","","ODONNEL JULIA","FLAT POLISH","5","MIAMI WHITE","SS","KITCHEN","ODONNEL 6002 OPEN RANGE TRAIL","Remove window sill piece and corresponding notes","13472","7","20372","","","-1","2/13/2025 1:18:00 PM","34.5","5","15","","3"
"3/15/2025 3:56:07 PM","","Hilderbran, Tracy","FLAT","5","PURE WHITE","CS","WET BAR BACKSPLASH, KITCHEN PERIMETER BACKSPLASH","226 Canyon Creek (2024)","MISSING LAYOUT- CHECKED S DRIVE FOLDER- NO LAYOUT FOR KITCHEN/WET BAR BSP-MATERIAL SHARED WITH PHASE 1","13402","1","20271","3","","-1","2/14/2025 3:42:38 PM","4.6","6","15","","3"
"3/15/2025 3:56:07 PM","","Ignite Outdoor Kitchens","FLAT HONED","4","DANAE","DEKTON","OUTDOOR KITCHEN","208 MARAVILLA BLUFF LANE","Please make changes per the loom video Luke shared","13459","1","20349","4","","-1","2/14/2025 3:48:30 PM","32.7","5","6","","1"
"3/15/2025 3:56:07 PM","","Rauser Construction","FLAT","5","OPAL WHITE (Honed or Polish)","MS","PRIMARY BATH","400 Barranca Circle","Add Qty 3 8""x5"" shower shelves per Tracy's discussion with Josh","12956","1","20245","9","","-1","2/14/2025 4:03:16 PM","64.8","5","6","","4"
"5/4/2026 11:30:12 AM","","Muncie Construction","WATERFALL","5","ASTORIA","GS","UTILITY/KITCHEN","1598 Hwy 39 - Casita 2 (2026)","Please change edge profile to waterfall per designer-can we see what can be done to getter a better flow of the vein match at the seam?I know the challengesjust curious if we can tilt that piece on the second slab someway.","15308","1","20947","5","","-1","4/30/2026 9:34:18 AM","63.6","6","12","","1"
"5/4/2026 11:30:34 AM","","Muncie Construction","WATERFALL","5","BIANCO RHINO","MS","GUEST BA/MASTER BA","1598 Hwy 39 - Casita 2 (2026)","PLEASE REVISE DRAWINGS TO REFLECT A WATERFALL EDGE PROFILE PER DESIGNER","15303","1","20947","8","","-1","4/30/2026 9:49:53 AM","33.7","6","12","","1"
"5/4/2026 11:28:05 AM","","Muncie Construction","WATERFALL EDGE PROFILE, SEE BACKSPLASH DETAILS","5","BIANCO RHINO","MS","POWDER BATH","1598 Hwy 39 - Casita 2 (2026)","PLEASE REVISE DRAWINGS TO REFLECT A WATERFALL EDGE PROFILE PER DESIGNER","15304","1","20947","2","","-1","4/30/2026 9:50:16 AM","6.6","6","12","","1"
"5/4/2026 1:13:07 PM","","Jeng, David","FLAT POLISH","5","BLACK GALAXY","GS","ENTERTAINMENT CENTER TOP","Jeng-10009 Dark Star Terrace","Change the layout (see attached) to leave us with a better remnant","15296","8","20948","1","","-1","4/30/2026 5:39:55 PM","11.5","7","6","/layout.png","3"
"5/4/2026 2:33:44 PM","","Stewart and Company","FLAT HONED","5","TAJ MAHAL LEATHERED","QZ","KITCHEN PERIMETER COUNTERTOPS AND ISLAND","1803 Lakeshore Dr (2026)","Please add a shop note to leather the backsides of the waterfall panels","15255","1","20616","9","","-1","5/1/2026 9:36:24 AM","93.6","7","6","","3"
"5/7/2026 4:55:33 PM","","Blue Horse Building","FLAT","4","Cremo Delicato Honed","MS","PRIMARY MIRROR TRIM, LEDGE, SHOWER DOOR JAMBS AND TRIM","1260 Mesa Ranch Road","See template verification file and notes from Rand April 30","15103","1","20683","15","","-1","5/1/2026 2:32:03 PM","32.6","5","15","","4"
"5/6/2026 9:57:48 AM","","Meridian Custom Homes","FLAT HONED","5","SARATOGA HONED","QZ","KITCHEN PERIM, ISLAND, PANTRY, POWDER","6001 Cary Drive","Revise and answer questions per attached file.","14931","1","20837","10","","-1","5/1/2026 3:08:48 PM","147.2","5","12","/Builder questions & revisions.png","1"
"5/26/2026 9:06:22 AM","","Coats Homes","SEE SPECIAL NOTES","5","SEE SPECIAL NOTES","SEE SPECIAL NOTES","PRELIMINARY DRAWINGS","13009 Flowering Senna Bend","The layout views need to show how the veins will flow between the pieces, not just rectangles that aren't connected to each other. Also curious if there are prelim drawings with piece numbers so they can correlate which piece is which on the layouts.","15389","2","20859","","","-1","5/21/2026 3:16:36 PM","371","7","15","","3"
"5/21/2026 4:46:03 PM","","Jauregui Architect Builders","2","5","TAJ MAHAL","QZ","KITCHEN PERIMETER, SPLASH, ISLAND","266 Club Ranch Ct - Taj Mahal - Kitchen, Pantry","Remove seam at kitchen sink","14869","7","19947","","","-1","5/21/2026 3:28:59 PM","316.66","7","6","","1"
"5/22/2026 3:01:04 PM","","Blue Horse Building","","","","","AG REDO: RE-CUT ESTEE","1260 Mesa Ranch Road","also add shower niche 24 1/8 x 4 9/15 one edge finished and bottom honed as well","15401","3","20683","","","-1","5/21/2026 4:09:32 PM","1","","15","","2"
"6/11/2026 3:09:09 PM","","Beckworth Design Build","SMALL OGEE HONED","4","CALACATTA MONET HONED","MS","BATH 2 VANITY","6 Sundown Parkway","Add bullnose trim at bottom of vanity and on backsplash per attachment. Modify dimensions on backsplash per redlines on attachment.","14297","7","20633","23","WAITING FOR EDGE APPROVAL🤚 -","-1","5/22/2026 6:55:16 AM","40","7","6","/SD Bath 2 Vanity REVISED 5.21.26.pdf","1"
"5/22/2026 8:57:59 AM","","Stehling Construction","FLAT","5","RAINIER GOLD","STRATUS QUARTZ","MAIN HOUSE BA 1,BA2,BA3,BA4,POOL HOUSE BA","370 Twin Springs Rd N","This needs backpslash- I only requested to remove the backsplash at the MAIN HOUSE and POOL HOUSE KITCHENS.","15321","1","20957","16","","-1","5/22/2026 8:33:38 AM","54.5","6","6","","3"
"5/26/2026 9:44:17 AM","","Oak and Stone Residential","FLAT HONED","5","BIANCO CARRARA HONED","MS","KITCHEN SHELF","42 Laurel Hill St.","(This was on the fab form) Please add shop note: hone underside of shelf.","15395","2","20924","1","","-1","5/26/2026 7:09:05 AM","1","7","15","","3"
"5/28/2026 8:14:42 AM","","Oak and Stone Residential","FLAT HONED","5","NEGRESCO HONED","GS","PRIMARY BATH VANITY","42 Laurel Hill St.","Color is changing to Negresco Honed","15239","8","20924","2","","-1","5/26/2026 11:52:35 AM","10.5","7","6","","1"
"5/26/2026 1:06:12 PM","","Stewart and Company","","","","","BATH 3 (PIPPA LOU","2700 ISLAND LEDGE CV","Change edge from small ogee to mitered drop down to floor. See attachment for other dimension changes.","15386","1","20585","2","revision no longer needed","-1","5/26/2026 12:32:47 PM","23.5","","6","/20585 - BATH 3 (PIPPA LOU'S BATH) TUB DECK - REDLINES.pdf","1"
"6/3/2026 3:30:31 PM","","Townline Development","N/A","6","STEEL","STEEL","METAL WORK FOR KITCHEN BACKSPLASH SHELF","3813 Avenue H","please see notes from Denis (he dropped off a physical copy)","14459","2","20305","2","","-1","5/26/2026 3:06:42 PM","1","9","6","","1"
"5/27/2026 5:14:54 PM","","Stewart and Company","FLAT HONED","5","RHINO WHITE HONED","MS","KITCHEN COUNTERTOPS, FHBS, CEILING.","2700 Island Ledge Cv","Remove pot filler hole from drawing and add install note for the hole to be drilled on site","15093","1","20585","12","","-1","5/27/2026 8:31:01 AM","135.5","7","6","","1"
"6/2/2026 2:16:46 PM","","J9 Homes","FLAT","5","TAJ MAHAL ** AG TO HONE **","QZ","LAUNDRY, LODGE SNACK BAR","4205 Bennedict Lane","separate shop drawing- Laundry changed to 3cm Bianco Carrara Polished; update joint location at Lodge Snack Bar to the attached (please place as close to stacker as possible but still fit on slab)","15278","1","20943","4","","-1","5/27/2026 1:31:34 PM","46","9","6","/123.jpg","1"
"6/3/2026 3:01:36 PM","","Texas Construction Company","","","","","GINA","907 Terrace Mountain Drive","Remove scribing. Customer is having walls straightened up.","15144","1","20562","2","","-1","5/28/2026 8:19:15 AM","32","","15","","1"
"6/3/2026 2:33:35 PM","","Texas Construction Company","","","","","KEITH","907 Terrace Mountain Drive","Remove scribing. Customer is having walls straightened up.","14267","1","20562","1","","-1","5/28/2026 8:20:08 AM","11.6","","15","","1"
"6/3/2026 3:17:41 PM","","Texas Construction Company","3cm mitered","3","BASALT LEATHERED","STRATUS PORCELAIN","OUTDOOR KITCHEN","907 Terrace Mountain Drive","Remove scribing. Customer is having walls straightened up.","15374","1","20562","3","","-1","5/28/2026 8:21:23 AM","18.9","7","15","","1"
"6/3/2026 4:08:13 PM","","Stewart and Company","SMALL OGEE POLISHED","5","SILVER STALLION","DELLA TERRA QUARTZ","LAUNDRY","2700 Island Ledge Cv","Remove radius corners on sink cutout","15116","1","20585","","","-1","5/28/2026 11:11:11 AM","29","7","15","","1"
"8/11/2026 2:59:13 PM","","Shuken, Tami","CUSTOM","4","CORCHIA EXTRA -HAND SELECT - HONED BY AG","MARBLE","PRIMARY VANITIES","Shuken-6721 Middle Creek Rd (Primary Vanities 2026)","ORIGINALLY REQUESTED 8/4. THEN GABE REQUESTED 8/5 Hey Erick- Gabe said he aske dyou to send me a drawing fro the Shuken Job with thew modified cabinet. I haven't seen anything from you...dd you forget?","15376","1","20986","18","","-1","8/11/2026 2:01:30 PM","42.6","6","15","","2"
"8/14/2026 4:28:28 PM","","Shoberg Homes","FLAT HONED","5","TAJ MAHAL HONED","QZ"," BATH 2, BATH 3","500 Vale Street","Changes sink setbacks to 3 5/8","15683","7","21009","6","","-1","8/13/2026 3:52:13 PM","17","5","6","","1"
"8/14/2026 4:28:35 PM","","Shoberg Homes","FLAT HONED","5","TAJ MAHAL LEATHERED","QZ","BATH 1","500 Vale Street","Change sink setback to 3 5/8""","15708","1","21009","3","","-1","8/13/2026 3:52:45 PM","6.4","5","6","","1"
"8/14/2026 4:10:30 PM","","Pinnacle Modern","2 1/2","3","AZUL CASCADE","STRATUS PORCELAIN","POWDER VANITY 1","1306 Rockcliff Road","Please reduce the backsplash from 12"" to 6""","15617","1","21027","2","","-1","8/14/2026 9:25:18 AM","16.5","15","6","","1"
"8/14/2026 10:41:01 AM","","RisherMartin","MITER","5","MONT BLANC HONED","QZ","CASITA PERIM","5010 Amarra Drive","take off scribing at peninsula","15522","1","20592","16","","-1","8/14/2026 9:38:46 AM","147.5","5","6","","1"
"8/18/2026 4:39:17 PM","","DiSimone, Tony","DOUBLE QUARTER ROUND","5","TAJ MAHAL LEATHERED","QZ","BACK KIT COUNTER ONLY AND PANTRY","DiSimone -24422 W Hwy 71","remove all splashes from drawing and layout as the design is changing so we will have to retemplate and will be doing only the counters on this fab  form","15729","1","20784","5","🤚 HOLD - CLARIFICATION REQUESTED","-1","8/14/2026 4:15:31 PM","42","5","6","","1"
"8/17/2026 11:04:18 AM","","Jauregui Architect Builders","FLAT","2","DOMOOS","DK","BATH 4 FLOOR TRANSITION","266 Club Ranch Ct - Dekton Domoos - Floor Transitions","***NEED ASAP*** This should share a layout with (JP) PRIMARY BEDROOM THRESHOLDS on 335608.","15169","1","20247","8","","-1","8/17/2026 8:35:12 AM","6.1","7","6","","2"
"8/17/2026 11:04:28 AM","","Jauregui Architect Builders","FLAT","2","DOMOOS","dk","(JP) PRIMARY BEDROOM THRESHOLDS","266 Club Ranch Ct - Dekton Domoos - Floor Transitions","***NEED ASAP*** This should share a layout with BATH 4 FLOOR TRANSITION on 335608.","15661","1","20247","6","","-1","8/17/2026 8:35:31 AM","4.5","7","6","","2"
"8/20/2026 9:59:26 AM","","Hoffman, Michael","HALF BULLNOSE","5","STEEL GREY ICE FINISH","GS","GUEST HOUSE-PRIMARY BATH VANITY/WALL SHELF/THRESHOLD","9656 SD 520000","PLEASE SEE ATTACHED REV REQ BY H/O. ADD WINDOW SILL AS WELL.","15725","2","20230","7","","-1","8/17/2026 9:37:24 AM","17","6","6","/REV REQ BY H-O-FAB ONLY JOB 20230 GUEST HOUSE.pdf","1"
"8/20/2026 2:13:25 PM","","Warriner Construction, LLC","FLAT","5","MIAMI WHITE","SS","KITCHEN PERIMETER, ISLAND, PANTRY, COAT CLOSET, FITNESS/CABANA BATH","1415 W. 10th St. (2025)","Add pop up locations per attachment","15047","1","20638","22","","-1","8/17/2026 10:58:45 AM","212","5","6","/Alpha shops - kitchen.pdf","1"
"8/20/2026 9:45:21 AM","","MUNN RENOVATIONS","FLAT POLISH","5","ETERNAL STATUARIO","SS","COUNTERTOPS","6407 CARY DR","Pieces 1 and 2 are supposed to be milled down to 1/2""","15750","1","21080","4","","-1","8/20/2026 9:39:18 AM","22.5","7","12","","3"
"8/24/2026 7:35:12 AM","","Carlson, Brian","Flat","5","Saratoga Leathered","QZ","Vanity","Carlson 2109 Bewick Circle","Please remove the scribe. The tile will cover the gaps.","15760","1","20932","1","","-1","8/20/2026 12:33:56 PM","10.1","15","12","","1"
"8/26/2026 9:51:44 AM","","Camelot Custom Homes","MITER","5","hermitage","CAMBRIA","KITCHEN ISLAND","5619 Reynolds Road","Powder had been broken off onto a separate form so please update the layout to be for island pcs only","15229","1","20931","","","-1","8/20/2026 3:07:39 PM","110.3","5","15","","2"
"8/24/2026 4:04:22 PM","","Pinnacle Modern","MITER","3","STRATA ARGENTUM","NEOLITH","FAMILY ROOM TV BENCH","1306 Rockcliff Road","Please see the new template files and notes from Gabe.","15535","7","21027","5","","-1","8/21/2026 12:52:45 PM","32.5","15","6","","1"
"8/24/2026 4:26:12 PM","","Pinnacle Modern","FLAT","3","ONYX CHANEL","PORCELAIN","LIVING ROOM TV WALL","1306 Rockcliff Road","Please see the new template files and notes from Gabe.","15540","7","21027","","","-1","8/21/2026 12:52:55 PM","107","15","6","","1"
"8/26/2026 12:37:15 PM","","Arrington, Michael","FLAT POLISH","4","TAWNY","DELLA TERRA QUARTZ","KITCHEN","Arrington - 814 N. Bluff Dr. 74","remove both joints","15757","8","21078","4","","-1","8/24/2026 3:25:12 PM","49.9","5","15","","1"
"3/15/2025 3:56:07 PM","","Popovich, John","FLAT","5","TAJ MAHAL","QUARTZITE","PANTRY","Popovich-170 Mesa Verde Rd","homeowner has requested to remove 4"" backsplash which is pc 3 of 4-please revise","13539","1","20398","3","","-1","3/6/2025 9:16:34 AM","30.1","6","6","","1"
"3/15/2025 3:56:07 PM","","RenderATX","FULL BULLNOSE HONED","5","ABSOLUTE BLACK HONED","GS","KITCHEN PERIMETER BACKSPLASH AND TRIM","1900 EAST SIDE DRIVE","Please remove scribing. Customer will have the plaster guy fix the walls.","13428","1","20275","7","","-1","3/6/2025 9:47:24 AM","28.35","7","6","","1"
"3/15/2025 3:56:07 PM","","Drees Custom Homes","FLAT","5","BLACK SOAPSTONE HONED","SOAPSTONE","ISLAND","121 HOUSTON LOOP","need layout to have air switch hole placement","13562","7","20373","1","","-1","3/7/2025 12:35:53 PM","39","6","6","","3"
"3/15/2025 3:56:07 PM","","Crabtree Design Build","FLAT","5","LUCE ORO","PENTAL QUARTZ","CATERER KIT, PRIMARY CLOSET, B2 B3, B4, B5, 1st","5416 SPRING PRESERVE TRAIL","1st Floor Utility faucet holes are wrong","13550","1","20399","23","","-1","3/10/2025 1:12:46 PM","210.4","5","6","","3"
"3/15/2025 3:56:07 PM","","Crabtree Design Build","FLAT HONED","5","SARATOGA LEATHERED","QZ","KITCHEN PERIMETER","5416 SPRING PRESERVE TRAIL","Game room faucet is incorrect.","13552","1","20399","9","","-1","3/10/2025 1:24:55 PM","178.8","5","6","","3"
"3/15/2025 3:56:07 PM","","RenderATX","FULL BULLNOSE HONED","5","ABSOLUTE BLACK HONED","GS","KITCHEN PERIMETER BACKSPLASH AND TRIM","1900 EAST SIDE DRIVE","I don't see this on the layout with the other fab form using this material - please add","13428","1","20275","7","","-1","3/11/2025 11:03:40 AM","28.35","7","6","","3"
"3/15/2025 3:56:07 PM","","SAGIV","","","","","","","There is no dimension so I just want to make sure that the Air Switch Kit 8"" TO RIGHT OF FAUCETAlso, air switch on island is missing. Air Switch Kit 6"" TO RIGHT OF FAUCET","12802","1","20206","8","","-1","3/11/2025 6:36:59 PM","126.1","","6","","3"
"3/15/2025 3:56:07 PM","","Kitchen Solvers","FLAT HONED","6","RAINER HONED","STRATUS QUARTZ","VANITY, SHOWER BENCH, SHOWER TRIM","WRIGHT","Please remove the scribe if the backsplash will fully cover the gap.","13541","1","20401","13","","-1","3/12/2025 8:00:59 AM","51.1","7","15","","3"
"3/15/2025 3:56:07 PM","","Wyeth Custom Homes","FLAT","5","IJEN BLUE","QZ","EXERCISE TOP","705 County Rd 360","REMOVE EXERCISE POWDER AND NEW FAB FORM FOR POWDER ONLY (NO SS) IN DRAFTING. MATERIAL ALLOCATED STANDARD LAYOUT NEEDED","13407","1","20350","1","","-1","3/12/2025 8:22:24 AM","14.3","5","6","","1"
"3/15/2025 3:56:07 PM","","RisherMartin","MITER","5","LEMURIAN BLUE","QZ","BAR FIREPLACE","3312 BEE CAVE","The are at least 3 pieces on this drawing that would be way too large to fit on any slab.","13499","1","20300","8","","-1","3/12/2025 11:27:08 AM","115.3","5","6","","3"
"3/15/2025 3:56:07 PM","","Classic Constructors","FLAT HONED","5","TAJ MAHAL LEATHERED","QZ","KITCHEN FHBS","5123 INDIGO SPIRES WAY","Please lay the backsplash pieces out with the existing perimeter layout so we can show how the veins flow","13589","1","19932","1","","-1","3/13/2025 9:26:23 AM","51","7","6","","3"
"3/18/2025 10:10:08 AM","","Havens Construction","FULL BULLNOSE","5","SILVER WAVE","MS","UNISEX RESTROOM VANITY","1515 E CESAR CHAVEZ","SEE ATTACHED REDLINES- Please change sink cutout to be 3.5"" back from the edge of the full bullnose on the front/the left side. add a note to finish the top and inside of the trash cut out w/ flat edge. remove sales note about sink.","13571","1","20319","1","MATERIAL LINE TO BE POLISHED","-1","3/13/2025 1:55:42 PM","6.5","9","6","/20319 - UNISEX RESTROOM VANITY-BLOCK_ChiocoReview.pdf","1"
"5/2/2025 9:55:44 AM","","Waller Building Company, LLC","FLAT","4","VAGLI ** TO BE HONED BY AG **","MS","BATH 2 VANITY and linen top","4605 STRASS DR","please see change from architect:Sinks should be centered in countertop less the (2cm) 3/4” backsplash. Approx. 5” from front edge (currently 7.5”)","13522","1","20197","2","","-1","5/1/2025 12:55:12 PM","19.3","9","15","","3"
"5/2/2025 10:43:05 AM","","Waller Building Company, LLC","FLAT","4","Calacatta Vagli","MS","KITCHEN ISLAND","4605 STRASS DR","Kitchen island:Verify enough room behind sink for faucet install.Airswitch hole (verify size with specs) 4” to the left of the center single-hole faucet.","13523","1","20197","1","","-1","5/1/2025 12:55:53 PM","46.8","9","15","","3"
"5/2/2025 12:04:21 PM","","Waller Building Company, LLC","FLAT","4","CALACATTA VAGLI","MS","KITCHEN SINK PERIMETER W/ 7","4605 STRASS DR","see photo","13524","1","20197","9","","-1","5/1/2025 1:03:38 PM","66","9","15","/for 20197.jpg","3"
"5/2/2025 12:21:38 PM","","Waller Building Company, LLC","FLAT","4","NERO MIST HONED","GS","LAUNDRY W/ 4","4605 STRASS DR","3-3/4” backslash on 3 sides of sink counter (only shown on the back)Need to verify support for counter. Specs call for 42” clear from floor. The proposed metal brace could interfere with this.","13525","1","20197","3","","-1","5/1/2025 1:04:45 PM","43.7","9","15","","3"
"5/2/2025 12:34:52 PM","","Waller Building Company, LLC","FLAT","4","NERO MIST HONED","GS","PANTRY W/ 18","4605 STRASS DR","Airswitch hole (verify size with specs) 4” to the left of the center single-hole faucet.","13526","1","20197","8","","-1","5/1/2025 1:05:12 PM","62.4","9","15","","3"
"5/2/2025 9:44:35 AM","","Waller Building Company, LLC","FLAT","4","FLAWLESS WHITE  TO BE HONED BY AG **","MS","BATH 1 VANITY W/ 8","4605 STRASS DR","Sinks should be centered in countertop less the (2cm) 3/4” backsplash. Approx. 5” from front edge (currently 7.5”) show detail of pencil cap as it returns to the wall on the left side, bullnose should extend the same as the front edge","13520","1","20197","4","","-1","5/1/2025 1:06:19 PM","25.9","9","15","","3"
"5/2/2025 1:16:11 PM","","Waller Building Company, LLC","FLAT","4","Calacatta Vagli ** to be honed by AG **","MS","POOL BATH VANITY","4605 STRASS DR","Sinks should be centered in countertop less the (2cm) 3/4” backsplash. Approx. 5” from front edge (currently 7.5”)","13528","1","20197","1","","-1","5/1/2025 1:07:16 PM","8.5","9","15","","3"
"5/6/2025 2:52:50 PM","","R Builders","FLAT","5","MYKONOS","QZ","MYKONOS MOCK-UP","9121 CAMELBACK DR","customer would like to see what this would look like with a miter joint - please keep original and create this as an option","13716","2","19968","","","-1","5/2/2025 8:17:35 AM","1","9","6","/mykonos with miter ex.jpg","1"
"5/6/2025 3:33:06 PM","","Lake Group Builders","FLAT HONED","5","CALACATTA TOP POLISHED **AG TO HONE**","MS","KITCHEN PERIMETER, KITCHEN FHBSP W/ SHELF","4 MICHELE CIRCLE","please revise as per conversation / notes :)please redo slabsmith to be as close to this photo as possible","13305","1","20085","8","","-1","5/2/2025 2:06:37 PM","80","9","6","/Option 2 (4).png","1"
"5/8/2025 11:46:42 AM","","Lake Group Builders","FLAT","4","CALACATTA CALDIA","MS","PRIMARY SHOWER NICHE SHELF (X2)","4 MICHELE CIRCLE","please revise as per conversation / notes :)","13307","1","20085","11","","-1","5/2/2025 2:07:10 PM","13.1","9","6","","1"
"7/25/2025 2:27:48 PM","","Lake Group Builders","TBD","5","CALACATTA CALDIA","MS","PRIMARY BATH VANITY","4 MICHELE CIRCLE","please revise as per conversation / notes :)","13311","1","20085","8","✋ - HOLD UNTIL EDGE PROFILE IS CHOSEN","-1","5/2/2025 2:07:25 PM","36.4","9","6","","1"
"5/6/2025 4:30:38 PM","","Lake Group Builders","FLAT","4","FROSTY CARINA","CS","KIDS BATH NICHE SHELF","4 MICHELE CIRCLE","please revise as per conversation / notes :)","13310","1","20085","4","","-1","5/2/2025 2:07:41 PM","5.2","9","6","","1"
"5/7/2025 8:58:54 AM","","Lake Group Builders","FLAT","5","FROSTY CARINA","CS","PLAYROOM HALL, UPSTAIRS LAUNDRY, NURSERY BATH VANITY, KIDS BATH VANITY","4 Michele Circle","please revise as per conversation / notes :)","13313","1","20085","5","","-1","5/2/2025 2:08:00 PM","41.9","9","6","","1"
"5/6/2025 4:30:23 PM","","Lake Group Builders","FLAT","4","FROSTY CARINA","CS","NURSERY NICHE SHELF","4 Michele Circle","please revise as per conversation / notes :)","13137","1","20085","5","","-1","5/2/2025 2:08:14 PM","2.2","9","6","","1"
"5/6/2025 4:05:05 PM","","Lake Group Builders","FLAT","5","FROSTY CARINA","CS","NURSERY TUB DECK    KIDS BATH TUB DECK","4 MICHELE CIRCLE","please revise as per conversation / notes :)","13312","1","20085","2","","-1","5/2/2025 2:08:31 PM","25.2","9","6","","1"
"5/9/2025 1:35:43 PM","","Lake Group Builders","FLAT","5","CARRARA HONED","MS","GUEST BATH SHOWER DOOR FRAME","4 MICHELE CIRCLE","please revise as per conversation / notes :)","13309","1","20085","18","","-1","5/2/2025 2:08:47 PM","39.4","9","6","","1"
"6/18/2025 9:25:10 AM","","TEST FAB FORM FOR REVISIONS","TEST FAB FORM FOR REVISIONS","5","TEST FAB FORM FOR REVISIONS","TEST FAB FORM FOR REVISIONS","TEST FAB FORM FOR REVISIONS","TEST FAB FORM FOR REVISIONS","TTHE WALLS ARE NOT WORKINNG IN LIFE THE WALLS ARE NOT PLUMB IN CERTAIN AREAS AND WILL NEED TO FLOAT","14000","1","0","","","-1","6/18/2025 9:24:16 AM","1","5","","","3"
"6/20/2025 4:20:26 PM","","TEST FAB FORM FOR REVISIONS","TEST FAB FORM FOR REVISIONS","5","TEST FAB FORM FOR REVISIONS","TEST FAB FORM FOR REVISIONS","TEST FAB FORM FOR REVISIONS","TEST FAB FORM FOR REVISIONS","I can check the template file to see if these holes were included in the template. If not, yes, we can drill them on-site.","14000","1","0","","","-1","6/18/2025 9:31:32 AM","1","5","6","","2"
"6/18/2025 10:26:26 AM","","Wyeth Custom Homes","FLAT HONED","5","LEATHERED MYKONOS","QZ","UTILITY","705 COUNTY RD 360","Use third slab so piece 4 can run vertically to have grain flow run correctly.","13412","1","20350","4","","-1","6/18/2025 9:55:04 AM","63.1","5","6","","3"
"6/20/2025 4:20:38 PM","","Waller Building Company, LLC","FLAT","4","SLEEK CONCRETE","CS","NEW UTILITY(PANTRY TOP PER GABE)","2303 Ridgeview Street","PLEASE CHANGE LAYOUT; CLIENT IS HAVING US FABRICATE FROM AG REMNANTS. PLEASE USE 323887 (SAME MATERIAL AND THICKNESS) 119X55","13984","1","20363","1","","-1","6/18/2025 10:33:43 AM","15.6","9","6","","1"
"6/23/2025 11:34:48 AM","","Stewart and Company","OGEE HONED","4","CALACATTA MICHELANGELO HONED **TO BE LEATHERED BY ALPHA**","MS","KITCHEN PERIMETER, KITCHEN ISLAND, DINING ROOM, PRIMARY BATH VANITY","500 LAS LOMAS","Please work on SS layout. There is an entire unused slab, so we should be able to get better vein matching. Also, please don't try to bookmatch the island.","13393","1","20362","14","","-1","6/19/2025 8:39:18 AM","208.2","7","6","","3"
"6/23/2025 1:47:04 PM","","Stewart and Company","FLAT POLISH","5","ABSOLUTE BLACK","GS","MODIFICATION OF EXISTING GRANITE","520 SUMMER ALCOVE","Cabinet is on left side, not right. Please correct drawing so builder can approve.","13983","2","20551","","","-1","6/19/2025 9:33:51 AM","1","7","6","","1"
"7/11/2025 8:48:24 AM","","Blue Horse Building","FLAT POLISH","5","SONO REALE","PENTAL QUARTZ","ISLAND","1326 DRIFING WIND RUN","change side measurements at sink:Right side 44 13/16” not 45”","14044","1","20565","","","-1","7/10/2025 6:00:24 PM","48.2","5","15","","3"
"7/14/2025 10:03:48 AM","","Kate Blocker Design","FLAT HONED","5","CALACATTA CALDIA LEATHERED","QZ","KITCHEN PERIMETER","5900 Fox Chapel Dr.","Remove pieces 11","14043","1","20522","11","","-1","7/11/2025 9:21:20 AM","90.4","7","15","","1"
"7/14/2025 4:09:27 PM","","David Wilkes Builders","SPECIALTY (SEE DENIS DRAWING)","4","CALACATTA GREEN (TO BE HONED BY ALPHA)","MS","POWDER","210 LAVACA ST 3502","Please see attached DWG for edge profile. Also, the total width of the countertop should be 37 1/2"" since it is not wall-to-wall anymore.","13847","1","20280","2","","-1","7/11/2025 2:43:53 PM","16.7","7","15","/LIVE_BDG_Welland_Central_R23_ShaunnXPXFS - Sheet - ID7-05 - ELEVATIONS.dxf","1"
"7/14/2025 9:01:16 AM","","Miars Construction","FLAT","5","SWAN","QZ","MIRROR TRIM","8201 Talbot Cove","See email with instructions for revision.","14092","1","20290","1","","-1","7/12/2025 10:12:12 AM","8.6","5","15","","3"
"7/14/2025 10:01:39 AM","","RD Horton Construction","FLAT","4","SOKE","DEKTON","ODK","375 Esquell Ranch Road","Please revise layout this is stock material and we need to practice best yield for stock material. Please rush revision. Thank you!","14078","1","20575","7","","-1","7/14/2025 8:56:28 AM","19.3","6","12","","3"
"7/14/2025 10:11:53 AM","","Miars Construction","FLAT","5","SWAN","QZ","MIRROR TRIM","8201 Talbot Cove","See email for layout change.","14092","1","20290","1","","-1","7/14/2025 9:29:14 AM","8.6","5","15","","3"
"7/14/2025 1:28:40 PM","","Mosley Design Build","FLAT","5","CLASSIC CARRARA","STRATUS QUARTZ","BATHROOM VANITY","2711 Francisco Street","please remove scribe - tile will be on back wall","14052","1","20573","1","","-1","7/14/2025 11:42:53 AM","20.1","9","15","","1"
"7/14/2025 4:50:22 PM","","Miars Construction","FLAT","5","SWAN","QZ","MIRROR TRIM","8201 Talbot Cove","Use 333808 when photographed as a 3rd pc for layout","14092","1","20290","1","","-1","7/14/2025 11:43:10 AM","8.6","5","15","","3"
"7/15/2025 11:51:46 AM","","Kate Blocker Design","FLAT HONED","5","CALACATTA CALDIA LEATHERED","QZ","KITCHEN PERIMETER","5900 Fox Chapel Dr.","Range splash should be 27"" (not 25 3/4"")","14043","1","20522","11","","-1","7/15/2025 7:17:15 AM","90.4","7","15","","1"
"7/21/2025 9:57:07 AM","","Pankonien Group, The","FLAT POLISH","4","MIAMI WHITE","SS","LAUNDRY TOP","4504 Dusik Lane","Change drawing to 2cm Miami White","14049","1","20571","2","","-1","7/15/2025 8:25:45 AM","15.9","5","6","","1"
"7/21/2025 9:25:25 AM","","Lavaca Building Company","FLAT HONED","5","BLACK HONED","SOAPSTONE","UPSTAIRS ADDITION BATH","4521 EAGLE FEATHER","Use 3 new remnants for new layout. Original slab rejected.","13993","1","20550","8","","-1","7/15/2025 1:36:34 PM","21","5","6","","1"
"7/16/2025 1:04:46 PM","","FIA Homes","MITER","5","TAJ MAHAL","QZ","KITCHEN ISLAND","1701 Brookhaven Drive","USE slab 331230 per MW for Island layout.","13966","1","20135","1","","-1","7/15/2025 3:50:34 PM","51.8","5","6","","3"
"7/18/2025 10:53:17 AM","","FIA Homes","FLAT","5","TAJ MAHAL","QZ","KITCHEN PERIMETER, FHBSP, PRIMARY CLOSET","1701 Brookhaven Drive","Layout: don't use 331230. use 331229 for splashes","13967","1","20135","14","","-1","7/15/2025 3:52:00 PM","147.6","5","6","","3"
"7/18/2025 2:00:52 PM","","Shoberg Homes","MITER","5","OCEAN ELEGANCE","QZ","GREAT ROOM FIREPLACE","302 Inwood","See email from TR 7/15","13939","1","20333","6","","-1","7/15/2025 4:42:35 PM","144","5","6","","1"
"7/18/2025 2:42:09 PM","","Shoberg Homes","CUSTOM EDGE","5","LAGUNA","QZ","LIBRARY FIREPLACE","302 Inwood","See email from TR 7/15","13938","1","20333","27","","-1","7/15/2025 4:42:56 PM","83.2","5","6","","1"
"7/21/2025 3:38:56 PM","","Stewart and Company","OGEE HONED","4","CALACATTA MICHELANGELO HONED **TO BE LEATHERED BY ALPHA**","MS","KITCHEN PERIMETER, KITCHEN ISLAND, DINING ROOM","500 LAS LOMAS","Move kitchen pop up to the inside of far right cabinet, and center boccis between venthood and cabinets. See attachment.","13393","1","20362","14","","-1","7/16/2025 7:18:50 AM","208.2","7","6","/20362 - KITCHEN PERIMETER, KITCHEN ISLAND, DINING ROOM - REV 4 (TS Comments 7_15).pdf","1"
"7/21/2025 10:20:21 AM","","FIA Homes","MITER","5","NANTUCKET","STRATUS QUARTZ","POWDER","1701 Brookhaven Drive","7-16 CO: POWDER BSP ONLY RETEMPLATED SEE MW NOTES FROM GABE ON 7-15 AND REVISE","13970","1","20135","2","","-1","7/16/2025 9:05:52 AM","13.2","5","6","","1"
"7/24/2025 4:10:26 PM","","Hoang, Schen","FLAT POLISH","5","MIAMI WHITE","SS","DUAL-VANITY BATH","Hoang-10715 Misting Falls Trail","Remove pieces 5 and 6.","14005","1","20553","4","","-1","7/22/2025 9:00:29 AM","25.4","7","6","","1"
"7/23/2025 3:02:24 PM","","Oliver, Kay","FLAT HONED","5","CHARCOAL SOAPSTONE SUEDE","SS","ADU KITCHEN","Oliver-2601 Lansbury Dr.","Move the joint to the center of the cooktop please","14095","1","20595","2","","-1","7/22/2025 9:55:40 AM","27.5","7","15","","3"
"8/26/2026 10:04:52 AM","","R Builders","DUPONT","5","Calacatta MICHELANGELO","MS","LAUNDRY POWDER (MUDROOM)","9121 Camelback Dr","please change middle splash height to 7"" and ends to 4"" like in photo","12063","1","19968","","CHANGE EDGE TO SMALL OGEE @ SPLASH & PERIMETER","-1","8/24/2026 4:56:10 PM","7.5","9","15","/LAUNDRY POWDER ELEVATION 7-23-26_1.pdf","1"
"3/15/2025 3:56:07 PM","","Golden Build Company","MITERED","5","GOLD CARRARA","STRATUS QUARTZ","MASTER SHOWER SEAT and CURB","4204 Churchill Downs","Can we please make all shower curbs squared to their long measurements? I do not want the pre-scribed curbs to be short after the tile company floats and installs their tile.","13387","1","20364","5","","-1","3/3/2025 10:15:46 AM","14.3","5","6","","1"
"3/15/2025 3:56:07 PM","","Golden Build Company","FLAT HONED","5","FRESH CONCRETE","CS","BATH 3","4204 Churchill Downs","Can we please make all shower curbs squared to their long measurements? I do not want the pre-scribed curbs to be short after the tile company floats and installs their tile.","13384","1","20364","9","","-1","3/3/2025 10:19:07 AM","39.9","5","6","","1"
"3/15/2025 3:56:07 PM","","Popovich, John","FLAT","5","TAJ MAHAL","QUARTZITE","PANTRY","Popovich-170 Mesa Verde Rd","ss layout is unacceptable- this is stock material,- revise and use best yield practices","13539","1","20398","4","","-1","3/3/2025 3:16:31 PM","31.8","6","15","","3"
"3/15/2025 3:56:07 PM","","PHILIPPE MESRITZ","FLAT","5","Berkshire Steel Satin Ridge","CAMBRIA","KITCHEN FHBS","MESRITZ - 102 BERRY COVE","please revise slabsmith and put more veining on the island and move the countertop on the range wall to omit the ""blob""","13518","1","20380","","","-1","3/4/2025 9:07:42 AM","57.5","9","15","/Prelim layout for phillipe .jpg","3"
"3/15/2025 3:56:07 PM","","PHILIPPE MESRITZ","FLAT","5","Berkshire Steel Satin Ridge","CAMBRIA","KITCHEN COUNTERTOPS","MESRITZ - 102 BERRY COVE","please revise slabsmith and put more veining on the island and move the countertop on the range wall to omit the ""blob""","13517","1","20380","","","-1","3/4/2025 9:08:20 AM","52.5","9","15","/Prelim layout for phillipe _1.jpg","3"
"3/15/2025 3:56:07 PM","","Waller Building Company, LLC","FLAT","5","ELEGANT WHITE","MS","PRIMARY SHOWER NICHE REDO","1714 W St Johns Ave","please include note about AG milling or shaving from 3cm to 2cm","13546","4","20228","","🔥🔥🔥","-1","3/4/2025 9:20:50 AM","1","9","15","","3"
"3/15/2025 3:56:07 PM","","Wyeth Custom Homes","MITERED","4","CALACATTA CREMO HONED","MS","BATH 2 VANITY","705 County Rd 360","The added shower curb in Bath 3 was not added to the Slabsmith layout.  Need asap so that I can push through SCT","13403","1","20350","5","🔥🔥🔥","-1","3/4/2025 12:25:29 PM","33.7","5","15","","3"
"3/15/2025 3:56:07 PM","","Shoberg Homes","1 1/2","4","breccia gorgona","MS","2 SMALLER CLOSET TOPS","2918 OESTRICK","there was no layout made when the block drawing was emailed","13533","1","20306","","🔥🔥🔥","-1","3/4/2025 12:27:47 PM","12","5","15","","3"
"7/25/2025 2:27:36 PM","","Lake Group Builders","FLAT","5","CALACATTA CALDIA","MS","PRIMARY BATH SHOWER SEAT TOP","4 Michele Circle","please revise as per conversation / notes :)","13136","1","20085","1","✋ - HOLD - SLABSMITHS WITH 13311","-1","5/2/2025 2:09:19 PM","5","9","6","","1"
"5/9/2025 1:35:21 PM","","Lake Group Builders","FLAT","5","CARRARA HONED","MS","GUEST BATH SHOWER SEAT","4 Michele Circle","please revise as per conversation / notes :)","13135","1","20085","1","","-1","5/2/2025 2:09:33 PM","5","9","6","","1"
"5/5/2025 3:09:36 PM","","FIA Homes","FLAT HONED","6","IJEN BLUE LEATHERED","QZ","LEVEL 2 BAR","1904 RALEIGH AVE","Faucet model in MW shows 8"" spread","13675","1","20452","1","","-1","5/2/2025 4:50:01 PM","9.6","5","6","","3"
"5/5/2025 3:17:56 PM","","FIA Homes","FLAT","5","CRYSTALLO LUMIX EXTRA PREMIUM","QZ","KITCHEN PERIMETER TOPS, RANGE WALL FHBSP, LEVEL 1 BAR","1904 RALEIGH AVE","There are no sf totals on the pieces on the drawing","13677","1","20452","6","","-1","5/2/2025 4:53:21 PM","73.2","5","6","","3"
"5/5/2025 3:45:47 PM","","RedOven Property Solutions","FLAT HONED","5","BIANCO CARRERA HONED","MS","PRIMARY BATH VANITY, TUB DECK, SHOWER CURB, BENCH, NICHE","7808 West Rim","The vanity is too long to fit on the slab and will need a joint. Also, the tub deck is messed up on the DXF (see attachment).","13003","1","20235","9","","-1","5/5/2025 2:36:13 PM","63.4","7","6","/7808.png","3"
"5/7/2025 3:37:47 PM","","Blue Horse Building","FLAT POLISH","5","TAJ MAHAL","QZ","KITCHEN PERIM","1220 Mesa Ranch Road","CHange joint at kitchen pass through as shown on drawing","13763","1","20451","13","","-1","5/6/2025 10:42:10 AM","181.8","5","6","/Revised joint location.pdf","1"
"5/13/2025 1:12:18 PM","","Waller Building Company, LLC","FLAT","4","CALACATTA VAGLI","MS","KITCHEN SINK PERIMETER W/ 7","4605 STRASS DR","see attached for instructions","13524","1","20197","9","","-1","5/9/2025 11:09:15 AM","66","9","6","/for strass kitchen rev2.jpg","1"
"5/12/2025 4:40:27 PM","","Waller Building Company, LLC","FLAT","4","NERO MIST HONED","GS","PANTRY W/ 18","4605 STRASS DR","remove SALES note 1   2 // please change sink faucet to: SINK: ELKAY EFRU21169WFAUCET: PERRROWE U.4544HT-PN-2 ARMSTRONG","13526","1","20197","8","","-1","5/9/2025 11:10:50 AM","62.4","9","6","","1"
"5/22/2025 10:04:39 AM","","FSB Custom Homes, LLC","SMALL OGEE","5","BIANCO CARRARA (**TO BE HONED BY AG**)","MS","2ND FLOOR GUEST BATH","3602 Murillo Circle","Please revise drawing to include backsplash and change color. Use slab 330289 for slabsmith layout.","12472","1","19918","3","","-1","5/19/2025 1:45:57 PM","9.5","7","6","","1"
"5/19/2025 5:02:38 PM","","Johnson, Scott Seligman","BEVEL","5","RAINIER GOLD","STRATUS","COFFEE BAR/BATH1/BA 2","Johnson-203 River Road","can piece 7 of 9 be turned horizontally next to piece 4 of 9 with the coordinating pieces as well?","13858","7","20484","9","","-1","5/19/2025 3:41:57 PM","44.1","6","15","","3"
"5/22/2025 9:31:59 AM","","CHRISTIAN BIRD","FULL BULLNOSE","4","MARBLE VENDOME","MS","TABLE TOP","BIRD - 8708 CRESTWOOD CIRCLE CONSOLE TABLE","please look at attached DXF and confirm it matches what was drafted in January","13156","2","20298","1","","-1","5/20/2025 8:30:29 AM","12.3","9","6","/birdtablev3.dxf","2"
"5/21/2025 4:21:05 PM","","FIA Homes","MITERED","5","CRYSTALLO LUMIX EXTRA PREMIUM","QZ","KITCHEN ISLAND, FIREPLACE HEARTH","1904 RALEIGH AVE","revise island layout","13674","1","20452","9","","-1","5/21/2025 1:34:18 PM","106.7","5","6","","3"
"5/22/2025 12:12:22 PM","","Miars Construction","FLAT","5","SWAN","QZ","BAR, ISLAND, KITCHEN PERIMETER","8201 TALBOT COVE","email sent to gabe","13299","1","20290","23","","-1","5/21/2025 4:42:42 PM","228","5","6","","1"
"5/28/2025 8:53:05 AM","","Realty Restoration","","","","","BATH 6 (DAVID","44 PASCAL LANE","Customer would like the depth of Bath 6 vanity to be 25 1/4"".","13839","1","20495","16","","-1","5/22/2025 9:36:38 AM","63.9","","6","","3"
"5/28/2025 9:09:57 AM","","Realty Restoration","BEVEL EDGE ON COUNTERTOP, FLAT EDGE ON BACKSPLASH","5","YUKON","SS","PANTRY, UTILITY","44 PASCAL LANE","Please remove scribing in Utility. Tile will cover the gap. Remove ""no install needed"" note for drip ledge - customer wants us to install it.","13840","1","20495","9","","-1","5/22/2025 9:37:46 AM","42.9","7","6","","1"
"5/22/2025 5:04:59 PM","","Realty Restoration","9","3","CALACATTA BORGHINI","STRATUS QUARTZ","POWDER VANITY","44 Pascal Lane","Please remove scribing. Tile will cover the gap.","13841","1","20495","5","","-1","5/22/2025 9:38:09 AM","20.4","7","6","","3"
"5/28/2025 10:06:38 AM","","Blacksmith Homes","FLAT","5","AERIAL","DELLA TERRA","KITCHEN/MASTER BA/BA 2","87 Park Trail Drive","please remove scribe. remove both joints, create one joint 125""  from finished edge to the rightof d/w. Please see Martha's email with edits","13893","1","20524","17","","-1","5/22/2025 11:10:29 AM","107.1","6","6","","2"
"5/22/2025 2:18:01 PM","","Windham, Shannon","FLAT HONED","5","CALACATTA ORO HONED","MS","PRIMARY VANITIES, MAKEUP TOP, DESK TOP","Windham-2527 Jarratt Avenue","there are template notes from Gabe to Shave the splashes to 2cm AND to polish","13863","1","20506","10","","-1","5/22/2025 11:27:22 AM","43.3","5","15","","3"
"5/27/2025 6:27:36 PM","","Godsey Homes","FLAT","4","TAJ MAHAL -HAND SELECT","QUARTZITE","KITCHEN","750 Mesa Ridge","please add joint at sink middle and revise slabsmith layout.","13859","1","20514","4","MAKING TWO OPTIONS PER CONVO WITH MINDI","-1","5/22/2025 11:34:12 AM","79.5","6","6","","1"
"5/28/2025 10:35:11 AM","","","","","","","","","This drawing has the sink model","13880","1","20521","1","","-1","5/23/2025 6:51:54 AM","29.2","","6","","3"
"5/28/2025 10:14:46 AM","","","","","","","","","Martha allocated a remnant for this job. Please revise the serial number. PQ LUCE ORO 2 CM332651 NON 92X29 B","13895","1","20518","2","","-1","5/23/2025 8:36:07 AM","13.2","","6","","2"
"5/27/2025 11:03:04 AM","","Windham, Shannon","FLAT","3","STATUARIO FANTASTICO HONED","PORCELAIN","STEAM SHOWER CEILING","Windham-2527 Jarratt Avenue","Add miter strip on the drawing","13873","1","20506","1","","-1","5/23/2025 8:44:13 AM","","5","15","","3"
"5/27/2025 8:49:30 AM","","Wyeth Custom Homes","FLAT POLISH","5","GIZA","ENIGMA SURFACES","UTILITY, GUEST BATH, BATH 3, BATH 4, BATH 5, MUDROOM","1100 REDBUD TRAIL","No sink model on Utility Drawing","13812","1","20494","31","","-1","5/23/2025 9:59:46 AM","122.4","5","6","","3"
"6/10/2025 2:47:13 PM","","Stewart and Company","FLAT HONED","4","CALACATTA MICHELANGELO HONED **TO BE LEATHERED BY ALPHA**","MS","FAMILY ROOM FIREPLACE","500 Las Lomas","3/4"" overhang (instead of miter) on the outside perimeter edge and around the interior of the opening.","13392","1","20362","10","","-1","5/27/2025 7:37:23 AM","34.5","7","6","","1"
"5/28/2025 12:06:27 PM","","Marieke de Hoog","","","","","KITCHEN PERIMETER TOP, ISLAND, BUTLER","Hoog-9529 Big View Drive","please adjust placement of tap and air switch to: - Kitchen island: Faucet centered, air switch 4"" to the right of the faucetremove sales notewhat is the green 18-1/6"" at the back right?","13867","1","20489","4","","-1","5/27/2025 10:42:35 AM","76.2","","6","","1"
"5/28/2025 2:27:32 PM","","Marieke de Hoog","FLAT","5","MIAMI WHITE","SS","UTILITY w/ 4","Hoog-9529 Big View Drive","please insert new sink and place - Utility: Tap 8"" to the left of center of sink","13869","1","20489","3","","-1","5/27/2025 10:44:35 AM","9.9","9","6","","1"
"7/1/2025 11:18:34 AM","","RisherMartin","FLAT","1"," LIEM DARK POLISHED","PORCELANOSE PORCELAIN","PRIMARY SHOWER WALLS","3312 BEE CAVE","Change Slabsmith Layout per attached file.","13991","1","20300","62","","-1","6/30/2025 4:52:56 PM","305.8","5","15","/LAYOUT changes to Primary Walls.pdf","3"
"7/7/2025 9:58:42 AM","","Swenson, Eric","custom","4","MONT BLANC POLISHED","QZ","KITCHEN ISLAND, KITCHEN PERIMETER","4103 GREEN CLIFFS RD","please edit the seam on the island between pcs 4 of 5 and 5 of 5 (move parallel with the sink) - see highlighted and move seam here.","14014","1","20557","5","","-1","7/2/2025 11:09:42 AM","100.6","9","15","/4103 Green Cliffs - island seam.jpg","1"
"7/7/2025 9:02:14 AM","","Wyeth Custom Homes","FLAT","5","SKY WHITE HONED","MS","OWNER SPA VANITIES","705 COUNTY RD 360","Sinks changed to Kohler 2355. We have them here.","13495","1","20350","6","","-1","7/2/2025 12:13:40 PM","47.9","5","15","","1"
"7/7/2025 9:24:50 AM","","Stewart and Company","OGEE HONED","4","CALACATTA MICHELANGELO HONED **TO BE LEATHERED BY ALPHA**","MS","KITCHEN PERIMETER, KITCHEN ISLAND, DINING ROOM","500 LAS LOMAS","Please remove Primary Bath Vanity from this drawing. It will need a retemplate.","13393","1","20362","14","","-1","7/2/2025 1:06:01 PM","208.2","7","15","","1"
"7/7/2025 11:29:19 AM","","Kate Blocker Design","FLAT HONED","4","CALACATTA CREMO HONED","MS","GUEST BATH VANITY/SHOWER NICHE BOTTOM AND SHELF/SHOWER CURB, FIREPLACE","5900 Fox Chapel Dr.","Please remove piece 3 of 6 and the miter pieces that go with it, and update slabsmith layout to use slab more efficiently.","14041","1","20522","6","","-1","7/3/2025 10:02:42 AM","29.5","7","15","","3"
"7/7/2025 10:26:37 AM","","David Wilkes Builders","SPECIALTY (SEE DENIS DRAWING)","4","CALACATTA GREEN (TO BE HONED BY ALPHA)","MS","POWDER","210 LAVACA ST 3502","Add scallops to backsplash and add edge profile on sides (vanity is no longer wall-to-wall). See attachment.","13847","1","20280","2","","-1","7/3/2025 2:47:05 PM","16.7","7","15","/Alpha Granite Ressale Certificate 2024.pdf","1"
"7/7/2025 12:24:24 PM","","Stewart and Company","OGEE HONED","4","CALACATTA MICHELANGELO HONED **TO BE LEATHERED BY ALPHA**","MS","KITCHEN PERIMETER, KITCHEN ISLAND, DINING ROOM","500 LAS LOMAS","Are there any other joint location options for the kitchen bsp that would fit on the slabs? Also, please add outlet cutouts in kitchen countertops and bsp. Location was discussed at template. See attachment.","13393","1","20362","14","","-1","7/7/2025 9:30:00 AM","208.2","7","12","/Pages from 20362 - KITCHEN PERIMETER, KITCHEN ISLAND, DINING ROOM, PRIMARY BATH VANITY - REV 1 (TS comments 7_3).pdf","1"
"7/8/2025 10:35:08 AM","","RisherMartin","FLAT","1"," LIEM DARK POLISHED","PORCELANOSE PORCELAIN","PRIMARY SHOWER WALLS","3312 BEE CAVE","The layout needs to be changed again. PLEASE SEE EMAIL!!!!!!!!","13991","1","20300","62","","-1","7/8/2025 8:11:52 AM","305.8","5","15","","3"
"7/11/2025 3:35:27 PM","","FSB Custom Homes, LLC","7","4","CALACATTA GOLD","MS","POWDER","3703 MEADOWBANK DR","Please add a ramp bottom integrated sink instead of vessel sink","13269","1","20186","2","","-1","7/8/2025 10:55:46 AM","15.4","","6","/revision needed - powder integrated sink.png","2"
"8/13/2025 1:27:10 PM","","FSB Custom Homes, LLC","2","5","BLUE ROMA HONED","QZ","BAR, BAR STORAGE","3703 Meadowbank Dr","Please add curved side splashes (see attachment).","13251","1","20186","9","8/8 KP: OFF HOLD - SEE NEW TEMPLATE FIE FROM 8/7 THAT HAS BAR STORAGE SIDE BSP                          7/10 JCM ✋ - HOLD - REVISED DESIGN INTENT REFERENCES SHELF THAT WE DID NOT TEMPLATE","-1","7/8/2025 10:56:32 AM","69","7","6","/revision needed - bar storage side splashes.png","1"
"7/11/2025 8:04:21 AM","","Morgan Jackson Design","FLAT HONED","5","TAJ MAHAL (TO BE HONED BY ALPHA)","QZ","FAB ONLY TAJ MAHAL TABLE TOPS","Table Tops - Fab Only","Please look at the drawing again. All 4 sides of the table top should have the curve. Double check dimensions as well.","14064","2","20588","3","","-1","7/8/2025 3:57:41 PM","10.1","7","6","","3"
"7/14/2025 10:05:13 AM","","","","","","","","","Update kitchen sink model","13393","1","20362","14","","-1","7/9/2025 12:13:45 PM","208.2","","6","","3"
"7/11/2025 3:52:19 PM","","RisherMartin","FLAT","1"," LIEM DARK POLISHED","PORCELANOSE PORCELAIN","PRIMARY SHOWER WALLS","3312 BEE CAVE","Make changes to drawing","13991","1","20300","62","","-1","7/9/2025 4:59:30 PM","305.8","5","15","","1"
"7/11/2025 8:31:52 AM","","Muncie Construction","FLAT","5","RAINIER GOLD","STRATUS","MASTER BATH AND GUEST BATH","212 Creekwood","can i get a stat turnaround for this please? the facuet holes are incorrect- i believe the wrong phase was viewed for info.","14080","1","20220","10","","-1","7/10/2025 4:28:12 PM","48.2","6","6","","3"
"9/9/2026 11:26:54 AM","","The Stone Collection","FLAT","5","CRYSTALLO CAVE","QZ","WELCOME CENTER FULL HEIGHT SPLASH","TSC Showroom","Change piece sizes and joints to be three pieces that are 81 3/4 inches tall and approx 62 3/16 wide","15755","1","20944","4","","-1","9/8/2026 4:57:26 PM","105.8","5","12","","1"
"3/21/2025 11:41:31 AM","","Classic Constructors","FLAT HONED","5","TAJ MAHAL LEATHERED","QZ","KITCHEN FHBS","5123 INDIGO SPIRES WAY","The DXF/slabsmith layout needs to be updated as well.","13589","1","19932","1","","-1","3/21/2025 9:59:18 AM","51.1","7","15","","3"
"3/24/2025 8:27:56 AM","","Vick Homes","FLAT POLISH","5","CRYSTAL ACQUA","QZ","AG REDO: PRIMARY BATH MIRROR FRAME","3102 Fleece Flower Cv","Please change the groove from 1/8"" to 1/2"", and widen the pieces so that there is 1"" between the top of the scallop and the outside edge of the mirror surround. LMK if you have questions.","13554","3","20198","3","","-1","3/21/2025 10:18:26 AM","2.7","7","6","","1"
"3/21/2025 3:53:25 PM","","David Wilkes Builders","2","5","SARATOGA LEATHERED","QZ","KITCHEN PERIMETER - ADDED AREA","210 Lavaca St. Apt. 2310","From builder: ""I would like to go 26 5/8"" on the depth so we can bury the back of it in the tile, we will have our tile installer make the cut.""","13590","1","20344","1","","-1","3/21/2025 1:47:05 PM","15.9","7","6","","1"
"3/26/2025 1:59:16 PM","","Crabtree Design Build","MITER","5","TAHITI LEATHERED","QZ","PRIMARY VANITIES","5416 SPRING PRESERVE TRAIL","Please remove backsplashes and also update Slabsmith","13553","1","20399","4","","-1","3/24/2025 2:17:41 PM","34.4","5","6","","1"
"3/26/2025 12:05:58 PM","","Crabtree Design Build","FLAT","5","LUCE ORO","PENTAL QUARTZ","CATERER KIT, PRIMARY CLOSET, B2 B3, B4, B5, 1st","5416 SPRING PRESERVE TRAIL","Slab 332966 was used twice on layout. I've allocated more material","13550","1","20399","23","","-1","3/24/2025 3:25:21 PM","210.4","5","6","","3"
"3/26/2025 4:47:21 PM","","Waller Building Company, LLC","FLAT","4","FLAWLESS WHITE TO BE HONED BY AG","MS","BATH 1 SHOWER ACCESSORIES","4605 STRASS DR","please revise pc 3 of 6 to 6"" width","13519","2","20197","18","","-1","3/25/2025 8:30:53 AM","6","9","15","","3"
"3/26/2025 2:01:14 PM","","Stehling Construction","","","","","","180 JUDY","need ss layout","13586","1","20402","","This doesn't need to be a revision, we have a separate caspio for slabsmiths.","-1","3/26/2025 12:18:05 PM","116.5","","6","","2"
"3/27/2025 10:47:26 AM","","Robertson, Leslie","WIDE BULLNOSE","5","BIANCO CARRERA (STOCK/PROGRAM)","MS","KITCHEN","ROBERTSON - 400 THOMPSON DR","NEED SS LAYOUT","13650","1","20428","3","This is not a revision, just a slabsmith.","-1","3/26/2025 3:30:33 PM","27.8","6","6","","2"
"3/27/2025 1:11:18 PM","","Williams, Clark and Susan","WIDE BULLNOSE","5","TERRA SOL","PQ","KITCHEN PERIMETER","WILLIAMS 3801 CLUB HOUSE RD 8","FAUCET HOLES ARE INACCURATE-REFER TO MW AND GOOGLE PHOTOS","13651","1","20420","9","","-1","3/27/2025 8:35:33 AM","71.1","6","6","","3"
"3/28/2025 2:52:45 PM","","Vick Homes","FLAT POLISH","5","CRYSTAL ACQUA","QZ","AG REDO: PRIMARY BATH MIRROR FRAME","3102 Fleece Flower Cv","Customer would like to go back to 3"" width on the frame pieces, keeping the placement with the backsplash scallops as-is. Mirror size will enlarge.","13554","3","20198","3","","-1","3/27/2025 10:24:43 AM","2.7","7","6","","1"
"3/28/2025 3:14:45 PM","","Camelot Custom Homes","FLAT HONED","5","VERDE BONSAI LEATHERED","QZ","KITCHEN ISLAND","101 Weston Lane","Please move seam at island","13293","1","20296","3","","-1","3/27/2025 5:28:35 PM","84.3","5","6","/Designer direction for island seam and layout.pdf","1"
"3/28/2025 4:07:00 PM","","RisherMartin","MITER","5","LEMURIAN BLUE","QZ","BAR FIREPLACE","3312 BEE CAVE","They like the solution you","13499","1","20300","8","","-1","3/27/2025 5:33:01 PM","115.3","5","6","","1"
"4/2/2025 10:52:41 AM","","Drees Custom Homes","FLAT","4","MARINA","DEKTON","OUTDOOR KITCHEN","121 HOUSTON LOOP","please revise block drawing to match Gabe's revision. pleaSe add metal supports as well.. see Gabe's drawings","13645","7","20373","3","","-1","4/1/2025 9:26:13 AM","11.7","6","6","/revision request from gabe OUTDOOR KITCHEN WITH METAL SHOWN-Model.pdf","1"
"4/2/2025 11:26:58 AM","","Waller Building Company, LLC","FLAT","5","MIAMI WHITE","SS","PRIMARY BATH SHOWER JAMBS","1000 PAYNE AVENUE","please change measurement on Toilet Entry jambs as follows: piece 5 of 6 from 8"" to 8-1/4"" and piece 6 of 6 from 13/16"" to 1-13/16""","13164","1","20299","6","","-1","4/1/2025 3:52:44 PM","23.6","9","15","","1"
"4/2/2025 2:31:18 PM","","RAY, BRENDA","HALF BULLNOSE","5","CREMA MARFIL","MS","PRIMARY BATH VANITIES, GUEST BATH","Ray-401 Salado Creek Pl","This is not my job.","13670","1","20437","16","this is not a revision.","-1","4/2/2025 2:10:02 PM","51.9","6","6","","2"
"4/2/2025 4:30:33 PM","","Murrey, Gary","FLAT","5","TAJ MAHAL (STOCK/PROGRAM)","QZ","MASTER BATH","Murrey-2709 Indian Wells Dr.","please revise and add faucet holes-","13662","1","20427","3","","-1","4/2/2025 2:19:06 PM","12.9","6","6","","3"
"4/2/2025 4:52:44 PM","","Blue Horse Building","FLAT HONED","5","RUGGED CONCRETE","CS","BAR","42 PASCAL LANE","Missing Bath 3 curb.  Template photos show that the area was templated.","13647","1","20442","10","","-1","4/2/2025 2:42:55 PM","67.3","5","15","",""
"5/30/2025 4:48:00 PM","","FSB Custom Homes, LLC","SMALL OGEE","5","LAVEZZI","QZ","ANTEHALL","3602 Murillo Circle","Deepest section appears too shallow? Need 1"" overhang beyond face of cabinet on both sides and front. (See attached marked up drawing)","12473","1","19918","1","confirmed. no revision needed.","-1","5/28/2025 2:04:35 PM","10.2","7","6","/19918 - ANTEHALL-BLOCK - FSB WK - 5.27.25.pdf","1"
"6/3/2025 9:21:43 AM","","FSB Custom Homes, LLC","FLAT","5","MONT BLANC","QZ","1ST FLOOR GUEST BATH, LAUNDRY","3602 Murillo Circle","See attachment with questions","12471","1","19918","7","refer to submission email for details","-1","5/28/2025 2:05:23 PM","40.4","7","6","/19918 - 1ST FLOOR GUEST BATH, LAUNDRY REV1- FSB WK ii - 5.27.25.pdf","1"
"5/28/2025 2:38:42 PM","","FSB Custom Homes, LLC","SMALL OGEE","5","BIANCO CARRARA (**TO BE HONED BY AG**)","MS","2ND FLOOR GUEST BATH","3602 Murillo Circle","Back and side splash pieces are too long—Alpha to confirm they will be cut in the field? Overall 24""depth is too short for 1/4"" overhang beyond cove moulding (1"" beyond face of cabinet). (See attached marked up drawing)","12472","1","19918","3","no revision necessesary, explained in person","-1","5/28/2025 2:06:16 PM","9.5","7","6","/19918 - 2ND FLOOR GUEST BATH - rev 2-BLOCK FSB WK - 5.27.25.pdf","1"
"6/3/2025 10:23:28 AM","","FSB Custom Homes, LLC","OGEE","5","CALACATTA ASPEN HONED","MS","MASTER VANITIES","3602 Murillo Circle","Please see email for documents and notes from builder about revision.","12474","1","19918","8","","-1","5/28/2025 2:12:22 PM","30.1","7","6","","1"
"5/28/2025 4:08:28 PM","","","","","","","","","From Martha on 5/2:There are no matching remnants to SN 332315. Allocated another slab. CAD, please revise the layout with the new material.CS Fresh Concrete 3cm328838 INV 129x64 C15 B","13002","1","20235","8","","-1","5/28/2025 2:59:51 PM","94.7","","6","","3"
"5/29/2025 4:14:08 PM","","Blacksmith Homes","FLAT","5","AERIAL","DELLA TERRA","KITCHEN/MASTER BA/BA 2","87 Park Trail Drive","Please remove added pass thru at kitchen. H/O has decided to go with wood.  Revise both block and layout! Thank you!","13893","1","20524","17","","-1","5/28/2025 3:16:44 PM","107.1","6","6","","1"
"6/2/2025 8:55:14 AM","","Adler, Jeryll","FLAT POLISH","5","BLIZZARD","CS","DOG BOWL","Adler-Dog Bowl Fab only","Please remove piece 2 of 2 from the drawing","13921","2","20536","2","","-1","5/30/2025 9:56:50 AM","2.7","7","12","","3"
"6/26/2025 2:20:02 PM","","Realty Restoration","FLAT POLISH","4","MIAMI WHITE","s","GARAGE DOG WASH","44 Pascal Lane","Add mitered piece on inside of curb","13854","1","20495","7","","-1","6/25/2025 8:20:45 AM","46.2","7","6","","1"
"6/25/2025 10:46:09 AM","","Amber Berli","FLAT","4","SONATA HONED","DELLATERRA QUARTZ","KITCHEN PERIMETER FHBSP","Berli-21435 Lakefront Drive","please move the bar backsplash from the kitchen perimeter to this fab form - see attached","13931","1","20534","7","please remove center outlet from pc 1 of 6","-1","6/25/2025 8:47:13 AM","61.9","9","6","/Screenshot 2025-06-25 084508.jpg","2"
"6/25/2025 10:45:54 AM","","Amber Berli","FLAT","5","SONATA HONED","DELLATERRA QUARTZ","KITCHEN PERIMETER COUNTER, KITCHEN ISLAND W/ SINGLE WATERFALL, BAR W/ FHBSP","Berli-21435 Lakefront Drive","please move the backsplash at the bar from this to the kitchen full height backsplash fab form (see attached for the pc in question)","13930","1","20534","8","","-1","6/25/2025 8:48:51 AM","157","9","6","/Screenshot 2025-06-25 084508_1.jpg","2"
"6/26/2025 8:25:17 AM","","Burnette Builders","Miter/Flat","3","Azul Cascade","STRATUS PORCELAIN","PRIMARY BATH SHOWER WALLS   BENCH","1665 Brushy Ridge Trail","Gabe will sit with Joshua on 6.25 after site visit- submitting so it can be referenced and tracked.","13948","1","20001","30","","-1","6/25/2025 9:57:13 AM","315.6","9","6","","1"
"10/10/2025 2:36:42 PM","","Burnette Builders","FLAT","5","BLACK XAVIER *TO BE LEATHERED BY AG*","MS","POWDER ROOM WAINSCOTTING","1665 Brushy Ridge Trail","Gabe will sit with Joshua on 6.25 after site visit- submitting so it can be referenced and tracked.","13950","1","20001","4","","-1","6/25/2025 9:57:33 AM","74.9","9","6","","1"
"6/26/2025 1:58:46 PM","","FSB Custom Homes, LLC","2","5","ELEGANT BLUE HONED","QZ","PANTRY","3703 MEADOWBANK DR","Please change edge to 2"" mitered","13268","1","20186","2","","-1","6/25/2025 11:44:09 AM","10.5","7","6","","1"
"6/25/2025 4:28:32 PM","","Amber Berli","FLAT","4","SONATA HONED","DELLATERRA QUARTZ","KITCHEN PERIMETER FHBSP","Berli-21435 Lakefront Drive","please remove center outlet in pc 1 of 7 and move right outlet right by 10 inches centerline of wall","13931","1","20534","7","","-1","6/25/2025 12:48:54 PM","61.9","9","6","/berli.jpg","1"
"8/1/2025 9:55:14 AM","","Caroline Pinkston","FLAT","4","ROJO ALICANTE","MS","DINING ROOM FHBSP","Pinkston-4006 Rosedale Avenue","please remove 1.5625"" from both left and right side. total length will be 61.25""","13884","1","20236","1","","-1","7/31/2025 4:32:08 PM","18.5","9","12","","3"
"8/5/2025 11:03:53 AM","","","","","","","","","will you please submit this for a slabsmith layout? with 2 options- slab id","14158","1","20347","16","","-1","8/1/2025 9:36:44 AM","183.1","","6","","1"
"8/4/2025 9:57:53 AM","","Ranganathan, Sruthi","FLAT","5","TAJ MAHAL","QZ","KITCHEN, DROP ZONE TOP, AND PANTRY","Ranganathan-2313 Chloes Bloom Bend","THE CLIENT WANTS TWO SEAMS ON THE FULL HEIGHT BACKSPLASH (BEHIND COOKTOP) INSTEAD OF ONE. PLEASE REFER TO THE ATTACHED DRAWING","14196","7","20620","14","","-1","8/1/2025 1:14:27 PM","154.4","15","6","/Screenshot 2025-08-01 115318.png","1"
"8/6/2025 10:32:13 AM","","Wyeth Custom Homes","FLAT","5","CRYSTALLO LUMIX","QZ","KITCHEN ISLAND, PERIMETER, FHBSP with CAP, SHELVES, PREP PANTRY","1100 REDBUD TRAIL","add 3 cutting boards 12x16, update Tracy layout in SS","13813","1","20494","18","please also add 1/2 "" in length to the piece right of the range.","-1","8/4/2025 10:56:52 AM","239.7","5","6","","1"
"8/4/2025 1:43:30 PM","","Ranganathan, Sruthi","FLAT","5","TAJ MAHAL","QZ","KITCHEN, DROP ZONE TOP, AND PANTRY","Ranganathan-2313 Chloes Bloom Bend","Slabsmith needs to be updated. The kitchen piece should be swapped with the drop zone top on the slab layout. This change was discussed with Joshua.","14196","7","20620","14","","-1","8/4/2025 1:00:36 PM","154.4","15","6","","3"
"8/18/2025 2:59:24 PM","","FSB Custom Homes, LLC","3CM MITERED (MATERIAL IS REALLY 1.8CM)","4","ORIENTAL WHITE","MS","CLOSET 3, CLOSET 4, CLOSET 5, BED DESK 4","3703 MEADOWBANK DR","Add Bed 4 Desk after template 8/12","14025","1","20186","7","","-1","8/6/2025 1:43:49 PM","40.2","7","6","","1"
"8/8/2025 11:19:41 AM","","The Svendsson Brothers, LLC","FLAT","5","STATUARIO","QZ","VANITY, SHOWER ACCESSORIES","1502 Lorrain Street","please split into two shop drawings; split the vanity from the shower pieces. the edge profile on vanity changed to SMALL OGEE","13752","1","20476","16","","-1","8/6/2025 3:55:37 PM","32.33","9","6","","1"
"8/8/2025 8:50:40 AM","","RisherMartin","FLAT POLISH","5","PURE WHITE","CS","BATH 4 SHELF, SHOWER JAMB, THRESHOLD CAP, MIRROR SHELF","1504 West Lynn","changed to 2cm. use 330232 for new layout","14204","1","20341","5","","-1","8/7/2025 1:53:14 PM","6.26","5","6","","1"
"8/7/2025 5:04:24 PM","","RisherMartin","FLAT HONED","5","LEATHERED RIVER BLUE","MS","COTTAGE BATH 5,  BATH 3","1504 West Lynn","make layout match original preapproved prelim layout","14200","1","20341","","","-1","8/7/2025 2:05:32 PM","23.27","5","6","/Bath 3 & 5.PNG","3"
"8/8/2025 8:33:52 AM","","RisherMartin","FLAT HONED","5","ICE HONED BY AG","ONYX","BATH 1 NICHES, BENCH, SHOWER JAMBS, WALL END B/T SHOWER","1504 West Lynn","change layout so that future 91x26 with 6"" splash fits as it was on the prelim layout","14202","1","20341","15","","-1","8/7/2025 2:16:52 PM","17.58","5","6","/Bath 1 prelim layout.PNG","2"
"8/11/2025 2:10:51 PM","","Alkire Construction Co.","FLAT","5","STELLA GOLD","PENTAL QUARTZ","MASTER BATH","12000 Settlers Trail","Add miter drop side splash between hi and low top and adjust layout","14192","1","20577","9","no revision needed","-1","8/7/2025 5:27:01 PM","34","5","6","","1"
"8/11/2025 2:19:49 PM","","Signature Cabinets","FLAT POLISH","5","BLACK PEARL","GS","CREDENZA TOP","100 Tycoon Lane","Customer wants 2pcs with 1 center seam. If rotated on slab they will fit.","14219","1","20622","3","","-1","8/11/2025 1:27:07 PM","19","5","6","","3"
"8/11/2025 2:31:19 PM","","Rauser Construction","MITER","4","CALACATTA MONET HONED","MS","POWDER, OFFICE BATH","3805 Balcones Drive","place pieces horizontally on slab on layout","14207","1","20455","12","","-1","8/11/2025 1:37:29 PM","38.5","5","6","","3"
"8/12/2025 10:55:00 AM","","CG","FLAT","5","TAJ MAHAL","QZ","KIT. PERIMETER, KIT. FHBSP AND VENT WRAP, KIT. ISLAND, DINING ROOM","10509 Nicolet Way","Vent hood pieces need to be shortened, the dining room piece needs to be drafted, and Slabsmith needs to be redone.","14172","1","20530","17","","-1","8/11/2025 2:41:44 PM","191","15","6","","3"
"8/12/2025 10:54:44 AM","","CG","7 1/4","5","TAJ MAHAL","QZ","POWDER BATH","10509 Nicolet Way","Slabsmith needs to be redone","14174","1","20530","10","","-1","8/11/2025 2:43:08 PM","15.6","15","6","","3"
"8/12/2025 11:32:35 AM","","CG","FLAT","5","REGAL ARABESCATO GOLD","STRATUS QUARTZ","LAUNDRY COUNTERS","10509 Nicolet Way","The waterfall panel in the laundry needs to be shortened","14173","1","20530","5","","-1","8/11/2025 2:44:05 PM","60","15","6","","2"
"8/12/2025 2:02:34 PM","","Wyeth Custom Homes","FLAT","5","CRYSTALLO LUMIX","QZ","KITCHEN ISLAND, PERIMETER, FHBSP with CAP, SHELVES, PREP PANTRY","1100 REDBUD TRAIL","move pcs 13-17 too another drawing to cut later.","13813","1","20494","18","","-1","8/11/2025 3:46:46 PM","239.7","5","6","","1"
"3/15/2025 3:56:07 PM","","RisherMartin","MITER","4","LEATHERED DARK FUSION","QZ","BAR BSP","433 CORTONA COVE (2024)","We are going to need pcs 2","13260","1","20256","1","","-1","1/3/2025 10:27:56 AM","27.4","5","6","","1"
"3/15/2025 3:56:07 PM","","5 Birds Dwellings LLC","FLAT","4","CALACATTA VIOLA HONED","MS","VANITY","4405 AVENUE C","Please see drawing for design intent of side splashes. She doesn't have any specific measurements in mind.  She just wants the overall design to look that way. Can you throw something together that looks pretty??  THANK YOU","13232","1","20302","3","","-1","1/3/2025 4:05:11 PM","17.2","5","6","/Side splash edge detail.pdf","1"
"3/15/2025 3:56:07 PM","","DEBBIE JAFFEE","BULLNOSE","5","MONTGOMERY","CAMBRIA","BATH 2 VANITY","JAFFEE - 10604 MELCHER COURT","please correct the grammar in the ""Sales"" note","13316","1","20323","4","","-1","1/6/2025 8:55:30 AM","10","9","6","","3"
"3/15/2025 3:56:07 PM","","DEBBIE JAFFEE","BULLNOSE","5","MONTGOMERY","CAMBRIA","BATH 2 VANITY","JAFFEE - 10604 MELCHER COURT","please revise note","13316","1","20323","4","","-1","1/6/2025 10:08:53 AM","10","9","6","","1"
"3/15/2025 3:56:07 PM","","5 Birds Dwellings LLC","FLAT","5","CARRARA HONED","ms","KITCHEN","4405 avenue C","Long kitchen sink piece only was to have a 4"" backsplash. There will be no side splash","13231","1","20302","6","","-1","1/6/2025 1:03:28 PM","36.5","5","6","","4"
"3/15/2025 3:56:07 PM","","Mother","","","","","","","Needed 4"" back and side splashes","13322","1","20332","4","","-1","1/6/2025 1:27:57 PM","16.4","","6","","4"
"3/15/2025 3:56:07 PM","","Classic Constructors","FLAT HONED","5","WINTERBOURNE MATTE","CAMBRIA","PREP KITCHEN, PANTRY, PRIMARY BATH MAIN VANITY, PRIMARY BATH HER VANITY","5123 Indigo Spires Way","New template on 1/3 - please revise/add newly measured area.","12149","1","19932","18","","-1","1/7/2025 7:10:30 AM","178","7","6","","1"
"3/15/2025 3:56:07 PM","","FIA Homes","MITER","4","BOHEMIAN FLAME","SS","POWDER BATH","7001 Oak Shores","please see the attached markups.  The only thing that is inconsistent in Alpha's drawing is the dimensions of the aprons. Please verify, otherwise, we are good with the design.","12816","1","20112","9","","-1","1/7/2025 3:24:28 PM","16.7","5","6","/20112POWDERBATHBLOCK2OF2-Rejected (1).pdf","5"
"4/22/2025 9:50:54 AM","","Stewart and Company","FLAT HONED","4","ETHEREAL NOCTIS SUEDE","SS","KITCHEN, BATH 1, LAUNDRY","7009 Grove Crest","-1” radius corner on all corners circled in purple (see attachment)-Remove 2 outlets on range wall-Add air switch button on right side aligned with far right hole in sink-Is there another option to put some of the more dramatic veining behind the range?","13721","1","20459","15","","-1","4/21/2025 1:33:23 PM","141.5","7","6","/20459 - KITCHEN, BATH 1, LAUNDRY - BLOCK (TS Comments).pdf","1"
"4/22/2025 8:52:01 AM","","FSB Custom Homes, LLC","FLAT HONED","4","HAMPTON WHITE HONED","MS","PRIMARY BATH THRESHOLDS","3703 Meadowbank Dr","See note on fab form: ""MILL DOWN TO 9/16"" PER GABE""","13739","1","20186","2","","-1","4/21/2025 3:44:35 PM","4.7","7","6","","5"
"4/23/2025 8:30:58 AM","","RisherMartin","MITER","4","TITANIUM HONED","TRAVERTINE","PRIMARY FIREPLACE","3312 BEE CAVE","The designer asked for the grain to run vertically with these slabs","13473","1","20300","16","","-1","4/22/2025 12:39:51 PM","86.3","5","6","","1"
"4/23/2025 9:01:53 AM","","Vinson Radke Homes","2","4","TCALACATTA DO BRASIL HONED","QZ","KITCHEN PERIMETER/ISLAND, BATHROOM VANITY","110 PAKWOOD CT","1. Kitchen bksp should be 84.5"" and trimmed in field.2. Kitchen bksp should be squared (18"" H).3. Back length of vanity should match bksp.4. Ribbing under island OH needs to allow for a 1/2"" plywood to cover the ribbing and sit 1/8"" above the drop edge.","13711","1","20460","6","","-1","4/22/2025 1:22:24 PM","69.9","7","6","","1"
"4/25/2025 3:54:32 PM","","Vinson Radke Homes","2","4","TCALACATTA DO BRASIL HONED","QZ","KITCHEN PERIMETER/ISLAND, BATHROOM VANITY","110 PAKWOOD CT","The length should be added to R side of splash. There is a critical stop at the window (R side) which is where you would trim to fit.Also, change miter to 1 7/8"".","13711","1","20460","6","","-1","4/24/2025 9:15:26 AM","69.9","7","6","","1"
"4/25/2025 4:13:07 PM","","Blue Horse Building","MITERED","3","LAOS","DEKTON","OUTDOOR GRILL","1220 Mesa Ranch Road","Where is the grill cutout?","13766","1","20451","4","","-1","4/25/2025 12:12:20 PM","66.9","5","6","","3"
"4/29/2025 2:20:03 PM","","Clayton, William","FLAT","5","AURORA","OPAL QUARTZ","SHOWER PONY WALL CAP","Clayton-Shower Pony Wall Cap - Fab Only","SEE REVISION REQUEST BY H/O -ATTACHED DRAWING WITH EDITS","13758","2","20480","1","","-1","4/28/2025 9:25:20 AM","2.3","6","6","/REVISION REQUEST BY H-O.jpg","1"
"4/30/2025 10:07:55 AM","","Fierst, Shane","FLAT HONED","5","BIANCO CARRERA HONED","MARBLE","MASTER AND GUEST BATH","FIERST- 140 WAGNER LN","please revise block drawing to change edge profile to Small Ogee Honed at vanities only.  Added new fab form and notified chris-due to edge profile difference at shower seat and curb. Please remove unneccesary yellow highlights on drawing.","13578","1","20415","6","","-1","4/29/2025 8:51:44 AM","29","6","6","","1"
"4/30/2025 10:13:45 AM","","Blue Horse Building","MITERED","3","LAOS","DEKTON","OUTDOOR GRILL","1220 Mesa Ranch Road","Add soap dispenser hole 6"" center to the right","13766","1","20451","4","","-1","4/29/2025 9:18:15 AM","66.9","5","6","","1"
"4/30/2025 10:01:28 AM","","Lake Group Builders","MITERED","4","SARATOGA BLACK","SOAPSTONE","UTILITY","4 Michele Circle","please change to FLAT EDGE","13743","1","20085","3","","-1","4/29/2025 4:42:32 PM","38","9","6","","3"
"4/30/2025 1:49:01 PM","","Fierst, Shane","FLAT HONED","5","BIANCO CARRERA HONED","MARBLE","MASTER AND GUEST BATH VANITIES","FIERST- 140 WAGNER LN","REMOVE SEST AND CURB FROM THIS BLOCK IT HAS ITS OWN FAB FORM NOW-2 DIFF EDGES","13578","1","20415","4","","-1","4/30/2025 11:32:15 AM","29","6","","",""
"5/1/2025 2:20:50 PM","","","","","","","","","Please put the sink model","13002","1","20235","8","","-1","4/30/2025 3:38:07 PM","94.7","","","",""
"5/1/2025 2:15:17 PM","","RedOven Property Solutions","","","","","BUTLER","7808 West Rim","Please label which piece is for which room. Is there a sink at the bar?","12999","1","20235","2","","-1","4/30/2025 3:38:55 PM","34.84","","15","","3"
"5/1/2025 4:46:10 PM","","Blue Horse Building","FLAT POLISH","5","TAHITI","QZ","BATH 1 COUNTERTOP AND SCALLOPED BACKSPLASH","1220 Mesa Ranch Road","Note needs to say to mill down backsplash ONLY to 2cm.  Also need updated Slabsmith layout with backsplash added to vanity","13759","1","20451","1","","-1","5/1/2025 11:08:31 AM","10.2","5","6","","3"
"5/1/2025 2:11:51 PM","","Blue Horse Building","FLAT POLISH","5","TAJ MAHAL","QZ","KITCHEN PERIM","1220 Mesa Ranch Road","Denis will come see you about revisions involving kitchen top with pass through","13763","1","20451","13","","-1","5/1/2025 11:16:36 AM","181.8","5","","",""
"5/1/2025 4:43:50 PM","","Fierst, Shane","FLAT","5","BLACK HONED","SOAPSTONE","LAUNDRY ROOM","FIERST- 140 WAGNER LN","CAN YUO MOVE ALL THE PIECE HORIZONTAL S THE VEINS ARE MOVING IN THE SAME DIRECTION? IS THERE ENOUGH ROOM?","13577","1","20415","8","","-1","5/1/2025 12:28:24 PM","32.7","6","6","/REVISION REQ BY MINDI LAYOUT .jpg","3"
"6/11/2025 2:11:05 PM","","Albrecht Services, LLC","FLAT POLISH","5","MIAMI VENA","SS","KITCHEN/HA BA/GUEST BA/MA BA/LAUNDRY/GUEST HOUSE KITCHEN","3223 SD 55900","confirm faucet holes at vanities, and cab panel on pc 18 of 21 and the overhang dimensions are missing. thanks so much!","13981","7","20533","21","","-1","6/11/2025 1:12:15 PM","153.7","6","6","/20533 - KITCHENHA BA GUEST BA MA BA LAUNDRY GUEST HOUSE KITCHEN.pdf","1"
"6/12/2025 3:33:38 PM","","England, Lanny","HALF BULLNOSE","5","STATUARIO (STOCK)","QZ","KITCHEN AND BATH","England-2960 Hwy 39 106","PLEASE REVISE BATH SINK TO A BUD SINK CH 883-THANK YOU!","13959","1","20511","7","","-1","6/11/2025 2:41:46 PM","38.2","6","15","","3"
"6/16/2025 1:32:20 PM","","Stewart and Company","FLAT HONED","4","CALACATTA MICHELANGELO HONED **TO BE LEATHERED BY ALPHA**","MS","FAMILY ROOM FIREPLACE","500 Las Lomas","Per Denis, remove the diagonal joints on the surround. Pieces 5, 6, and 7 will become one piece. Please see Denis with questions.","13392","1","20362","10","","-1","6/12/2025 7:39:20 AM","34.5","7","6","","2"
"6/12/2025 10:41:32 AM","","Wyeth Custom Homes","FLAT HONED","5","NEGRESSCO HONED","GS","DINING,  POOL BATH,  BATH 2","1100 REDBUD TRAIL","Needs Slabsmith","13814","1","20494","12","","-1","6/12/2025 9:24:39 AM","48","5","12","","1"
"6/16/2025 8:51:20 AM","","","","","","","","","Please revise layout only- new slab ID","13957","1","20443","2","","-1","6/12/2025 2:32:14 PM","11.2","","6","","2"
"6/16/2025 3:03:25 PM","","England, Lanny","HALF BULLNOSE","5","STATUARIO (STOCK)","QZ","KITCHEN AND BATH","England-2960 Hwy 39 106","please revise block to allow for the metal supports. this was billed for and request by h/o prior to template. please see notes in template activity","13959","1","20511","7","","-1","6/13/2025 8:18:54 AM","38.2","6","6","","1"
"6/16/2025 1:40:59 PM","","Floor King","FLAT","5","INVERNESS COBALT","CAMBRIA","KITCHEN ISLAND AND PANTRY","3607 Curtis Drive","The position of the pop-up is incorrect. The correct position is 51 1/2"" left to right, 33 1/4"" right to left, and 24"" front to back. Cutout diameter is 3 5/32"". Please refer to the attached doc on MW ""Pop-up Correct Position""","13756","1","20448","","","-1","6/13/2025 10:29:47 AM","19.7","15","6","","1"
"6/17/2025 2:47:00 PM","","David Wilkes Builders","SPECIALTY (SEE DENIS DRAWING)","4","CALACATTA GREEN (TO BE HONED BY ALPHA)","MS","POWDER","210 LAVACA ST 3502","Please update edge profile (see attached)","13847","1","20280","2","","-1","6/16/2025 7:18:11 AM","16.7","7","6","/powder edge new.png","1"
"6/16/2025 2:08:17 PM","","Amber Berli","FLAT","5","SONATA HONED","DELLATERRA QUARTZ","KITCHEN PERIMETER COUNTER, KITCHEN ISLAND W/ SINGLE WATERFALL, BAR W/ FHBSP","Berli-21435 Lakefront Drive","please edit seam locations. please move island seam to be 2/3 length (towards the sink) roughly 37.25""   overhang. see photo for reference.","13930","1","20534","8","NOT NEEDED","-1","6/16/2025 11:19:41 AM","168.5","9","6","/island seam.jpg","2"
"6/18/2025 1:33:21 PM","","Wyeth Custom Homes","MITERED","4","ROSE","ONYX","POWDER","1100 Redbud Trail","reduce splash to 6""","13810","1","20494","3","","-1","6/16/2025 12:53:07 PM","17","5","6","","1"
"6/18/2025 9:15:45 AM","","Wyeth Custom Homes","FLAT HONED","5","LEATHERED MYKONOS","QZ","UTILITY","705 COUNTY RD 360","Change joint locations at corners","13412","1","20350","4","","-1","6/16/2025 4:11:24 PM","63.1","5","6","","1"
"6/19/2025 5:00:12 PM","","RisherMartin","2 1/4","4","TAJ MAHAL LEATHERED","QZ","ISLAND, KITCHEN PERIMETER, MORNING BAR, FULL HEIGHT SPLASH","2810 Scenic Drive","Add MUD room that was templated. Update Slabsmith Layout","13875","1","20491","18","","-1","6/16/2025 4:54:12 PM","161.4","5","6","","2"
"6/18/2025 9:31:18 AM","","RedOven Property Solutions","FLAT HONED","5","FRESH CONCRETE","CS","LAUNDRY SIDE SPLASH","7808 WEST RIM","Slab ID 331977 is allocated to this phase. We’ve already cut and installed the slabs you used on the layout.","13985","1","20235","1","","-1","6/17/2025 11:04:10 AM","1","7","6","","2"
"6/17/2025 4:29:32 PM","","RenderATX","FLAT POLISH","5","VIVID WHITE","CS","BATH 02 VANITY","519 E Mary St","The drawing still has the old color name – please change this ASAP.","13924","1","20505","1","","-1","6/17/2025 1:23:02 PM","6.7","7","6","","3"
"6/18/2025 3:44:35 PM","","Rattan, Pam and Ron","FLAT","5","EVERLEIGH","CAMBRIA","VANITY","Rattan -13214 Villa Park Dr (2025)","See mw for notes on soap dispenser holes. These were missed!","13928","1","20537","1","NOT NEEDED","-1","6/17/2025 5:27:23 PM","13.2","5","12","","2"
"6/18/2025 9:21:24 AM","","TEST FAB FORM FOR REVISIONS","TEST FAB FORM FOR REVISIONS","5","TEST FAB FORM FOR REVISIONS","TEST FAB FORM FOR REVISIONS","TEST FAB FORM FOR REVISIONS","TEST FAB FORM FOR REVISIONS","TEST X 20TEST X 20TEST X 20TEST X 20TEST X 20TEST X 20TEST X 20TEST X 20TEST X 20TEST X 20TEST X 20TEST X 20TEST X 20TEST X 20TEST X 20TEST X 20TEST X 20TEST X 20TEST X 20TEST X 20","14000","1","0","","","-1","6/18/2025 9:20:05 AM","1","5","","","3"
"3/15/2025 3:56:07 PM","","PHILIPPE MESRITZ","FLAT","5","Berkshire Steel Satin Ridge","CAMBRIA","KITCHEN COUNTERTOPS","MESRITZ - 102 BERRY COVE","please note a starting point from where the first hole (either on the left or the right) starts from the end of the cabinet. customer is drilling holes into the wood beneath","13517","1","20380","","","-1","2/26/2025 9:10:55 AM","52.5","9","6","","1"
"3/15/2025 3:56:07 PM","","Classic Constructors","FLAT HONED","5","WINTERBOURNE MATTE","CAMBRIA","PREP KITCHEN, PANTRY, PRIMARY BATH MAIN VANITY, PRIMARY BATH HER VANITY","5123 Indigo Spires Way","Please revise drawing with re-template of Her Primary Vanity","12149","1","19932","18","","-1","2/26/2025 11:57:19 AM","178","7","6","","1"
"3/15/2025 3:56:07 PM","","Ignite Outdoor Kitchens","FLAT HONED","4","OPERA","DEKTON","OUTDOOR KITCHEN","8818 BIG VIEW DRIVE 4","Layout from Markos no bueno.  The vein match to the right of the grill is pretty rough.Also this is a program color so let's try to move some of the smaller pieces to the slab with the sink top to conserve material.","13482","1","20386","8","","-1","2/26/2025 11:59:54 AM","44.8","5","6","/layout no bueno.PNG","3"
"3/15/2025 3:56:07 PM","","Golden Build Company","FLAT","5","RAINIER GOLD","STRATUS QUARTZ","BATH 4","4204 Churchill Downs","Per Builder: Can I have the tub shelves 6 1/2” wide.","13385","1","20364","","","-1","2/26/2025 2:16:18 PM","5","5","15","","3"
"3/15/2025 3:56:07 PM","","Golden Build Company","MITERED","5","GOLD CARRARA","STRATUS QUARTZ","MASTER SHOWER SEAT and CURB","4204 Churchill Downs","Combine layout with the Master Vanities please","13387","1","20364","5","","-1","2/26/2025 2:23:39 PM","14.3","5","15","","3"
"3/15/2025 3:56:07 PM","","RisherMartin","FLAT HONED","4","CALACATTA MONET HONED","MS","POWDER","3312 BEE CAVE","The drain needs to be changed to a Compas Chiseled Rose Drain.  I'll send in an email.Also the customer emailed in a file showing the general area of the slab she would rather see as the main front miter panel on the layout.","13237","1","20300","4","","-1","2/26/2025 4:19:12 PM","31.5","5","6","/homeowner markup for powder layout.jpg","1"
"5/19/2025 4:23:30 PM","","FIA Homes","FLAT","5","CRYSTALLO LUMIX EXTRA PREMIUM","QZ","KITCHEN PERIMETER TOPS, RANGE WALL FHBSP, LEVEL 1 BAR","1904 RALEIGH AVE","Update with pop up outlet per instruction from Gabe   new Bocci location","13677","1","20452","6","","-1","5/14/2025 1:47:26 PM","73.2","5","15","","3"
"5/15/2025 11:04:31 AM","","Waller Building Company, LLC","FLAT","4","VAGLI TO BE HONED BY AG","MS","BATH 2 LOOSE PIECES","4605 STRASS DR","please match approved mock-up slabsmith layout","13521","1","20197","5","","-1","5/15/2025 9:31:00 AM","4.2","9","6","/bath 2 layout.jpg","3"
"5/15/2025 11:05:25 AM","","Waller Building Company, LLC","FLAT","4","Calacatta Vagli ** to be honed by AG **","MS","POOL BATH VANITY","4605 STRASS DR","please match mock up slabsmith layout","13528","1","20197","1","","-1","5/15/2025 9:32:35 AM","8.5","9","6","/pool bath slabsmith.jpg","3"
"5/15/2025 11:04:40 AM","","Waller Building Company, LLC","FLAT","4","VAGLI ** TO BE HONED BY AG **","MS","BATH 2 VANITY and linen top","4605 STRASS DR","please match mock up slabsmith layout","13522","1","20197","2","","-1","5/15/2025 9:35:15 AM","19.3","9","6","/bath 2 layout vanities.jpg","1"
"5/15/2025 11:12:18 AM","","Waller Building Company, LLC","FLAT","4","CALACATTA VAGLI","MS","KITCHEN SINK PERIMETER W/ 7","4605 STRASS DR","please remove seam from DXF file in slabsmith and match mock up","13524","1","20197","9","","-1","5/15/2025 9:39:44 AM","66","9","6","/kitchen perimeter layout.jpg","3"
"5/15/2025 4:30:59 PM","","Rauser Construction","MITER","5","OPAL WHITE HONED","MS","PRIMARY BATH VANITY","3400 Barranca Circle","Holes for faucet","13583","1","20245","1","TR sent email with detailed info","-1","5/15/2025 10:08:01 AM","11.6","5","6","","1"
"5/16/2025 9:42:55 AM","","Rauser Construction","FLAT HONED","5","MILAN BLACK (honed or leathered?)","QZ","KITCHEN","3400 Barranca Circle","Move joint on pc 8 to go the other direction so Pc 9 becomes 64 5/8 long.I had an hour meeting with the clients re the layout, so I will do that once seam has changed.","12955","1","20245","19","","-1","5/15/2025 12:41:56 PM","126","5","15","","3"
"5/16/2025 9:13:27 AM","","Texas Construction Company","FLAT HONED","5","CALACATTA GOLD HONED","MS","GUEST BATH VANITY, SHOWER BENCH TOP, SHOWER NICHE BOTTOM","300 Las Lomas Drive","Please update drawing to show new color (2 fab forms were combined). Needs slabsmith now.","13835","1","20425","3","","-1","5/16/2025 8:07:37 AM","18.4","7","15","","3"
"8/27/2025 10:50:06 AM","","","","","","","","","","","","","","THIS REVISION WAS BLANK, I THINK IT WAS AN ERROR.","-1","5/16/2025 11:13:51 AM","","","6","","1"
"5/20/2025 4:39:30 PM","","Texas Construction Co.","FLAT POLISH","5","WHITE CLIFF POLISHED","CAMBRIA","BAR","2205 Schulle Ave.","Customer would like depth to be 25 3/16"" on both sides","13487","1","20388","1","","-1","5/16/2025 2:16:23 PM","10.7","7","6","","1"
"5/20/2025 1:57:16 PM","","Stewart and Company","FLAT HONED","4","CALACATTA MICHELANGELO HONED **TO BE LEATHERED BY ALPHA**","MS","FAMILY ROOM FIREPLACE","500 Las Lomas","Can you lay out the fireplace and the master shower walls together to see if you can conserve any material? We need to save as much as possible for a future phase.","13392","1","20362","10","","-1","5/16/2025 2:31:03 PM","34.5","7","6","","2"
"5/20/2025 1:57:22 PM","","Stewart and Company","FLAT HONED","4","CALACATTA MICHELANGELO HONED **TO BE LEATHERED BY ALPHA**","MS","PRIMARY SHOWER WALLS","500 LAS LOMAS","Can you lay out the fireplace and the master shower walls together to see if you can conserve any material? We need to save as much as possible for a future phase.","13394","1","20362","10","","-1","5/16/2025 2:31:17 PM","206.5","7","6","","2"
"5/22/2025 9:11:50 AM","","Rauser Construction","MITER","5","OPAL WHITE HONED","MS","PRIMARY BATH VANITY","3400 Barranca Circle","332047 has already been cut. Redo layout with 332913 right hand L 112*62/91*15","13583","1","20245","1","","-1","5/19/2025 11:16:43 AM","11.6","5","6","","3"
"5/20/2025 4:42:20 PM","","Fleener Co., LLC","FLAT","5","EBONY NEGRESO HONED","GS","ISLAND W/WATERFALL DROP DOWN PANEL","208 Woodcrest Street","please edit polish the backside of the WFP to HONE the backside of the WFP","13050","1","20268","2","","-1","5/19/2025 11:36:37 AM","68.8","6","6","","3"
"5/22/2025 9:27:43 AM","","Godsey Homes","FLAT","6","TAJ MAHAL -HAND SELECT","QUARTZITE","KITCHEN","750 Mesa Ridge","revision request by builder- both the accessory holes at the sink need to be 8"" from the center of faucet. one 8"" to the left and 1 8"" to the right of faucet center","13859","1","20514","3","","-1","5/19/2025 1:14:03 PM","79.5","6","6","","1"
"5/20/2025 9:23:40 AM","","Hayes, Jacob","FLAT","5","RAINIER","STRATUS QUARTZ","KITCHEN, ANGLED VANITY, RECTANGULAR VANITY","Hayes- 906 Blackjack Cove","THE CLIENT WOULD LIKE TO REMOVE THE TWO DOG EARS IN ORDER TO ELIMINATE THE NEED FOR THE LONG SEAM BY THE WINDOW.","13754","1","20479","13","","-1","5/19/2025 1:44:49 PM","64.9","15","15","","3"
"6/25/2025 4:36:38 PM","","FSB Custom Homes, LLC","MISC","4","TRAMBISERA HONED","MS","MASTER SHOWER WALL","3602 Murillo Circle","See attachment, and also: ""Yes, we do need the overall wall width to match the overall bench width. The baseboard is effectively to wrap the entire assembly.""","13704","1","19918","34","WILL NEED RETEMPLATE ✋ - HOLD - REQUESTING MORE INFO, IT SEEMS LIKE THIS IS ALREADY THE CASE.","-1","6/23/2025 11:05:47 AM","88.5","7","6","/3602 MURILLO CIRCLE - MASTER SHOWER WALL REDLINE 01 2025-06.13.pdf","3"
"6/25/2025 10:01:55 AM","","Yin, Adele","FLAT HONED","4","MARMORIO","DEKTON","TABLE TOP","Yin-Marmorio Tabletop - FAB ONLY","Please revise table dimensions to 52"" x 29"", and run the table the other direction on the slab if possible.","14011","2","20560","1","","-1","6/23/2025 1:30:06 PM","11.4","7","6","","1"
"6/27/2025 8:06:55 AM","","Venco Construction","FLAT","4","TAJ ROYALE","CS","KITCHEN","3933 Steck Ave B-111","slabs dont match. make all vanity pieces out of smaller piece. Move Joint in kitchen over to not be over the icemaker","14022","1","20546","8","","-1","6/23/2025 1:32:14 PM","34.6","5","6","","3"
"6/25/2025 9:09:23 AM","","Stewart and Company","FLAT HONED","5","VIRGINIA MIST HONED (TO BE LEATHERED BY AG)","GS","BATH 3","500 LAS LOMAS","Please make backsplash have 6"" radius corners.","13935","1","20362","2","","-1","6/23/2025 2:08:15 PM","11.1","7","6","","1"
"6/24/2025 3:53:32 PM","","Stewart and Company","FLAT HONED","5","VIRGINIA MIST HONED (TO BE LEATHERED BY AG)","GS","WINE RM, BUT PANTRY, LAUNDRY, DOWN GUEST BATH, GAME RM, GAME RM BATH, JJ DESK","500 LAS LOMAS","Please make backsplashes have 6"" radius corners, and add radius corner on right side of Guest Bath backsplash.","13396","1","20362","","","-1","6/23/2025 2:09:06 PM","100","7","6","","1"
"6/25/2025 5:00:51 PM","","Shoberg Homes","FLAT HONED","5","MINAS","SOAPSTONE","WET BAR","1501 Rabb Rd","Need new Slabsmith layout. We got new material Slab 333732","12059","1","19976","1","","-1","6/24/2025 11:39:21 AM","18.2","5","6","","1"
"6/25/2025 8:40:51 AM","","RisherMartin","2 1/4","4","TAJ MAHAL LEATHERED","QZ","MUD, ISLAND, KITCHEN PERIMETER, MORNING BAR, FULL HEIGHT SPLASH","2810 Scenic Drive","For Mud Room Piece:designer wants grain flow goin left to right vs. front to back","13875","1","20491","18","","-1","6/24/2025 5:07:13 PM","161.4","5","6","","3"
"7/24/2025 4:05:38 PM","","Ignite Outdoor Kitchens","FLAT HONED","4","SOKE","DEKTON","OUTDOOR KITCHEN","5009 CREEK MEADOW","SEE EMAIL WITH 4 requests.","14020","1","20376","6","","-1","7/22/2025 5:43:26 PM","40.4","5","6","","3"
"7/23/2025 4:06:57 PM","","RD Horton Construction","TBD","5","SLEEK CONCRETE","CS","INDOOR KITCHEN","375 Esquell Ranch Road","Please revise edge profie to a Half bullnose edge per builder","14079","1","20575","3","","-1","7/23/2025 1:30:44 PM","36.1","6","","","3"
"7/23/2025 3:44:36 PM","","Venco Construction","FLAT","5","TAJ MAHAL","QZ","FIREPLACE SURROUND","1705 University Club Drive","This is a fireplace. Add the necessary joints for expansion.","14157","1","20608","1","","-1","7/23/2025 2:22:04 PM","33.6","5","15","","3"
"7/24/2025 3:11:37 PM","","FIA Homes","FLAT HONED","5","BRASS RELISH","SS","UTILITY","1701 Brookhaven Drive","MAKE CUTOUT AS A REVEAL TO MATCH KITCHEN SINK CUTOUT, Note was in MW but ignored.","13972","1","20135","3","","-1","7/23/2025 2:31:37 PM","36.5","5","6","","3"
"7/29/2025 10:55:57 AM","","Alysha Rainwaters","FLAT","5","TAJ MAHAL","QZ","KITCHEN PERIMETER, KITCHEN FHBSP W/ SHELF","Rainwaters-4840 Canyon Bend","client wants us to mill the space under / around the metal supports. template verification done to place these exact spots on 7/23. please revise shelf with this and add to notes for shop / installers as needed.","14073","1","20589","9","","-1","7/24/2025 10:23:37 AM","70.9","9","6","","1"
"7/25/2025 2:53:18 PM","","FIA Homes","FLAT HONED","5","CLEARSKIES","CAESARSTONE","OUTDOOR KITCHEN","2112 Paramount","Change o/h","12724","1","20173","5","","-1","7/24/2025 4:52:40 PM","16.4","5","6","","1"
"7/28/2025 3:39:27 PM","","Lake Group Builders","custom","5","CALACATTA CALDIA","MS","PRIMARY BATH VANITY","4 MICHELE CIRCLE","Please change name on shop to Primary Bath Vanity, change edge to the attached (cove edge? or custom?). remove the miters(pcs of 8 and 4 of 8), change backsplash to 3"" total with scalloped corners like the attached.","13311","1","20085","8","","-1","7/25/2025 3:10:54 PM","36.4","9","6","/20085 - MASTER BATH VANITY-BLOCK-REDLINED 2025.07.07.pdf","1"
"7/25/2025 3:43:45 PM","","Lake Group Builders","FLAT","5","CALACATTA CALDIA","MS","PRIMARY BATH SHOWER SEAT TOP","4 Michele Circle","please change title on shop to ""primary bath shower seat top""","13136","1","20085","1","","-1","7/25/2025 3:12:34 PM","5","9","6","/Screenshot 2025-07-25 151211.jpg","1"
"7/28/2025 11:03:07 AM","","Mueller, David","FLAT","5","MONA LISA","GS","KITCHEN, ISLAND, HI BAR, BAR, LAUNDRY","Mueller-2824 St. Rodrigo Court","The Bar","14094","1","20596","14","","-1","7/28/2025 10:38:28 AM","109.4","5","12","","3"
"7/28/2025 1:00:02 PM","","Nury","","","","","","","please edit block drawing-remove scribe- it was supposed to be removed on 7/17-recvd revised layout and block fromMarkos-but scribe still shows on block -Thanks!","14100","1","20598","5","","-1","7/28/2025 11:48:33 AM","81.8","","6","","3"
"7/29/2025 11:30:47 AM","","Venco Construction","FLAT","5","TAJ MAHAL","QZ","FIREPLACE SURROUND","1705 University Club Drive","SS layout was done on the old drawing before joints","14157","1","20608","1","","-1","7/28/2025 12:04:33 PM","33.6","5","6","","3"
"7/29/2025 10:12:49 AM","","Frio Canyon Vineyards","FLAT","4","AURORA","OPAL QUARTZ","WINE LAB/RESTROOM","2344 East Ranch Rd 337","pleasew revise layout-jointed bsp pieces can share same slab- 11,15,14","14087","1","20593","15","","-1","7/28/2025 2:12:30 PM","98.2","6","6","","3"
"7/30/2025 11:28:07 AM","","RisherMartin","1 1/2","3","calatorao","NEOLITH","HIS CLOSET TOP","3312 Bee Cave Rd.","Layout change Move pc to the left side of the slab per owner","14166","1","20300","1","","-1","7/29/2025 11:40:52 AM","9.8","5","6","","1"
"7/30/2025 11:22:45 AM","","RisherMartin","FLAT HONED","5","TAJ MAHAL LEATHERED","QZ","HER CLOSET TOP","3312 BEE CAVE","make changes per email sent from TR 7/29","14165","1","20300","1","","-1","7/29/2025 12:45:43 PM","9.8","5","6","","1"
"7/29/2025 3:19:58 PM","","Frio Canyon Vineyards","FLAT","4","AURORA","OPAL QUARTZ","WINE LAB/RESTROOM","2344 East Ranch Rd 337","So sorry- PLease revise and use Dart sink as originally requested- per builder. Don't shoot the messenger :-)","14087","1","20593","15","","-1","7/29/2025 2:50:59 PM","98.2","6","6","","1"
"7/30/2025 11:33:04 AM","","RisherMartin","FLAT HONED","4","TAJ MAHAL LEATHERED","QZ","TV ROOM WET BAR SPLASHES ONLY (TEMPLATED ON 7-18)","3312 BEE CAVE","No splash pcs needed at the front. Just back","14167","1","20300","3","","-1","7/30/2025 9:46:50 AM","1.4","5","6","","4"
"7/30/2025 3:17:09 PM","","Vassallo Tile","FLAT LEATHERED","5","TAHITI PREMIUM","QZ","FAB ONLY KITCHEN","Fab Only Top","The edge is leathered, not honed. Thanks!","14141","2","20605","8","","-1","7/30/2025 12:47:21 PM","44.7","15","6","","3"
"7/31/2025 3:44:58 PM","","Ranganathan, Sruthi","FLAT","5","TAJ MAHAL","QZ","KITCHEN, DROP ZONE TOP, AND PANTRY","Ranganathan-2313 Chloes Bloom Bend","Drawing is missing the full height backsplash (cooktop area)","14196","7","20620","14","","-1","7/31/2025 2:27:06 PM","154.4","15","6","","3"
"9/16/2025 11:50:12 AM","","Waller Building Company, LLC","FLAT","4","ARABESCATO CORCHIA","MS","Primary Bath  Vanity","1205 Wilderness","need revision that shows pencil detail (like @ 4605 Strass BATH 1)","14317","7","20413","15","","-1","9/15/2025 2:50:05 PM","27.6","9","6","/1235.jpg","1"
"9/17/2025 10:06:17 AM","","Phil Jackson Studio","FULL BULLNOSE","5","TAJ MAHAL","QZ","FAB ONLY PRESS STATION TOP","Press Station","Left side dimension now needs to be 19 1/2"" (add to the front). Right side will remain 19"".","14348","2","20658","1","","-1","9/15/2025 3:44:33 PM","5.5","7","6","","1"
"9/19/2025 11:29:17 AM","","Waller Building Company, LLC","MITER to 16","5","SARATOGA LEATHERED","QZ","Powder Bath","1205 Wilderness","please see attached- sink is changing and client needs to know if sink and faucet will fit with backsplash","14316","1","20413","","","-1","9/15/2025 5:46:46 PM","13.1","9","6","/1444.jpg","1"
"9/17/2025 11:33:05 AM","","Shoberg Homes","MITERED","3","INVISIBLE WHITE LIGHT","ANTOLLINI PORCELAIN","STUDIO KITCHEN","2775 Elder Hill Rd","Add standard porcelain substrate","13806","1","20394","2","","-1","9/16/2025 8:57:16 AM","35.99","5","6","","3"
"9/17/2025 11:18:51 AM","","Vinson Radke Homes","FLAT POLISH","5","BLIZZARD","CS","BATH1 VANITY, BATH 2 VANITY","801 W JOHANNA ST","Use the Duravit sink in Bath 1 and Kohler sink in Bath 2.","13478","1","20379","6","","-1","9/16/2025 1:06:59 PM","17.3","7","6","","1"
"9/17/2025 1:05:18 PM","","Texas Construction Company","FLAT HONED","5","ABSOLUTE BLACK **TO BE LEATHERED BY ALPHA**","GS","KITCHEN PERIMETER","907 Terrace Mountain Drive","Please change cooktop wall countertop to be 28-1/2” deep at the left, middle, and right sides of the wall.","14270","1","20562","2","","-1","9/16/2025 2:08:02 PM","30.2","7","6","","1"
"9/17/2025 11:02:48 AM","","Shoberg Homes","FLAT","3","CORCHIA POLISHED","STRATUS PORCELAIN","PRIMARY SHOWER SEAT, SHELF","2289 DRIFTWOOD RANCH DR","This drawing still does not match the new template file. Remove glass track","13604","1","20164","20","","-1","9/16/2025 4:56:44 PM","112.6","5","6","","3"
"9/17/2025 11:40:53 AM","","Miars Construction","FLAT HONED","5","TAJ MAHAL HONED","QZ","KITCHEN PERIMETER","5304 Western Hills","Add center faucet hole","13899","1","20516","13","Add center faucet hole & one hole each to the left and the right of center faucet. 8"" center to the center of the faucet hole.","-1","9/16/2025 5:43:57 PM","143","5","6","","3"
"3/15/2025 3:56:07 PM","","Vinson Radke Homes","FLAT HONED","5","BELGUIN BLUE","LIMESTONE","MUDROOM COUNTERTOP","1104 Maufrais St.","Customer has changed color selection for Bath 2 - will now be Calacatta Gold Borghini 2cm. Remnant is allocated to the job and Cedric is photoing it shortly. I will do the slabsmith layout because he wants to use a certain area of the slab.","12975","1","20244","1","","-1","11/18/2024 10:45:10 AM","12","7","6","","1"
"3/15/2025 3:56:07 PM","","Koch Construction","","","","","ABE","1108 W. 9th","Make changes per drawing Gabe went over with Joshua","12964","1","20090","2","DXF UPDATED","-1","11/18/2024 11:58:19 AM","9","","6","","1"
"3/15/2025 3:56:07 PM","","Koch Construction","OGEE","4","BIANCO CARRERA HONED","MS","MAIN BATH FIREPLACE SURROUND AND HEARTH","1108 W. 9th","Make changes per drawing that Gabe went over with Josh.","12968","1","20090","4","DXF UPDATED","-1","11/18/2024 12:12:17 PM","15.5","5","6","","1"
"3/15/2025 3:56:07 PM","","Capitol city contracting","3cm Flat honed","5","Primordia","Cs","KITCHEN AND PANTRY","720 upson","Please add a seam at the center of the Cooktop (pc 1) so that the grain flow can run correction on the Slabsmith layout.I am using the CAD ss option.","13096","1","20151","7","REVISION COMPLETE, DXF UPDATED. PDF IN S DRIVE.","-1","11/18/2024 12:23:52 PM","91","5","6","","5"
"3/15/2025 3:56:07 PM","","Koch Construction","","","","","ABE","1108 W. 9th","please revise per drawing Gabe went over with Josh","12963","1","20090","12","DXF UPDATED, CUST ADDED -45 DETAIL AT JAMB","-1","11/18/2024 12:43:24 PM","17.5","","6","","1"
"3/15/2025 3:56:07 PM","","Specialty Builders","FLAT POLISH","5","RAINIER","STRATUS QUARTZ","MASTER VANITY","6301 Oasis Drive","there is a note on the drawing saying that the owner changed to a Bevel edge.  The edge still says Flat Polish","13115","1","20282","4","","-1","11/19/2024 1:27:01 PM","14.5","5","6","","5"
"3/15/2025 3:56:07 PM","","RD HORTON CONSTRUCTION","CHISELED","5","BLACK PEARL LEATHERED","GS","KITCHEN, MA BA, GUEST BA","488-602 COUNTRY RD 442","correct sf total- correct layout-see attached","13086","1","20281","12","","-1","11/19/2024 2:31:29 PM","140.2","6","6","/countergo layout.pdf","3"
"3/15/2025 3:56:07 PM","","Lakeline Homes","FLAT","5","EVERLEIGH","CAMBRIA","KITCHEN, GUEST BATH, UTILITY, FIREPLACE","7909 Brightman Lane","Per builder, At the fireplace add 3/4"" to each end and also 3/4"" to the front","13021","1","20258","10","DXF UPDATED","-1","11/20/2024 10:16:40 AM","124.9","5","6","","1"
"9/30/2025 10:24:11 AM","","Shoberg Homes","MITERED","5","PLATINUM LEATHERED","QZ","BATH 5 TUB DECK, SKIRT, NICHE BOTTOM AND NICHE SHELF","302 Inwood","redo layout considering future pieces. see file","14059","1","20333","4","🤚 HOLD - PRELIM PIECES DON'T FIT ON SLAB ALLOCATED CONFIRMING WE ARE DOING THE DECK IN PIECES.","-1","9/23/2025 4:06:20 PM","30.1","5","6","/Bath 5 & Pool Bath pieces.png","2"
"9/29/2025 1:49:30 PM","","Shoberg Homes","MITERED","5","RHINO WHITE HONED","MS","BATH 2 (RED’S) TUB DECK","302 Inwood","Need new layout with future pieces per file added in.","14112","7","20333","7","","-1","9/23/2025 4:39:59 PM","23.1","5","6","/Bath 2 and Laundry pieces.png","2"
"9/29/2025 4:39:22 PM","","Shoberg Homes","MITERED","5","SOHO LEATHERED","QZ","BATH 3 TUB DECK WITH SKIRT(WALL)","302 Inwood","tub deck was bid in strips so material will be enough","14340","1","20333","10","🤚 HOLD - CONFIRMING WE ARE DOING THE DECK IN PIECES.","-1","9/23/2025 5:02:15 PM","28","5","6","","2"
"9/24/2025 4:48:36 PM","","RisherMartin","MITER","1","LIEM DARK POLISHED AND MATTE","PORCELANOSE PORCELAIN","PRIMARY SHOWER SEAT","3312 BEE CAVE","the top of the seat is what needs be matte material","14168","1","20300","5","","-1","9/23/2025 5:06:55 PM","16","5","6","","3"
"9/30/2025 10:36:41 AM","","Texas Construction Company","FLAT HONED","5","ABSOLUTE BLACK **TO BE LEATHERED BY ALPHA**","GS","KITCHEN PERIMETER","907 Terrace Mountain Drive","Please change countertop depth to 28 1/4"" to make the overhang 1 3/8""","14270","1","20562","2","","-1","9/25/2025 7:55:40 AM","30.2","7","6","","1"
"9/26/2025 2:38:05 PM","","Vinson Radke Homes","FLAT POLISH","5","BLIZZARD","CS","BATH1 VANITY, BATH 2 VANITY","801 W JOHANNA ST","From builder: ""The total width at the front and back should be 53 1/2"". We did some wall work to fix a high spot.""","13478","1","20379","6","REVISION REQUEST IS FOR BATH 2 - 🤚 HOLD - CONFIRMING THIS DIMENSION LEAVES 1/16 AT WALLS","-1","9/25/2025 11:02:45 AM","17.3","7","6","","1"
"9/25/2025 4:35:36 PM","","Vinson Radke Homes","2 1/2","5","CHANTILY LEATHERED","QZ","KITCHEN PERIMETER W/ FHBS, KITCHEN ISLAND","801 W JOHANNA ST","Move pop up outlets as noted on attachment. Please also show dimensions of outlet cutout locations.","13479","1","20379","","","-1","9/25/2025 11:09:45 AM","239.5","7","6","/redline_801 Johanna - Pop Up Placement Revision Kitchen Perimeter.jpg","1"
"9/30/2025 11:50:08 AM","","ENVE BUILDERS","FLAT HONED","5","COPACABANA LEATHERED","GS","PANTRY","4207 WATERS EDGE COVE","Revise per 9/24 template","14428","1","20567","4","","-1","9/25/2025 11:54:48 AM","74.53","7","6","","1"
"9/26/2025 1:48:35 AM","","Abode Modern Homes","FLAT","4","BLANCO MAPLE","SS","LAUNDRY, GYM","4315 FAR WEST BLVD","Laundry sink","14363","1","20654","4","The Laundry sink & faucet are wrong on this drawing. Please fix quickly as we have a date next week we need to hit.","-1","9/25/2025 1:48:07 PM","32.9","5","12","","3"
"9/26/2025 1:48:30 AM","","Abode Modern Homes","FLAT","5","brass relish","SS","KITCHEN PERIMETER","4315 Far West Blvd","add requested dimensions per file","14361","1","20654","3","","-1","9/25/2025 2:09:25 PM","70.1","5","12","/Kitchen dimensions needed.pdf","1"
"9/25/2025 4:20:17 PM","","Rauser Construction","MITER","4","CALACATTA MONET HONED","MS","POWDER, OFFICE BATH","3805 Balcones Drive","Revise layout to match original approved","14207","1","20455","12","","-1","9/25/2025 2:21:34 PM","38.5","5","6","/Preferred layout for office & powder.png","1"
"10/10/2025 10:30:46 AM","","Vinson Radke Homes","2 1/2","5","CHANTILY LEATHERED","QZ","KITCHEN PERIMETER W/ FHBS, KITCHEN ISLAND","801 W JOHANNA ST","Show spacing between all outlets and from outlet to cooktop cabinet, outlet to cabinet at the ends.","13479","1","20379","","","-1","9/26/2025 6:53:24 AM","239.5","7","6","","1"
"10/2/2025 1:31:39 PM","","Abode Modern Homes","FLAT","5","brass relish","SS","KITCHEN PERIMETER","4315 Far West Blvd","change holes per attached file","14361","1","20654","3","","-1","9/26/2025 9:49:52 AM","70.1","5","6","/Kitchen hole changes","1"
"10/2/2025 10:27:36 AM","","Vitek McIver Homes","","","","","KEVIN","345 Pecan Grove Drive","Please revise based on new template from 9/25","14101","1","20408","2","","-1","9/29/2025 6:58:25 AM","47.5","","6","","1"
"10/3/2025 7:56:17 AM","","Vitek McIver Homes","2 1/4","4","CALACATTA CIOLA VAGLI HONED","MS","KITCHEN, DROP STATION","345 Pecan Grove Drive","Please revise based on new template from 9/25","14102","1","20408","9","","-1","9/29/2025 6:58:42 AM","110.4","7","6","","1"
"10/3/2025 8:29:17 AM","","Vitek McIver Homes","14","5","SNOWFALL","GS","POWDER","345 PECAN GROVE DRIVE","Please revise based on new template from 9/25","14104","1","20408","","","-1","9/29/2025 6:59:06 AM","13","7","6","","1"
"11/10/2025 11:33:00 AM","","Lipscomb, David","FLAT","5","MIAMI WHITE","SS","MASTER AND GUEST BA","Lipscomb-909 Lake Drive","revise as per phone conversation between gabe and Josh","14591","1","20723","8","🔥🔥🔥","-1","11/7/2025 3:01:56 PM","31.8","6","6","","1"
"11/12/2025 2:01:37 PM","","ENVE BUILDERS","FLAT HONED","5","COPACABANA LEATHERED","GS","KITCHEN","4207 WATERS EDGE COVE","Revise cooktop cutout per attachment","14429","1","20567","12","","-1","11/10/2025 7:42:29 AM","189","7","6","/25-11-07_Vedadi_Kitchen counters shop drawing V3RCF_Alpha.pdf","1"
"11/12/2025 12:50:06 PM","","Vitek McIver Homes","FLAT","5","TAJ MAHAL","QZ","KITCHEN PERIMETER AND COFFEE BAR","2517 HARTFORD RD","Change coffee bar backsplash height to 22 1/2"" (backsplash should no longer run behind upper cabinets)","14651","7","20563","9","","-1","11/10/2025 7:44:04 AM","112.3","7","6","","1"
"11/14/2025 8:54:50 AM","","Goodman, Kim","FLAT","5","NIGHTFALL HONED","PENTAL QUARTZ","KITCHEN","Goodman- 4416 Sam Bass Road","The client would like the island to measure 100"" x 42 1/4"". Please revise.","14613","1","20729","11","","-1","11/10/2025 10:55:13 AM","113.8","15","6","","1"
"11/14/2025 9:47:29 AM","","Oakman Building Company","FLAT HONED","5","ABSOLUTE BLACK HONED","GS","FAB ONLY TUB BASE","1625 Westlake Drive","Revise dimensions per attachment","14610","2","20738","1","","-1","11/10/2025 2:21:05 PM","5.1","7","6","/20738 - OBC Mark-up FAB ONLY TUB BASE-BLOCK.pdf","1"
"11/12/2025 3:12:17 PM","","Rejuve Group","FLAT HONED","5","OLYMPIAN WHITE TO BE HONED","MS","KITCHEN","2010 Alegria Rd.","Please revise per Gabe's new template 11/10","14263","1","20636","12","","-1","11/10/2025 2:23:53 PM","77.3","7","6","","1"
"11/12/2025 1:37:37 PM","","Rauser Construction","FLAT HONED","4","HONED BOT 15 1974","TERRAZZO","BATH 2 SHOWER SHELF, CURB, SHOWER JAMB, WINDOW SURROUND","3805 Balcones Drive","Make changes to window surround per Gabe's instruction","14209","1","20455","8","","-1","11/10/2025 4:09:09 PM","25","5","6","","4"
"11/12/2025 1:42:53 PM","","Rauser Construction","MITERED","4","CALACATTA LINCOLN (HONED BY ALPHA)","MS","PRIMTUB,BENCH,VT,CLOSET,JAMBSet GT BTH 1/2 WALL","3805 Balcones Drive","Make changes per meeting Gabe had with Josh","14214","1","20455","15","","-1","11/10/2025 4:10:07 PM","71.6","5","6","","1"
"11/11/2025 12:40:22 PM","","Warriner Construction, LLC","MITER","4","MIAMI WHITE","SS","CABANA TRIM REMAKE","Warriner - 1415 W. 10th St. (2025)","Layout can be done now. Miami White 2cm SS  334724 INV 128x63","14519","4","20638","9","","-1","11/11/2025 10:14:24 AM","14.4","5","15","","3"
"12/18/2025 3:12:46 PM","","Waller Building Company, LLC","FLAT","4","MYSTERY WHITE HONED","MS","PRIMARY BATH VANITY","7703 LONG POINT DRIVE","please revise edge to ""Ogee stacked w/ full bullnose"" - see if we can relocate seam to the left so it sits under upper column","13615","1","20417","3","","-1","12/17/2025 1:17:47 PM","28.9","9","6","/20417 - PRIMARY BATH VANITY redlines.pdf","1"
"12/19/2025 4:44:23 PM","","Waller Building Company, LLC","FLAT","4","BIANCO CARRERA HONED","MS","BATH 1 / GIRLS BATH VANITY","7703 LONG POINT DRIVE","revise edge profile to small ogee, increase all side and backsplash to 5"", omit backsplash decorative detail, add side splash details (clipped/radius corners), align side splash with beginning of small ogee detail. see attached","13621","1","20417","4","","-1","12/18/2025 10:28:20 AM","14.6","9","6","/20417 - BATH 1, GIRLS BATH VANITY redline.pdf","1"
"12/30/2025 10:03:11 AM","","Vitek McIver Homes","2 1/2","5","TAJ MAHAL","QZ","KITCHEN island","2517 Hartford Road","Remove mitered edge, change to flat polish edge, remove substrate, make sure overhang is 1/16"" off drawers (they are 3/4"" thick)","14508","1","20563","11","retempltaed","-1","12/18/2025 12:48:25 PM","82.7","7","6","","1"
"12/30/2025 10:03:25 AM","","Vitek McIver Homes","FLAT","5","TAJ MAHAL","QZ","KITCHEN PERIMETER","2517 HARTFORD RD","Remove mitered edge, change to flat polish edge, remove substrate, make sure overhang is 1/16"" off drawers (they are 3/4"" thick)","14651","7","20563","8","retempltaed","-1","12/18/2025 12:48:45 PM","81.4","7","6","","1"
"12/30/2025 10:03:31 AM","","Vitek McIver Homes","FLAT","5","TAJ MAHAL","QZ","COFFEE BAR","2517 HARTFORD RD","Remove mitered edge, change to flat polish edge, remove substrate, make sure overhang is 1/16"" off drawers (they are 3/4"" thick)","14778","1","20563","1","retempltaed","-1","12/18/2025 12:48:57 PM","9.4","7","6","","1"
"12/22/2025 10:36:25 AM","","Camelot Custom Homes","3 CM WIDE BULLNOSE OVER 3 CM FLAT POLISH CUSTOM","5","BIANCO SUPERIORE","QZ","KITCHEN ISLAND","2507 Exposition","need to be combined with the island layout and also need to include the preliminary measurements from the splashes ands shelves the will be for Fab Forms 14738 and 14739.","14806","1","20733","6","","-1","12/18/2025 4:18:05 PM","51.7","5","15","","2"
"1/5/2026 3:36:03 PM","","Vitek McIver Homes","FLAT","5","TAJ MAHAL","QZ","KITCHEN PERIMETER, KITCHEN ISLAND, COFFEE BAR","2517 HARTFORD RD","Change overhang at island to what it was on previous drawing (18 11/16""). Please also show centerline of pop up outlets from end of island (also on previous drawing).","14651","7","20563","11","","-1","1/5/2026 7:52:09 AM","131.1","7","6","","1"
"1/5/2026 11:14:01 AM","","Taylor, Karen","WIDE BULLNOSE","5","RAINIER GOLD","STRATUS QUARTZ","GUEST BA @ GARAGE,HALL BA, PRIMARY BA","Taylor-150 Should Bee (2025)","MATERIAL CHANGE BY CUSTOMER - ADJUST OH AS NEEDED- NO LONGER REWORKING OLD MATERIAL TO FIT NEW CABS","14842","8","20610","8","wrong fabid sent to revision, oops!","-1","1/5/2026 8:29:59 AM","24.4","6","6","","2"
"1/6/2026 10:13:38 AM","","Aune, Chris","FLAT POLISH","5","PARAMOUNT","QZ","BAR","Aune-4503 Highland Terrace","Add cutout per uploaded doc","14809","7","20788","1","","-1","1/5/2026 12:14:41 PM","9.91","7","6","/cutout.jpg","1"
"1/6/2026 9:30:24 AM","","Taylor, Karen","WIDE BULLNOSE","5","STOCK TAJ MAHAL","QUARTZITE","KITCHEN","Taylor-150 Should Bee (2025)","MATERIAL CHANGE BY CUSTOMER - ADJUST OH AS NEEDED- NO LONGER REWORKING OLD MATERIAL TO FIT NEW CABS""","14843","8","20610","4","","-1","1/5/2026 1:47:07 PM","42.7","6","6","","1"
"1/6/2026 4:07:26 PM","","","","","","","","","add shelf to ""coffee bar"" that matches depth of other kitchen shelf pcs (ie 3-1/2"" recessed 1/2"" into drywall) and edit sales note","14861","1","20477","14","","-1","1/5/2026 4:29:14 PM","117.4","","6","/20477.jpg","1"
"1/8/2026 11:25:09 AM","","Vitek McIver Homes","OGEE","5","CREMO DELICATO HONED","MS","BUFFET TOP","2517 Hartford Road","Change edge to small ogee","14787","1","20563","1","","-1","1/6/2026 8:02:15 AM","11.7","7","6","","1"
"1/9/2026 9:37:15 AM","","RedOven Builds","FLAT POLISH","5","ACQUA GUCCI","QZ","KITCHEN ISLAND","6107 Cape Coral Drive","See attachment for outlet locations","14790","1","20274","4","","-1","1/6/2026 8:14:20 AM","70.2","7","6","/outlet locations.pdf","1"
"1/7/2026 2:35:58 PM","","Vitek McIver Homes","FLAT","5","TAJ MAHAL","QZ","KITCHEN PERIMETER, KITCHEN ISLAND, COFFEE BAR","2517 HARTFORD RD","See attachment for markups from builder","14651","7","20563","11","","-1","1/6/2026 9:23:32 AM","131.1","7","6","/kitchen markups.pdf","1"
"1/8/2026 2:13:12 PM","","J9 Homes","","","","","BUTLER","405 Canyon Rim","please change material to SOAPSTONE BLACK ALPS HONED - sku is 331956","14401","1","20671","2","Can you please provide two slabsmith options with the seam centered on the sink and with the seam like the second photo below? (so there’s only one seam total/deleting the seam splitting the L shape)","-1","1/6/2026 10:16:56 AM","24","","6","","1"
"2/13/2026 3:41:19 PM","","Texas Construction Company","FLAT POLISH","5","OPAL WHITE","MS","MASTER BATH VANITY","510 E. 39th Street","Remove all notes from this drawing. The shelf and curb were removed from the drawing, so the first 2 notes no longer apply. And the sink is on the good sink list, so we don't need them at AG.","14971","8","20845","2","","-1","2/13/2026 11:35:02 AM","20.2","7","6","","3"
"2/16/2026 3:24:13 PM","","Shoberg Homes","2","4","CALACATTA MONET HONED","MS","POWDER 2","302 Inwood","Detail on drawing is showing 3cm material. It is 2cm.","14119","1","20333","","","-1","2/16/2026 12:32:31 PM","9.5","5","15","","3"
"2/17/2026 11:18:30 AM","","Camelot Custom Homes","FLAT","5","ROYAL BLUE","QZ","WET BAR","2507 EXPOSITION","see file. call out sink","14742","1","20733","1","Sink set back dimension missing. They want 4"".  Also they requested the center of the faucet hole to be 2 6/8"" from the countertop at the sink overhang.  See file.  Ignore note about paneling.","-1","2/17/2026 9:51:31 AM","17.6","5","15","","3"
"2/17/2026 10:31:56 AM","","Tsai, Jessica","FLAT","5","AURORA","OPAL QUARTZ","DESK","Tsai - 4800 Pecan Chase","See file for grommet location changes.","14547","1","20708","1","","-1","2/17/2026 10:02:05 AM","17.6","5","15","/Grommet hole placement changes.pdf","1"
"2/18/2026 3:42:07 PM","","Rendeiro, Leslie","FLAT","5","TAJ MAHAL LEATHERED","QZ","TUB WITH FHBSP, SHOWER BENCH","Rendeiro- 289 Eagle Landing Drive","Please remove the windowsill from the block (Cristallo will be used for the windowsill). Remove the note that mentions the windowsill. Please use the accepted Slabsmith for the block.","14943","1","20810","4","","-1","2/18/2026 2:36:59 PM","50.1","15","15","","3"
"2/18/2026 3:42:14 PM","","Rendeiro, Leslie","FLAT","5","CRISTALLO","QZ","VANITIES WITH WATERFALL PANEL, AND WINDOWSILL","Rendeiro- 289 Eagle Landing Drive","Please add the windowsill to the block. Add the note that mentions the windowsill. Please use the accepted Slabsmith for the block.","14944","1","20810","","","-1","2/18/2026 2:39:18 PM","35","15","15","","3"
"2/20/2026 10:44:53 AM","","California Closets-TX Hill Country","FLAT POLISH","5","MIAMI VENA","SS","COUNTERTOP","9734 Creekside Bluff","Remove scribing - customer has panels going on the wall that will cover gaps","15017","8","20842","3","","-1","2/20/2026 6:54:26 AM","13.9","7","15","","3"
"2/20/2026 11:47:12 AM","","","","","","","","","Sink was delivered and it was a different model","14304","1","20633","8","","-1","2/20/2026 8:34:52 AM","42.5","","15","","1"
"2/20/2026 10:09:31 AM","","Edwards Remodel Contracting","FLAT HONED","5","BLANC CEMENTO MATTE","STRATUS QUARTZ","FAB ONLY PIECES","fab only pieces - Stratus Blanc Cemento","Remove scribes","15028","2","20866","3","accident rev","-1","2/20/2026 9:01:16 AM","1","7","6","","2"
"2/25/2026 8:51:04 AM","","ALPHA GRANITE SHOWROOM","FLAT POLISH","5","TAJ MAHAL","QZ","TAJ MAHAL WALL SAMPLE","2026 SHOWROOM ITEMS","Please rotate the piece on the layout so it is vertical","15042","2","20855","","","-1","2/24/2026 7:33:01 AM","1","7","6","","2"
"2/25/2026 8:51:14 AM","","ALPHA GRANITE SHOWROOM","FLAT POLISH","5","extreme white","GS","EXTREME WHITE (AKA PITAYA WHITE) WALL SAMPLE","2026 SHOWROOM ITEMS","Please rotate piece 1 on the layout so it is vertical. Leave piece 2 the way it is, thanks","15043","2","20855","","","-1","2/24/2026 7:33:36 AM","1","7","6","","2"
"2/24/2026 9:00:45 AM","","Waller Building Company, LLC","FLAT","5","MIAMI WHITE","SS","CUSTOMER REDO - 1 WINDOWSILL FAB ONLY","8953 Appaloosa Run","please correct dimensions to what was on the uploaded file from 2/19","15030","4","20477","1","","-1","2/24/2026 8:48:52 AM","0.8","9","6","/Screenshot 2026-02-16 at 2.09.33 PM 2.png","3"
"2/24/2026 4:47:23 PM","","Shoberg Homes","FLAT HONED","5","RHINO WHITE HONED","MS","LAUNDRY","302 INWOOD","Redo slabsmith layout. Use new slab ID 335415","14125","1","20333","1","","-1","2/24/2026 2:03:11 PM","13","5","6","","2"
"2/24/2026 4:55:57 PM","","Miars Construction","FLAT","5","LINEN CREAM","SS","LAUNDRY","1605 Cliffside Drive","change material to 3cm QZ Saratoga Leathered","14988","7","20664","2","Please generate layout using Slab 333046","-1","2/24/2026 2:32:43 PM","22.9","5","6","","1"
"2/25/2026 9:05:07 AM","","Texas Construction Company","FLAT HONED","3","BASALT LEATHERED","STRATUS PORCELAIN","GYM BATH SHOWER CURB AND FOOT REST","907 Terrace Mountain Drive","Remove foot rest from drawing (removed from scope).","14266","1","20562","1","","-1","2/25/2026 8:38:29 AM","2.4","7","6","","1"
"2/25/2026 9:56:22 AM","","","","","","","","","please revise layout using slab id","15031","1","20821","","","-1","2/25/2026 9:40:05 AM","4","","15","","2"
"2/26/2026 1:09:45 PM","","R Builders","CUSTOM","5","SILVER TRAVERTINE HONED","TRAVERTINE","GUEST BATH 2 (BENCH TOP- VANITY)","9121 Camelback Dr","please adjust faucet to proper number of cutouts. see attached. please confirm that faucet will clear with backsplash","12061","7","19968","9","revision not needed","-1","2/26/2026 9:29:11 AM","29","9","6","/gb 2 faucet.jpg","2"
"4/13/2026 11:42:25 AM","","Venco Construction","FLAT","5","TAJ MAHAL","QZ","KITCHEN ISLAND, PERIMETER, BUTLERS PANTRY","2201 Kenbridge Drive","remove island embedded support there will be support by builder","15201","1","20896","10","","-1","4/10/2026 1:53:43 PM","85.8","5","15","","1"
"4/13/2026 11:59:29 AM","","Camardo, Thomas","HALF BULLNOSE","5","MYORA GOLD","PQ","KITCHEN","Camardo-10707 Callanish Park Drive","Move soap disp 8"" to L of faucetCan the cooktop be cut in the shop?Dimension the cooktop setback and distance from end of peninsulaRemove scribe except for the 13"" where there is no tile","15156","1","20911","3","","-1","4/13/2026 11:13:44 AM","56.8","7","15","","1"
"4/13/2026 12:34:15 PM","","","","","","","","","Please revise with new faucet model","15091","1","20585","1","","-1","4/13/2026 11:31:09 AM","6.7","","15","","1"
"4/16/2026 10:23:57 AM","","Camardo, Thomas","HALF BULLNOSE","5","MYORA GOLD","PQ","KITCHEN","Camardo-10707 Callanish Park Drive","There is still a scribe that didn't get removed. Can you also please let me know if we can cut the cooktop cutout in the shop? Please also add a 20""x20"" piece to the drawing (will be a tabletop).","15156","1","20911","3","not needed","-1","4/14/2026 9:17:53 AM","56.8","7","6","","1"
"4/20/2026 12:23:49 PM","","Lavaca Building Company","MITER","5","BIANCO SUPERIORE LEATHERED","QZ","SHOWER WALLS, SHELVES","8417 Parismina Lane","New temp file uploaded 4/14","14880","1","20814","","Also see email from Chris with more information","-1","4/14/2026 1:21:35 PM","81.1","5","15","","4"
"4/17/2026 8:56:56 AM","","Beckworth Design Build","FLAT HONED","4","CALACATTA MONET HONED","MS","BATH 2 BASEBOARDS","6 Sundown Parkway","Please incorporate 335682 into the layout. It is already cut, so should be used up before a full slab.","14821","1","20633","","4/15 KH please also add a note to the drawing about what the joint width is","-1","4/14/2026 3:50:40 PM","32","7","15","","2"
"4/16/2026 2:55:57 PM","","Jauregui Architect Builders","FLAT HONED","5","LAVEZZI","QZ","GREAT ROOM FIREPLACE","266 Club Ranch Ct - Lavezzi - Great Room Fireplace","Change joint locations so everything fits on the slabs","15145","1","19951","","","-1","4/15/2026 8:59:22 AM","263.7","7","15","","2"
"3/15/2025 3:56:07 PM","","ALPHA GRANITE SHOWROOM","FLAT POLISH","4","COSMOPOLITAN","QZ","COSMOPOLITAN ITEMS","2025 SHOWROOM ITEMS","Please add the cutouts on the board (1-6 of 10 - I'll upload an example)","13448","2","20337","10","","-1","2/4/2025 10:46:38 AM","16.2","7","6","/19770 - AMAZONITE CRISTALLO ITEMS-LAYOUT.pdf","5"
"3/15/2025 3:56:07 PM","","ALPHA GRANITE SHOWROOM","FLAT HONED","4","CREMA NUVOLATO HONED","MS","CREMA NUVOLATO HONED ITEMS","2025 SHOWROOM ITEMS","Please add a note for the shop to glue the hardware to the bottom of the lazy susans (3-6 of 6)","13449","2","20337","6","","-1","2/4/2025 10:47:24 AM","10.2","7","6","","5"
"3/15/2025 3:56:07 PM","","ALPHA GRANITE SHOWROOM","FLAT POLISH","4","OSLO","QZ","OSLO ITEMS","2025 SHOWROOM ITEMS","Please add a note for the shop to glue the hardware to the bottom of the lazy susans (1-2 of 2)","13450","2","20337","2","","-1","2/4/2025 10:47:58 AM","3.6","7","6","","5"
"3/15/2025 3:56:07 PM","","ALPHA GRANITE SHOWROOM","FLAT HONED","4","SANZIO HONED","QZ","SANZIO HONED ITEMS","2025 SHOWROOM ITEMS","Please add the cutouts on the board (1-3 of 7 - I'll upload an example)","13451","2","20337","7","","-1","2/4/2025 10:48:40 AM","11.1","7","6","/19770 - AMAZONITE CRISTALLO ITEMS-SCT APPROVED_3.pdf","5"
"3/15/2025 3:56:07 PM","","ALPHA GRANITE SHOWROOM","FLAT POLISH","6","WHITE MACAUBUS","QZ","WHITE MACAUBUS ITEMS","2025 Showroom Items","Please add a note for the shop to glue the hardware to the bottom of the lazy susans (1-4 of 10)","13452","2","20337","10","","-1","2/4/2025 10:49:12 AM","16.2","7","6","","5"
"3/15/2025 3:56:07 PM","","ALPHA GRANITE SHOWROOM","FLAT HONED","4","PAONAZZO HONED","MS","PAONAZZO HONED ITEMS","2025 SHOWROOM ITEMS","Please add the cutouts on the board (1-3 of 3 - I'll upload an example)","13453","2","20337","3","","-1","2/4/2025 10:49:53 AM","5.1","7","6","/19770 - AMAZONITE CRISTALLO ITEMS-SCT APPROVED_4.pdf","5"
"3/15/2025 3:56:07 PM","","VICK HOMES","FLAT POLISH","5","CRYSTAL ACQUA","QZ","PRIMARY BATH VANITY/MIRROR FRAME, TUB BACKSPLASH","3102 Fleece Flower Cv","See email - not enough characters here","12911","1","20198","9","","-1","2/4/2025 1:50:24 PM","51.2","7","6","","3"
"3/15/2025 3:56:07 PM","","Saavedra Design Studio","SMALL OGEE STACKED OVER FLAT EDGE","4","CALACATTA VAGLI","MS","TUB DECK","210 Lavaca St. Unit 3302","Please try to rework the slabsmith to have a better vein match while preserving the material as it is a ""program"" color.","13364","1","20348","5","","-1","2/4/2025 2:45:59 PM","10.2","9","6","/TUB 2025.jpg","5"
"3/15/2025 3:56:07 PM","","Waller Building Company, LLC","FLAT","4","CALACATTA VAGLI TO BE HONED","MS","KITCHEN PERI COUNTER SPLASH,KITCHEN ISLAND,POOL BATH VANITY SHOWER SHELF MOCK UP","4605 STRASS DR","please connect pink pieces and place directly over backsplash","13376","2","20197","","","-1","2/4/2025 4:30:46 PM","100","9","6","/please move pink pieces.jpg","1"
"3/15/2025 3:56:07 PM","","Gray Construction Company","FLAT","5","TAJ MAHAL","QUARTZITE","KITCHEN,MA BA, BA 2","706 OAK VALLEY","MISSED THE AIR SWITCH HOLE CUTOUT- PLEASE REVISE AND REMOVE ALL THE EXTRA HIGHLIGHTS-","13443","1","20366","12","","-1","2/5/2025 4:10:17 PM","73.2","6","15","","3"
"3/15/2025 3:56:07 PM","","Waller Building Company, LLC","FLAT","4","CALACATTA VAGLI TO BE HONED","MS","KITCHEN PERI COUNTER SPLASH,KITCHEN ISLAND,POOL BATH VANITY SHOWER SHELF MOCK UP","4605 STRASS DR","architect did not provide most recent exhibit. please update measurement on pool bath vanity, bath 2 vanity, and add a top to the left of the pool bath vanity on 331935 at 60"" L x 30-36"" W","13376","2","20197","","","-1","2/5/2025 4:18:10 PM","100","9","6","/strass stuart exhibit.jpg","1"
"3/15/2025 3:56:07 PM","","Pipes, David","FLAT","5","RAINIER GOLD","STRATUS","KITCHENETTE","Pipes-415 Upper Cibolo Creek Rd","REMOVE UNNECCESARY NOTES REGARDING ISLAND. NO LAYOUT ATTACHED WITH BLOCK","13444","1","20367","4","","-1","2/5/2025 4:29:42 PM","34.7","6","15","","3"
"3/15/2025 3:56:07 PM","","Gray Construction Company","FLAT","5","TAJ MAHAL","QUARTZITE","KITCHEN,MA BA, BA 2","706 OAK VALLEY","air switch location does not show how many inches from faucet center on block drawing- needs slabsmith","13443","1","20366","12","","-1","2/6/2025 9:57:09 AM","73.2","6","","",""
"3/15/2025 3:56:07 PM","","Muncie Construction","FLAT","5","LUCE ORO","PENTAL QUARTZ","MA BA SHELF AT TUB","1 Calle Del Sol","layout missing stone info","13320","7","20321","3","","-1","2/6/2025 10:40:09 AM","3.5","6","15","","3"
"3/15/2025 3:56:07 PM","","Pipes, David","FLAT","5","RAINIER GOLD","STRATUS","ISLAND","Pipes-415 Upper Cibolo Creek Rd","waiting for revised layout as requested by martha","13454","2","20367","1","","-1","2/6/2025 11:09:25 AM","18.4","6","15","",""
"3/15/2025 3:56:07 PM","","Pipes, David","FLAT","5","RAINIER GOLD","STRATUS","KITCHENETTE","Pipes-415 Upper Cibolo Creek Rd","remove island from layout","13444","1","20367","4","","-1","2/6/2025 11:28:37 AM","34.7","6","6","","3"
"5/12/2026 3:48:07 PM","","Beckworth Design Build","2 1/2","4","CALACATTA VAGLI ORO HONED","MS","PRIMARY VANITIES, PANTRY","6 Sundown Parkway","Revise outlet location per Gabe's 5/8 template","14546","1","20633","","🔥🔥🔥","-1","5/8/2026 9:51:33 AM","106","7","6","","1"
"5/11/2026 11:39:44 AM","","Vinson Radke Homes","FLAT","4","CALACATTA VAGLI","MS","SHOWER SURROUND, SEAT, AND CURB","1008 Hillside Avenue","Remove all pieces from drawing except shower seat (6 of 6). Everything else is removed from scope. I have updated the slabsmith already. Can you please look and make sure the seat is facing the right way (front edge should be toward bottom of slab).","15350","1","20907","8","MARKOS - USE THESE REVISION NOTES:Remove all pieces from drawing except shower seat (6 of 6) and piece under shower curb (5 of 6). Everything else is removed from scope.","-1","5/8/2026 10:51:30 AM","9.7","7","12","","2"
"5/12/2026 3:59:55 PM","","Meridian Custom Homes","FLAT HONED","5","SARATOGA HONED","QZ","KITCHEN PERIM, ISLAND, PANTRY, POWDER","6001 Cary Drive","Wants internal radius to be as close to 1/8"" as possible","14931","1","20837","10","🔥🔥🔥","-1","5/8/2026 11:47:33 AM","147.2","5","6","","1"
"5/11/2026 10:53:35 AM","","Meridian Custom Homes","FLAT","5","CATERA","PENTAL QUARTZ","PRIMARY VANITY, LEDGE, TUB DECK","6001 Cary Drive","remove side splash and make pc 8 69 13/16"" long","14932","1","20837","7","MARKOS","-1","5/8/2026 11:51:20 AM","59.3","5","12","","1"
"6/5/2026 9:54:01 AM","","Texas Construction Company","MITERED","3","STRIATA","CAESARSTONE PORCELAIN","PRIMARY BATHROOM WALLS AND WAINSCOTING","907 Terrace Mountain Drive","Revise drawing to accommodate veins that run vertically instead of horizontally.","14276","1","20562","133","MORE CHANGES COMING FROM INSTALLER, MAYBE FRIDAY MAYBE NEXT TUESDAY DEPENDING ON HIS SCHEDULE","-1","5/11/2026 8:44:46 AM","432.3","7","6","","1"
"5/12/2026 4:46:52 PM","","David Wilkes Builders","FLAT POLISH","4","NOUGAT","CS","BATHROOM, ENTRY/LAUNDRY","2301 Bridle Path (2025)","Change center of cutouts at entry/laundry to 11"" from ends","15332","8","20727","2","","-1","5/12/2026 9:09:39 AM","23","7","6","","1"
"5/13/2026 11:12:43 AM","","Jauregui Architect Builders","FLAT HONED","5","LAVEZZI","QZ","GREAT ROOM FIREPLACE","266 Club Ranch Ct - Lavezzi - Great Room Fireplace","Revise - add strip at the top (just under 2"" - see template file)","15145","1","19951","","","-1","5/12/2026 11:32:05 AM","263.7","7","6","","1"
"5/14/2026 4:58:59 PM","","Beckworth Design Build","2 1/2","5","GRIGIO COLLEMANDINA HONED","MS","WET BAR","6 Sundown Parkway","Revise with new material, add to layout with kitchen areas and coffee bar","14305","1","20633","10","🔥🔥🔥","-1","5/13/2026 8:08:37 AM","87.8","7","6","","1"
"5/14/2026 9:06:25 AM","","Franklin Alan","MITERED","4","ONDE ROSSO HONED","MS","SMALL CONFERENCE, COFFEE","4902 Burnet Road - FVF Law Office","edge changed to 2cm flat and please make sure to make any necessary adjustments to the full height splash","14351","1","20652","4","","-1","5/13/2026 8:51:12 AM","78.8","5","12","","1"
"5/13/2026 3:08:23 PM","","Beckworth Design Build","SMALL OGEE HONED","4","CALACATTA MONET HONED","MS","BATH 2 VANITY","6 Sundown Parkway","Add a detail/section of the edge profile (noting how much the small ogee on the countertop overhangs the front apron)","14297","7","20633","23","","-1","5/13/2026 1:37:47 PM","40","7","6","","3"
"5/14/2026 7:02:05 AM","","Lindsay Grant","FLAT","5","WHITE EYE","QZ","BATHROOM VANITY","Grant-2101 Antone Street","please add 4"" backsplash and side splash as noted in MW and fab form. please both sales notes (client confirmed the cabinet is NOT changing, and they are now doing a backsplash)","15360","1","20950","3","MARKOS : COMPLETE","-1","5/13/2026 1:53:24 PM","8.9","9","12","","3"
"5/13/2026 4:25:34 PM","","Tatanka Group","FLAT","5","BLACK PEARL, LEATHERED FINISH","GS","WET BAR,LAUNDRY,MASTER,POWDER, SCULLERY","6610 FM 1120","thank you! please add scullery-forgot on fab form- and powder bath faucet needs corrected :-)","15362","1","20982","25","","-1","5/13/2026 3:05:52 PM","113","6","6","","2"
"5/14/2026 7:08:23 AM","","Brown Contracting LLC","FLAT","4","MIAMI WHITE","SS","MASTER AND GUEST BATH","1012 Guadalupe Condo G2 , Unit 1D","please correct faucet holes for both bathrooms","15364","8","20980","6","","-1","5/13/2026 3:32:01 PM","16.6","6","12","","3"
"5/19/2026 10:36:00 AM","","Stewart and Company","SMALL OGEE POLISHED","5","SILVER STALLION","DELLA TERRA QUARTZ","LAUNDRY","2700 Island Ledge Cv","Revise per attachment","15116","1","20585","","WEDNESDAY","-1","5/14/2026 7:15:31 AM","29","7","15","/20585 - LAUNDRY-BLOCK - REDLINES.pdf","1"
"5/19/2026 10:07:05 AM","","Stewart and Company","","","","","BUTLER","2700 Island Ledge Cv","Revise per attachment","15094","1","20585","3","WEDNESDAY","-1","5/14/2026 7:15:49 AM","30.7","","15","/20585 - BUTLERS PANTRY-BLOCK - REDLINES.pdf","1"
"7/10/2026 11:12:16 AM","","Gupta, Ashish","FLAT HONED","5","RUGGED CONCRETE","CS","LOWER HOUSE KITCHEN, UPPER HOUSE KITCHEN, UPPER HOUSE LIVING BAR","503 E. Annie Street","Note all overhangs at the Lower House Kitchen peninsula, and move the disposal button in the Upper House Kitchen to 11"" from the faucet instead of 6""","15166","1","20764","","PLEASE ALSO REMOVE ALL SCRIBES, AND DISPOSAL BUTTON SHOULD STAY AT 6"" INSTEAD OF MOVED AS ORIGINALLY REQUESTED","-1","7/9/2026 3:13:59 PM","94.51","7","6","","1"
"7/10/2026 11:12:09 AM","","Gupta, Ashish","FLAT HONED","5","CLOUDBURST CONCRETE","CS","LOWER HOUSE BATHS 104/202/204, UPPER HOUSE BATHS 112/212/214","503 E. Annie Street","Remove all scribes","15165","1","20764","3","NOTE TO DRILL ALL FAUCET HOLES ON SITE","-1","7/9/2026 3:15:33 PM","51.2","7","6","","1"
"7/13/2026 10:10:04 AM","","DiSimone, Tony","MITER","3","NAVONA","PORCELANOSA PORCELAIN","GYM BEV BAR/CENTER","DiSimone -24422 W Hwy 71","add seam to fit on slab and complete slabsmith layout","15557","1","20784","3","","-1","7/10/2026 4:43:35 PM","37.9","5","6","","3"
"7/13/2026 12:50:22 PM","","DiSimone, Tony","MITER","3","NAVONA","PORCELANOSA PORCELAIN","GYM BEV BAR/CENTER","DiSimone -24422 W Hwy 71","I realized the backsplashes are missing from the drawing.","15557","1","20784","3","rev not needed","-1","7/13/2026 11:04:36 AM","37.9","5","6","","2"
"7/16/2026 11:36:58 AM","","Muskin Company, The","FLAT HONED","5","CALACATTA DANBY HONED","MS","KITCHEN ISLAND, PERIMETER WITH PANTRY","6604 Mesa Drive","air switch hole 8 inches to right of main sink and 6 inches to right at island sink","15564","1","21006","18","7/14: off hold!! 🤚 - HOLD CHECKING IF SCRIBE IS OKAY FOR MUD COUNTER","-1","7/13/2026 12:19:42 PM","176.1","5","6","","1"
"7/16/2026 11:36:52 AM","","Muskin Company, The","FLAT HONED","4","FRESH CONCRETE","CS","LAUNDRY SPLASH, MUD SPLASH, GUEST BATH FLATS, PRIMARY FLATS","6604 Mesa Drive","Remove Mud splash pieces 12 13","15563","1","21006","14","7/14 off hold! also remove pc 14 🤚 - HOLD CHECKING IF SCRIBE IS OKAY FOR MUD COUNTER","-1","7/13/2026 1:29:30 PM","21.5","5","6","","1"
"7/17/2026 10:02:38 AM","","Gupta, Ashish","FLAT HONED","5","RUGGED CONCRETE","CS","LOWER HOUSE KITCHEN, UPPER HOUSE KITCHEN, UPPER HOUSE LIVING BAR","503 E. Annie Street","Remove scribing (customer is installing tile after countertops)","15166","1","20764","","","-1","7/14/2026 9:19:09 AM","94.51","7","6","","1"
"7/17/2026 10:02:30 AM","","Gupta, Ashish","FLAT HONED","5","CLOUDBURST CONCRETE","CS","LOWER HOUSE BATHS 104/202/204, UPPER HOUSE BATHS 112/212/214","503 E. Annie Street","Remove all scribing (customer is OK with gaps)","15165","1","20764","3","","-1","7/14/2026 9:19:52 AM","51.2","7","6","","1"
"7/16/2026 11:09:58 AM","","Townline Development","N/A","6","STEEL","STEEL","METAL WORK FOR KITCHEN BACKSPLASH SHELF","3813 Avenue H","please see email forwarded on 7/15 at 11:06am","14459","2","20305","2","","-1","7/15/2026 11:06:16 AM","1","9","6","/steel bracket Piece #1 and #2 hole locationsdimensions.pdf","1"
"7/17/2026 11:37:29 AM","","Muskin Company, The","FLAT HONED","4","FRESH CONCRETE","CS","LAUNDRY SPLASH, MUD SPLASH, GUEST BATH FLATS, PRIMARY FLATS","6604 Mesa Drive","Make Primary Splashes 5 inches tall","15563","1","21006","14","","-1","7/17/2026 8:49:37 AM","21.5","5","6","","1"
"7/17/2026 1:47:34 PM","","McCarty, Jenneka","FLAT POLISH","5","OCEAN FOAM","CS","ISLAND","McCarty-5912 Marilyn Drive","Make overhangs on short sides of island at 1 inch and change all exposed corner radius to 1 inch","15618","1","21047","4","","-1","7/17/2026 12:17:44 PM","23.7","5","6","","1"
"7/20/2026 8:12:45 AM","","RisherMartin","MITER","5","MONT BLANC HONED","QZ","CASITA PERIM","5010 Amarra Drive","3cm miter details of edges are incorrect at 3 inches","15522","1","20592","16","","-1","7/17/2026 4:55:42 PM","147.5","5","6","","3"
"7/22/2026 4:26:20 PM","","Pinnacle Modern","MITER","3","BASALT GREY","NEOLITH","GUEST 2 (CASITA), POWDER 2, FITNESS","1306 Rockcliff Road","Please add the channel for the light strip per fab form notes. (guest bath 2 casita)Benches: centered front to back. 3” from sides.Casita Bench (Guest bath 2): 53 15/16"" length (inside of glass is 56 1/2"")","15537","1","21027","","","-1","7/20/2026 8:51:00 AM","90.5","15","15","","1"
"7/22/2026 3:47:18 PM","","RisherMartin","MITER","5","REGAL SOAPSTONE HONED","STRATUS QUARTZ","POOL BATH BENCH","5010 Amarra Drive","change color name back to Regal Soapstone Matte but I already did the slabsmith layout","15635","1","20592","8","","-1","7/20/2026 12:07:20 PM","24.6","5","15","","2"
"7/22/2026 10:58:24 AM","","Townline Development","N/A","6","STEEL","STEEL","METAL WORK FOR KITCHEN BACKSPLASH SHELF","3813 Avenue H","please see email with two attachments","14459","2","20305","2","","-1","7/21/2026 10:30:09 AM","1","9","6","","1"
"3/27/2025 11:40:31 AM","","David Wilkes Builders","FLAT POLISH","5","OPAL WHITE","MS","UTILITY","210 LAVACA ST 3502","Customer requested a retemplate - will need to be redrafted after retemplate","13560","1","20280","1","3/18 kp: RE-TEMPLATE SCHEDULED FOR 3/19","-1","3/13/2025 2:30:57 PM","7.3","7","6","","1"
"3/18/2025 9:17:22 AM","","Doug Fletcher","FLAT","5","Bianco Antico","GS","LAUNDRY, BATH 2 VANITY, BATH 3 VANITY, BATH 4 VANITY, PRIMARY BATH VANITIES (2)","Fletcher-1290 County Rd 285","please remove joints from Laundry and Primary Bath Vanity.","13399","1","20357","19","Laundry won't fint on slab without a joint","-1","3/14/2025 9:01:16 AM","91.8","9","15","","3"
"3/18/2025 9:26:46 AM","","Doug Fletcher","FLAT","5","DESERT BEACH","gs","KITCHEN PERIMETER, KITCHEN ISLAND, PANTRY, DINING ROOM","Fletcher-1290 County Rd 285","please remove joint @ pantry (pcs 7 and 8). customer only wants one joint in the whole house (@the dining room)","13400","1","20357","11","","-1","3/17/2025 2:17:33 PM","133.1","9","15","","3"
"3/18/2025 10:14:19 AM","","CG","FLAT POLISH","5","SHADOW GRAY","VIATERA","LAUNDRY","11106 Spicewood Parkway","Hey there,  The embedded steel support at piece 3 is missing on the drawing.  Thanks","13534","1","19987","3","","-1","3/17/2025 4:10:40 PM","29.9","5","6","","3"
"3/18/2025 9:38:07 AM","","Camelot Custom Homes","FLAT","5","CALACATTA ELEGANCE","STRATUS QUARTZ","BATH 1","101 WESTON LANE","Please change layout to cut pieces as they will line up together. This material has veins but if cut as they will be installed it will be fine.","13579","1","20296","4","","-1","3/17/2025 5:26:46 PM","11.2","5","15","","3"
"3/20/2025 10:11:07 AM","","Vick Homes","FLAT POLISH","5","CRYSTAL ACQUA","QZ","AG REDO: PRIMARY BATH MIRROR FRAME","3102 Fleece Flower Cv","Customer would like a groove around the perimeter of the frame, 1/2"" in from the outside edge.","13554","3","20198","3","","-1","3/18/2025 3:40:54 PM","2.7","7","6","","1"
"3/21/2025 8:37:29 AM","","Waller Building Company, LLC","FLAT","5","MIAMI WHITE","SS","BATH 106 (GUEST BATH) WINDOWSILL","1000 PAYNE AVENUE","please correct color in shop drawing.","13160","1","20299","1","please correct color to Miami White","-1","3/19/2025 9:46:41 AM","0.8","9","15","/1000 Payne Avenue - Bath 106 Windowsill.jpg","3"
"3/20/2025 9:59:54 AM","","RisherMartin","FLAT","5","WHITE LUX","QZ","KITCHEN PERIMETER, FHBSP","118 CENTRAL CLUB CIRCLE","Add Brizo water filtration faucet 6"" to the right of the center faucet on kitchen perimeter","13609","7","20414","10","","-1","3/19/2025 10:03:25 AM","151","5","6","","1"
"3/20/2025 10:16:50 AM","","CG","MITER","4","CALACATTA CASTANA","MSI Q QUARTZ","KITCHEN PERIMETER (with FHBSP), ISLAND, BATH 3","11106 Spicewood Parkway","Remove flush mount pop up outlet on island","13536","1","19987","16","","-1","3/19/2025 10:45:43 AM","204.6","5","6","","1"
"3/21/2025 4:30:03 PM","","Doug Fletcher","FLAT","5","Bianco Antico","GS","LAUNDRY, BATH 2 VANITY, BATH 3 VANITY, BATH 4 VANITY, PRIMARY BATH VANITIES (2)","Fletcher-1290 County Rd 285","please change height of primary bath backsplash to 4.25"" as per client's request (pieces 3, 4, 5, 6)","13399","1","20357","20","","-1","3/19/2025 10:47:43 AM","91.8","9","6","/Doug noting height of backsplash.jpg","1"
"3/21/2025 8:30:37 AM","","Classic Constructors","FLAT HONED","5","TAJ MAHAL LEATHERED","QZ","KITCHEN FHBS","5123 INDIGO SPIRES WAY","Customer wants 2 joints, one on either side of the range. Please also add all hole location/dimensions.","13589","1","19932","1","","-1","3/19/2025 11:02:59 AM","51.1","7","15","","1"
"3/21/2025 10:12:01 AM","","Crabtree Design Build","FLAT HONED","5","NEGRESSCO HONED","GS","GUEST ROOM BAR","5416 SPRING PRESERVE TRAIL","Please change sink to show Model 441063. I think its the same sink just in a different finish.","13551","1","20399","1","","-1","3/19/2025 2:16:23 PM","13.3","5","6","","3"
"3/20/2025 12:23:09 PM","","Crabtree Design Build","FLAT HONED","5","SARATOGA LEATHERED","QZ","KITCHEN PERIMETER","5416 SPRING PRESERVE TRAIL","Make changes per attached email from customer.","13552","1","20399","9","","-1","3/19/2025 2:34:42 PM","178.8","5","6","/Customer changes.pdf","1"
"3/21/2025 7:55:54 AM","","Hernandez, KATY","FLAT  POLISH","4"," AMAZONITE CRISTALLO","QZ","FAB ONLY NIGHSTAND TOPS","HERNANDEZ - NIGHTSTAND TOPS FAB ONLY","I requested slabsmith for this one, so I need a DXF. The remnant hasn’t been photoed yet.","13628","2","20434","2","","-1","3/20/2025 6:29:16 AM","5.8","7","6","","5"
"3/20/2025 9:12:23 AM","","Stehling, Vern","WIDE BULLNOSE","5","TAJ MAHAL","QUARTZITE","KITCHEN/MA BA/GUEST BA","109 ST ANDREWS LP","please verify sink model numbers for vanities- the block drawing does not match MW or the photos in google. still waiting on SS layout -this was measured 3/14/25","13606","1","20404","","","-1","3/20/2025 8:18:27 AM","","6","15","","3"
"5/9/2025 4:27:51 PM","","Waller Building Company, LLC","FLAT","4","FLAWLESS WHITE  TO BE HONED BY AG **","MS","BATH 1 VANITY W/ 8","4605 STRASS DR","please remove sales note B. / confirm   add note ""pencil should overhang same at the front as it returns to wall""","13520","1","20197","4","","-1","5/9/2025 11:12:50 AM","25.9","9","6","","1"
"5/15/2025 9:01:56 AM","","Texas Construction Company","FLAT HONED","5","Lavezzi Leathered","QZ","GUEST BATH","300 Las Lomas Drive","Please update color name on drawing to match fab form","13835","1","20425","1","✋ - HOLD - THE FORMS MATCH CURRENTLY, ASKING FOR CLARIFICATION","-1","5/12/2025 8:28:16 AM","12.6","7","6","","5"
"5/15/2025 9:08:55 AM","","Classic Constructors","4","4","CAVALLION HONED","TRAVERTINE","POWDER","5123 Indigo Spires Way - TENNIS LOUNGE","Please reference document uploaded to job on 5/2 to confirm all measurements are correct. Customer provided this after CM templated.","13779","1","20468","2","measurements confirmed - no revision needed","-1","5/12/2025 10:39:03 AM","9","7","6","","1"
"5/20/2025 4:52:42 PM","","Classic Constructors","FLAT HONED","5","WINTERBOURNE MATTE","CAMBRIA","FOYER, BATH 106 VANITY, BATH 106 NICHE SURROUND","5123 Indigo Spires Way - TENNIS LOUNGE","Please reference document uploaded to job on 5/2 to confirm all measurements are correct. Customer provided this after CM templated.","13780","1","20468","8","✋ - HOLD - CLARIFICATION FROM BUILDER REQUESTED","-1","5/12/2025 10:39:34 AM","27.5","7","6","","1"
"5/15/2025 9:07:50 AM","","Classic Constructors","8","5","WINTERBOURNE MATTE","CAMBRIA","BATH 106 SHOWER BENCH","5123 Indigo Spires Way - TENNIS LOUNGE","Please reference document uploaded to job on 5/2 to confirm all measurements are correct. Customer provided this after CM templated.","13727","1","20468","3","no documents pertaining to bench, revision not needed","-1","5/12/2025 10:39:56 AM","5.7","7","6","","5"
"5/15/2025 9:59:10 AM","","Texas Construction Co.","FLAT POLISH","5","WHITE ZEUS","SS","BATH 1, BATH 2","2205 Schulle Ave.","Change 20"" width of both integrated bath sinks to 17"" width. Adjust linear drains to match.","13488","1","20388","15","","-1","5/13/2025 8:47:54 AM","29.6","7","6","","1"
"5/14/2025 1:45:39 PM","","Shoberg Homes","FLAT","4","CALACATTA MANHATTAN HONED","MS","PRIMARY SHOWER WALLS","302 INWOOD","See email sent today 5/7 and 5/14. They want a slip match.","13735","1","20333","12","","-1","5/14/2025 12:13:48 PM","135.1","5","6","","1"
"5/19/2025 4:25:00 PM","","FIA Homes","MITERED","5","CRYSTALLO LUMIX EXTRA PREMIUM","QZ","KITCHEN ISLAND, FIREPLACE HEARTH","1904 RALEIGH AVE","Update with pop up outlet per instruction from Gabe","13674","1","20452","9","","-1","5/14/2025 1:46:21 PM","106.7","5","15","","3"
"5/19/2025 5:05:17 PM","","FIA Homes","FLAT HONED","6","IJEN BLUE LEATHERED","QZ","LEVEL 2 BAR","1904 RALEIGH AVE","Update with pop up outlet per instruction from Gabe","13675","1","20452","1","","-1","5/14/2025 1:46:43 PM","9.6","5","15","","3"
"5/28/2025 11:23:33 AM","","Marieke de Hoog","","","","","KITCHEN BACKSPLASH, BUTLER","Hoog-9529 Big View Drive","please note milling thickness for shop","13866","1","20489","2","","-1","5/27/2025 10:44:57 AM","31.8","","6","","3"
"5/27/2025 12:41:33 PM","","RedOven Property Solutions","FLAT HONED","5","BIANCO CARRERA HONED","MS","PRIMARY BATH VANITY, TUB DECK, SHOWER CURB, BENCH, NICHE","7808 West Rim","Piece 2 of 10 doesn't fit on the slab. Add a joint and update slabsmith layout.","13003","1","20235","9","","-1","5/27/2025 11:21:24 AM","63.4","7","6","","3"
"5/27/2025 3:36:22 PM","","Optima Pools","2  5/16 MITER","3","DOMOOS","DEKTON","OUTDOOR KITCHEN","119 Birdstone Lane","The sink cutout is not correct. The sink is currently in the shop, so please take accurate measurements before fabrication. Also, be sure to include a note to notch the grill on site, and add a note that the builder will provide support behind the grill.","13860","1","20515","3","added notes that were not in MW","-1","5/27/2025 11:26:34 AM","79.1","15","6","","2"
"6/2/2025 8:31:13 AM","","Martin G Rachford","","","","","RANDY","206 Stone Ridge Drive","Gabe is going to upload the niche this morning- so we will need a revision to add the niche to the block and layout- thanks!","13909","1","20500","","","-1","5/28/2025 8:46:45 AM","29","","12","","4"
"6/2/2025 7:47:33 AM","","Martin G Rachford","BEVEL","5","MARENGO","SS","KITCHEN OVERBAR/ISLAND/KITCHEN FHBS @ PERIMETER/DRY BAR","206 Stone Ridge Drive","H/O decline to pay upgrade fees for bevel edge. please revise drawing to reflect wide bullnose edge profile.","13908","1","20500","8","","-1","5/28/2025 10:54:45 AM","63.5","6","12","","1"
"6/11/2025 8:32:03 AM","","Wyeth Custom Homes","FLAT HONED","5","NEGRESSCO HONED","GS","DINING,  POOL BATH,  BATH 2","1100 REDBUD TRAIL","dining sink direction goes back to front, not side to side .","13814","1","20494","12","","-1","5/28/2025 12:02:40 PM","48","5","6","","3"
"6/3/2025 3:45:09 PM","","Rauser Construction","FLAT HONED","5","MILAN BLACK (honed or leathered?)","QZ","KITCHEN","3400 Barranca Circle","See email sent to CAD 5/28","12955","1","20245","19","Completed as best as I was able, see email.","-1","5/28/2025 2:03:07 PM","126","5","6","","1"
"6/19/2025 9:44:51 AM","","Shoberg Homes","MITERED","5","BELVEDERE LEATHERED","QZ","LIBRARY BATH,  LIBRARY BATH SHOWER CURB","1501 Rabb Rd","Per Joe move sink setback to 4 1/2"" instead of 5""","12057","1","19976","11","accidently sent wrong fabform to revision","-1","6/19/2025 9:38:21 AM","16.6","5","6","","2"
"6/24/2025 8:35:47 AM","","Shoberg Homes","FLAT HONED","5","BELGIAN BLUE HONED","LIMESTONE","POOL BATH, MUD ROOM, LIBRARY STORAGE, LIBRARY HEARTH, PLAYROOM","1501 Rabb Rd","See attached doc. Add note: All grommets to be drilled on site","12058","1","19976","13","","-1","6/19/2025 10:09:08 AM","82","5","6","/Changes to Pool , Mud, Play etc..pdf","1"
"6/20/2025 4:55:11 PM","","","","","","","","","please change layout and use one of the below:CS Sleek Concrete 2cm323887 119x55 b","13933","1","20363","2","","-1","6/19/2025 11:02:03 AM","27","","6","","2"
"6/20/2025 4:23:55 PM","","Stewart and Company","FLAT HONED","5","LA DOLCE VITA","MS","UPSTAIRS JACK AND JILL BATH VANITY, SHOWER NICHE/BENCH","500 Las Lomas","Need piece dimensions and square footage on drawing ASAP please","13395","1","20362","8","","-1","6/19/2025 2:30:51 PM","36.6","7","6","","3"
"6/23/2025 2:48:56 PM","","Amber Berli","FLAT","5","SUPER WHITE","Pental Quartz","UTILITY","Berli-21435 Lakefront Drive","please change layout to what was discussed with CM (RAND); client drew the attached","13974","1","20534","6","","-1","6/20/2025 8:36:36 AM","18.9","9","6","/proper sink and faucet orientation.jpg","1"
"6/23/2025 2:32:20 PM","","Shoberg Homes","CUSTOM EDGE","5","LAGUNA","QZ","LIBRARY FIREPLACE","302 Inwood","there will be future counters using this material.  Please add qty 2 40 1/2"" x 16 1/2"" countertops to the layout as they will be in a future phase","13938","1","20333","27","","-1","6/20/2025 10:46:05 AM","83.2","5","6","","2"
"6/23/2025 2:42:02 PM","","Wyeth Custom Homes","MITERED","4","ROSE","ONYX","POWDER","1100 Redbud Trail","add QTY 2 trays (finished on all sides) that are 6"" x 12"" to drawing and layout","13810","1","20494","5","","-1","6/20/2025 11:48:49 AM","18","5","6","","1"
"6/25/2025 4:36:09 PM","","David Wilkes Builders","SPECIALTY (SEE DENIS DRAWING)","4","CALACATTA GREEN (TO BE HONED BY ALPHA)","MS","POWDER","210 LAVACA ST 3502","Vanity does not go wall-to-wall. Total width will be 37 1/2"". Specialty edge will be needed on the sides. Also add scallops to backsplash (see attachment).","13847","1","20280","2","✋ - HOLD - REVISION REQUEST DOES NOT MATCH SITE CONDITIONS.","-1","6/20/2025 3:50:12 PM","16.7","7","6","/powder.png","1"
"6/25/2025 9:52:27 AM","","Studio Mud","FLAT HONED","4","RAW CONCRETE","CS","BATH 201 VANITY","2607 Canterbury St.","Please change dimensions according to the attached from the customer.","13917","1","20527","1","","-1","6/23/2025 10:59:55 AM","8.6","7","6","/vanity redline.jpg","1"
"8/28/2025 4:55:02 PM","","Caroline Pinkston","FLAT","4","ROJO ALICANTE","MS","DINING ROOM FHBSP","Pinkston-4006 Rosedale Avenue","please add 4"" shelf to be set on top of backsplash. length to be as long as possible and adjusted on site.","13884","1","20236","4","","-1","8/12/2025 10:46:28 AM","10.1","9","6","/4006 Rosedale.jpg","1"
"8/15/2025 3:53:15 PM","","Alkire Construction Co.","FLAT POLISH","5","ETERNAL MARQUINA","SS","POOL BATH","12000 Settlers Trail","Move Wall cap","14190","1","20577","4","","-1","8/12/2025 11:15:58 AM","15.9","5","15","","3"
"8/12/2025 2:47:52 PM","","CG","FLAT","5","REGAL ARABESCATO GOLD","STRATUS QUARTZ","LAUNDRY COUNTERS","10509 Nicolet Way","We need to draft the lid for the access cutout.","14173","1","20530","5","","-1","8/12/2025 1:06:46 PM","60","15","6","","3"
"8/13/2025 9:40:38 AM","","RisherMartin","BEVEL","5","ICE HONED BY AG","ONYX","BATH 1 VANITY","1504 West Lynn","Change edge to Flat","14203","7","20341","2","","-1","8/12/2025 4:51:53 PM","20.5","5","6","","1"
"8/13/2025 8:36:12 AM","","Wanenmacher, Sheryl","FLAT POLISH","5","TEBAS BLACK","SS","COUNTERTOP","Wanenmacher-12011 Selma Hughes Park Road","Revise per template file from 7/28","13996","1","20469","3","","-1","8/13/2025 7:33:33 AM","14.75","7","6","","1"
"8/18/2025 3:29:49 PM","","RisherMartin","FLAT HONED","5","TAJ MAHAL LEATHERED","QZ","HER CLOSET TOP","3312 BEE CAVE","SEE NEW TEMPLATE FILE ON 8/12 FROM GABE.","14165","1","20300","1","","-1","8/13/2025 4:26:53 PM","10.6","5","6","","1"
"8/15/2025 9:41:19 AM","","FSB Custom Homes, LLC","N/A","6","STEEL","STEEL","METAL WORK FOR KITCHEN SHELF","3703 MEADOWBANK DR","Please revise per Denis' sketch uploaded to the job","14210","2","20186","","","-1","8/14/2025 9:04:31 AM","1","7","6","","3"
"8/18/2025 4:30:39 PM","","FSB Custom Homes, LLC","2","6","HAMPTON WHITE HONED","MS","UTILITY 1, DINING STORAGE W/ FHBS, HER CLOSET, HIS CLOSET, PRIMARY MAKEUP VANITY","3703 MEADOWBANK DR","Please update per Gabe's template 8/13","13276","1","20186","14","","-1","8/14/2025 9:53:29 AM","140.4","7","6","","1"
"8/14/2025 1:33:03 PM","","Ignite Outdoor Kitchens","FLAT","4","OPERA","DEKTON","OUTDOOR KITCHEN","6502 Augusta National","see attachment with concerns from Luke","14228","1","20629","9","","-1","8/14/2025 10:13:16 AM","63.4","5","15","/Lukes email with concerns on drawing.pdf","1"
"8/14/2025 2:03:52 PM","","FIA Homes","FLAT HONED","5","BLACK PEARL LEATHERED","GS","OUTDOOR KITCHEN","1904 RALEIGH AVE","this was bid with a strip behind the grill","13672","1","20452","","","-1","8/14/2025 1:19:55 PM","20.62","5","15","","1"
"8/15/2025 11:15:22 AM","","FIA Homes","FLAT HONED","5","BLACK PEARL LEATHERED","GS","OUTDOOR KITCHEN","1904 RALEIGH AVE","Correct the s.f. on pcs","13672","1","20452","","","-1","8/14/2025 2:33:19 PM","20.62","5","15","","1"
"8/14/2025 4:43:53 PM","","Waller Building Company, LLC","FLAT","5","BRAZILIAN CARRARA","MS","BATH 2 SHOWER ACCESSORIES","1205 Wilderness","correction: all shelves to be 5"" not 6"", please","14258","7","20413","3","","-1","8/14/2025 4:09:34 PM","2.7","9","6","/bath 2 wilderness.jpg","4"
"8/14/2025 4:44:10 PM","","Waller Building Company, LLC","FLAT","4","CALACATTA VIOLA HONED","MS","BATH 4 SHOWER ACCESSORIES","1205 Wilderness","correction: niche shelves to be 5"" depth not 6""","14260","7","20413","3","","-1","8/14/2025 4:10:58 PM","2.7","9","6","/bath 4 wilderness.jpg","4"
"8/14/2025 4:44:00 PM","","Waller Building Company, LLC","FLAT","4","AURORA","BATH 3 SHOWER ACCESSORIES","BATH 3 SHOWER ACCESSORIES","1205 Wilderness","correction: niche shelves to be 5"" not 6"" please","14259","7","20413","3","","-1","8/14/2025 4:11:57 PM","2.7","9","6","/bath 3 wilderness.jpg","4"
"8/15/2025 3:53:29 PM","","RisherMartin","SMALL OGEE","5","LUMIERE WHITE (HONED BY ALPHA)","GS","KITCHEN PERIMETER w/FHBSP","1504 West Lynn","see file for layout change","14252","7","20341","","","-1","8/15/2025 9:13:31 AM","74.5","5","15","/Requested change to kitchen layout.png","3"
"8/18/2025 4:47:25 PM","","Ignite Outdoor Kitchens","FLAT","4","OPERA","DEKTON","OUTDOOR KITCHEN","6502 Augusta National","correct grill areas per discussion with Josh","14228","1","20629","9","","-1","8/15/2025 9:29:30 AM","63.4","5","6","","3"
"8/15/2025 10:42:43 AM","","Square One Construction","FLAT EDGE","5","WHITENDALE","CAMBRIA","VANITY BACKSPLASH","4204 Avenue F (2025)","The right-hand side edge of the backsplash should be polished, not the left.","14277","2","20568","1","","-1","8/15/2025 10:39:35 AM","0.7","15","6","","2"
"8/19/2025 12:06:44 PM","","CHIOCO Design","FLAT","4","WHITE CLIFF MATTE","CAMBRIA","SHOWER CURB","1807 South 5th Street","please correct shop drawing with correct finished edges (drawing in MW uploaded here for clarity)","14231","2","20634","1","no revision needed","-1","8/19/2025 10:38:19 AM","1.75","9","6","/christy 1.jpg","2"
